,paul15_clusters,paul15_label,celltype,scarf_labels
0,7MEP,MEP,MEP,-1
1,15Mo,Mo,Mo,4
2,3Ery,Ery,Ery,5
3,15Mo,Mo,Mo,1
4,3Ery,Ery,Ery,5
5,15Mo,Mo,Mo,1
6,4Ery,Ery,Ery,5
7,2Ery,Ery,Ery,-1
8,3Ery,Ery,Ery,7
9,2Ery,Ery,Ery,5
10,2Ery,Ery,Ery,8
11,17Neu,Neu,Neu,-1
12,14Mo,Mo,Mo,1
13,13Baso,Baso,Baso,2
14,3Ery,Ery,Ery,9
15,7MEP,MEP,MEP,-1
16,3Ery,Ery,Ery,5
17,3Ery,Ery,Ery,5
18,2Ery,Ery,Ery,8
19,8Mk,Mk,Mk,2
20,3Ery,Ery,Ery,7
21,9GMP,GMP,GMP,2
22,8Mk,Mk,Mk,2
23,10GMP,GMP,GMP,-1
24,15Mo,Mo,Mo,-1
25,16Neu,Neu,Neu,1
26,4Ery,Ery,Ery,3
27,13Baso,Baso,Baso,2
28,17Neu,Neu,Neu,-1
29,3Ery,Ery,Ery,5
30,2Ery,Ery,Ery,9
31,3Ery,Ery,Ery,5
32,5Ery,Ery,Ery,7
33,3Ery,Ery,Ery,7
34,13Baso,Baso,Baso,4
35,1Ery,Ery,Ery,8
36,3Ery,Ery,Ery,5
37,6Ery,Ery,Ery,7
38,15Mo,Mo,Mo,1
39,3Ery,Ery,Ery,3
40,3Ery,Ery,Ery,5
41,14Mo,Mo,Mo,6
42,19Lymph,Lymph,Lymph,-1
43,12Baso,Baso,Baso,-1
44,3Ery,Ery,Ery,5
45,14Mo,Mo,Mo,4
46,6Ery,Ery,Ery,5
47,4Ery,Ery,Ery,9
48,7MEP,MEP,MEP,-1
49,2Ery,Ery,Ery,9
50,13Baso,Baso,Baso,-1
51,14Mo,Mo,Mo,1
52,6Ery,Ery,Ery,7
53,18Eos,Eos,Eos,-1
54,4Ery,Ery,Ery,3
55,3Ery,Ery,Ery,3
56,3Ery,Ery,Ery,5
57,14Mo,Mo,Mo,4
58,2Ery,Ery,Ery,9
59,13Baso,Baso,Baso,2
60,2Ery,Ery,Ery,9
61,13Baso,Baso,Baso,6
62,13Baso,Baso,Baso,6
63,14Mo,Mo,Mo,6
64,7MEP,MEP,MEP,-1
65,7MEP,MEP,MEP,7
66,7MEP,MEP,MEP,-1
67,10GMP,GMP,GMP,-1
68,12Baso,Baso,Baso,2
69,6Ery,Ery,Ery,7
70,5Ery,Ery,Ery,7
71,5Ery,Ery,Ery,7
72,14Mo,Mo,Mo,1
73,4Ery,Ery,Ery,5
74,16Neu,Neu,Neu,1
75,16Neu,Neu,Neu,1
76,3Ery,Ery,Ery,5
77,2Ery,Ery,Ery,5
78,6Ery,Ery,Ery,3
79,13Baso,Baso,Baso,2
80,13Baso,Baso,Baso,2
81,10GMP,GMP,GMP,2
82,14Mo,Mo,Mo,1
83,5Ery,Ery,Ery,3
84,7MEP,MEP,MEP,-1
85,7MEP,MEP,MEP,-1
86,5Ery,Ery,Ery,3
87,6Ery,Ery,Ery,7
88,2Ery,Ery,Ery,9
89,10GMP,GMP,GMP,7
90,10GMP,GMP,GMP,2
91,2Ery,Ery,Ery,9
92,7MEP,MEP,MEP,-1
93,6Ery,Ery,Ery,7
94,7MEP,MEP,MEP,-1
95,14Mo,Mo,Mo,2
96,16Neu,Neu,Neu,4
97,10GMP,GMP,GMP,-1
98,3Ery,Ery,Ery,3
99,3Ery,Ery,Ery,5
100,13Baso,Baso,Baso,6
101,1Ery,Ery,Ery,5
102,14Mo,Mo,Mo,4
103,15Mo,Mo,Mo,4
104,2Ery,Ery,Ery,10
105,5Ery,Ery,Ery,-1
106,2Ery,Ery,Ery,8
107,5Ery,Ery,Ery,3
108,3Ery,Ery,Ery,5
109,14Mo,Mo,Mo,4
110,10GMP,GMP,GMP,2
111,2Ery,Ery,Ery,8
112,7MEP,MEP,MEP,-1
113,4Ery,Ery,Ery,5
114,9GMP,GMP,GMP,2
115,7MEP,MEP,MEP,-1
116,3Ery,Ery,Ery,3
117,16Neu,Neu,Neu,1
118,11DC,DC,DC,-1
119,10GMP,GMP,GMP,-1
120,6Ery,Ery,Ery,7
121,3Ery,Ery,Ery,7
122,2Ery,Ery,Ery,8
123,5Ery,Ery,Ery,3
124,2Ery,Ery,Ery,3
125,2Ery,Ery,Ery,3
126,5Ery,Ery,Ery,10
127,14Mo,Mo,Mo,4
128,5Ery,Ery,Ery,7
129,14Mo,Mo,Mo,4
130,3Ery,Ery,Ery,5
131,2Ery,Ery,Ery,8
132,16Neu,Neu,Neu,1
133,2Ery,Ery,Ery,9
134,13Baso,Baso,Baso,-1
135,16Neu,Neu,Neu,1
136,2Ery,Ery,Ery,8
137,3Ery,Ery,Ery,9
138,3Ery,Ery,Ery,5
139,14Mo,Mo,Mo,4
140,5Ery,Ery,Ery,3
141,16Neu,Neu,Neu,1
142,14Mo,Mo,Mo,4
143,14Mo,Mo,Mo,-1
144,13Baso,Baso,Baso,6
145,3Ery,Ery,Ery,9
146,14Mo,Mo,Mo,4
147,7MEP,MEP,MEP,-1
148,14Mo,Mo,Mo,2
149,10GMP,GMP,GMP,-1
150,2Ery,Ery,Ery,10
151,14Mo,Mo,Mo,4
152,15Mo,Mo,Mo,1
153,14Mo,Mo,Mo,4
154,16Neu,Neu,Neu,1
155,10GMP,GMP,GMP,-1
156,7MEP,MEP,MEP,-1
157,5Ery,Ery,Ery,7
158,16Neu,Neu,Neu,1
159,2Ery,Ery,Ery,10
160,16Neu,Neu,Neu,1
161,14Mo,Mo,Mo,1
162,10GMP,GMP,GMP,2
163,16Neu,Neu,Neu,1
164,8Mk,Mk,Mk,-1
165,7MEP,MEP,MEP,-1
166,14Mo,Mo,Mo,2
167,7MEP,MEP,MEP,-1
168,2Ery,Ery,Ery,8
169,14Mo,Mo,Mo,4
170,14Mo,Mo,Mo,-1
171,4Ery,Ery,Ery,5
172,5Ery,Ery,Ery,3
173,14Mo,Mo,Mo,2
174,14Mo,Mo,Mo,-1
175,10GMP,GMP,GMP,-1
176,6Ery,Ery,Ery,-1
177,5Ery,Ery,Ery,3
178,14Mo,Mo,Mo,4
179,3Ery,Ery,Ery,9
180,5Ery,Ery,Ery,3
181,15Mo,Mo,Mo,1
182,5Ery,Ery,Ery,3
183,14Mo,Mo,Mo,4
184,16Neu,Neu,Neu,4
185,8Mk,Mk,Mk,-1
186,3Ery,Ery,Ery,5
187,14Mo,Mo,Mo,2
188,12Baso,Baso,Baso,-1
189,14Mo,Mo,Mo,2
190,3Ery,Ery,Ery,5
191,5Ery,Ery,Ery,7
192,16Neu,Neu,Neu,-1
193,15Mo,Mo,Mo,2
194,13Baso,Baso,Baso,4
195,5Ery,Ery,Ery,3
196,3Ery,Ery,Ery,5
197,13Baso,Baso,Baso,6
198,12Baso,Baso,Baso,2
199,8Mk,Mk,Mk,-1
200,7MEP,MEP,MEP,-1
201,6Ery,Ery,Ery,7
202,2Ery,Ery,Ery,10
203,3Ery,Ery,Ery,5
204,3Ery,Ery,Ery,5
205,15Mo,Mo,Mo,4
206,3Ery,Ery,Ery,5
207,3Ery,Ery,Ery,5
208,3Ery,Ery,Ery,5
209,8Mk,Mk,Mk,-1
210,2Ery,Ery,Ery,8
211,2Ery,Ery,Ery,9
212,14Mo,Mo,Mo,1
213,3Ery,Ery,Ery,5
214,15Mo,Mo,Mo,2
215,14Mo,Mo,Mo,6
216,7MEP,MEP,MEP,-1
217,15Mo,Mo,Mo,1
218,3Ery,Ery,Ery,5
219,3Ery,Ery,Ery,3
220,13Baso,Baso,Baso,-1
221,15Mo,Mo,Mo,6
222,3Ery,Ery,Ery,5
223,15Mo,Mo,Mo,1
224,13Baso,Baso,Baso,6
225,3Ery,Ery,Ery,7
226,15Mo,Mo,Mo,1
227,15Mo,Mo,Mo,1
228,13Baso,Baso,Baso,6
229,19Lymph,Lymph,Lymph,-1
230,4Ery,Ery,Ery,5
231,3Ery,Ery,Ery,7
232,14Mo,Mo,Mo,4
233,4Ery,Ery,Ery,3
234,6Ery,Ery,Ery,-1
235,16Neu,Neu,Neu,1
236,14Mo,Mo,Mo,6
237,3Ery,Ery,Ery,5
238,17Neu,Neu,Neu,-1
239,15Mo,Mo,Mo,6
240,4Ery,Ery,Ery,3
241,3Ery,Ery,Ery,7
242,6Ery,Ery,Ery,-1
243,14Mo,Mo,Mo,2
244,3Ery,Ery,Ery,5
245,16Neu,Neu,Neu,1
246,14Mo,Mo,Mo,4
247,15Mo,Mo,Mo,1
248,7MEP,MEP,MEP,-1
249,13Baso,Baso,Baso,4
250,15Mo,Mo,Mo,1
251,14Mo,Mo,Mo,4
252,3Ery,Ery,Ery,5
253,2Ery,Ery,Ery,8
254,2Ery,Ery,Ery,9
255,14Mo,Mo,Mo,2
256,2Ery,Ery,Ery,9
257,13Baso,Baso,Baso,2
258,2Ery,Ery,Ery,9
259,3Ery,Ery,Ery,3
260,13Baso,Baso,Baso,2
261,12Baso,Baso,Baso,-1
262,2Ery,Ery,Ery,8
263,10GMP,GMP,GMP,-1
264,5Ery,Ery,Ery,3
265,13Baso,Baso,Baso,4
266,3Ery,Ery,Ery,5
267,9GMP,GMP,GMP,-1
268,15Mo,Mo,Mo,1
269,2Ery,Ery,Ery,9
270,10GMP,GMP,GMP,-1
271,5Ery,Ery,Ery,3
272,5Ery,Ery,Ery,3
273,2Ery,Ery,Ery,8
274,14Mo,Mo,Mo,4
275,13Baso,Baso,Baso,2
276,2Ery,Ery,Ery,8
277,14Mo,Mo,Mo,2
278,16Neu,Neu,Neu,1
279,12Baso,Baso,Baso,-1
280,14Mo,Mo,Mo,4
281,14Mo,Mo,Mo,4
282,3Ery,Ery,Ery,9
283,14Mo,Mo,Mo,4
284,13Baso,Baso,Baso,2
285,12Baso,Baso,Baso,-1
286,5Ery,Ery,Ery,3
287,10GMP,GMP,GMP,-1
288,14Mo,Mo,Mo,4
289,4Ery,Ery,Ery,3
290,15Mo,Mo,Mo,4
291,11DC,DC,DC,6
292,3Ery,Ery,Ery,5
293,4Ery,Ery,Ery,9
294,4Ery,Ery,Ery,3
295,4Ery,Ery,Ery,3
296,4Ery,Ery,Ery,9
297,5Ery,Ery,Ery,3
298,1Ery,Ery,Ery,8
299,16Neu,Neu,Neu,1
300,14Mo,Mo,Mo,4
301,2Ery,Ery,Ery,8
302,5Ery,Ery,Ery,7
303,15Mo,Mo,Mo,1
304,5Ery,Ery,Ery,3
305,2Ery,Ery,Ery,10
306,5Ery,Ery,Ery,3
307,1Ery,Ery,Ery,8
308,7MEP,MEP,MEP,-1
309,2Ery,Ery,Ery,8
310,14Mo,Mo,Mo,1
311,10GMP,GMP,GMP,-1
312,2Ery,Ery,Ery,3
313,14Mo,Mo,Mo,4
314,6Ery,Ery,Ery,-1
315,9GMP,GMP,GMP,2
316,3Ery,Ery,Ery,5
317,2Ery,Ery,Ery,3
318,3Ery,Ery,Ery,3
319,12Baso,Baso,Baso,-1
320,2Ery,Ery,Ery,8
321,18Eos,Eos,Eos,-1
322,5Ery,Ery,Ery,3
323,3Ery,Ery,Ery,3
324,15Mo,Mo,Mo,6
325,14Mo,Mo,Mo,-1
326,2Ery,Ery,Ery,8
327,6Ery,Ery,Ery,-1
328,14Mo,Mo,Mo,4
329,2Ery,Ery,Ery,8
330,5Ery,Ery,Ery,3
331,12Baso,Baso,Baso,-1
332,7MEP,MEP,MEP,-1
333,17Neu,Neu,Neu,-1
334,14Mo,Mo,Mo,4
335,2Ery,Ery,Ery,8
336,5Ery,Ery,Ery,3
337,2Ery,Ery,Ery,8
338,14Mo,Mo,Mo,4
339,13Baso,Baso,Baso,-1
340,15Mo,Mo,Mo,4
341,2Ery,Ery,Ery,9
342,13Baso,Baso,Baso,4
343,16Neu,Neu,Neu,1
344,5Ery,Ery,Ery,3
345,14Mo,Mo,Mo,4
346,16Neu,Neu,Neu,-1
347,14Mo,Mo,Mo,1
348,16Neu,Neu,Neu,1
349,14Mo,Mo,Mo,4
350,8Mk,Mk,Mk,2
351,10GMP,GMP,GMP,2
352,14Mo,Mo,Mo,-1
353,5Ery,Ery,Ery,3
354,7MEP,MEP,MEP,-1
355,2Ery,Ery,Ery,8
356,14Mo,Mo,Mo,2
357,13Baso,Baso,Baso,4
358,2Ery,Ery,Ery,3
359,5Ery,Ery,Ery,3
360,14Mo,Mo,Mo,4
361,14Mo,Mo,Mo,6
362,9GMP,GMP,GMP,2
363,4Ery,Ery,Ery,5
364,10GMP,GMP,GMP,-1
365,13Baso,Baso,Baso,1
366,10GMP,GMP,GMP,2
367,7MEP,MEP,MEP,-1
368,10GMP,GMP,GMP,-1
369,3Ery,Ery,Ery,7
370,2Ery,Ery,Ery,8
371,14Mo,Mo,Mo,6
372,10GMP,GMP,GMP,-1
373,15Mo,Mo,Mo,2
374,13Baso,Baso,Baso,6
375,7MEP,MEP,MEP,-1
376,6Ery,Ery,Ery,-1
377,7MEP,MEP,MEP,-1
378,5Ery,Ery,Ery,7
379,14Mo,Mo,Mo,6
380,13Baso,Baso,Baso,4
381,10GMP,GMP,GMP,2
382,7MEP,MEP,MEP,7
383,3Ery,Ery,Ery,5
384,7MEP,MEP,MEP,-1
385,13Baso,Baso,Baso,6
386,1Ery,Ery,Ery,8
387,14Mo,Mo,Mo,4
388,13Baso,Baso,Baso,4
389,10GMP,GMP,GMP,-1
390,9GMP,GMP,GMP,2
391,3Ery,Ery,Ery,5
392,13Baso,Baso,Baso,6
393,2Ery,Ery,Ery,8
394,13Baso,Baso,Baso,-1
395,2Ery,Ery,Ery,8
396,6Ery,Ery,Ery,-1
397,6Ery,Ery,Ery,-1
398,13Baso,Baso,Baso,4
399,3Ery,Ery,Ery,7
400,13Baso,Baso,Baso,6
401,11DC,DC,DC,-1
402,14Mo,Mo,Mo,1
403,10GMP,GMP,GMP,-1
404,8Mk,Mk,Mk,-1
405,9GMP,GMP,GMP,-1
406,2Ery,Ery,Ery,8
407,13Baso,Baso,Baso,-1
408,14Mo,Mo,Mo,4
409,13Baso,Baso,Baso,-1
410,14Mo,Mo,Mo,4
411,5Ery,Ery,Ery,3
412,14Mo,Mo,Mo,4
413,5Ery,Ery,Ery,7
414,13Baso,Baso,Baso,2
415,12Baso,Baso,Baso,2
416,16Neu,Neu,Neu,1
417,11DC,DC,DC,-1
418,13Baso,Baso,Baso,-1
419,13Baso,Baso,Baso,4
420,2Ery,Ery,Ery,9
421,2Ery,Ery,Ery,3
422,14Mo,Mo,Mo,4
423,7MEP,MEP,MEP,-1
424,4Ery,Ery,Ery,3
425,6Ery,Ery,Ery,7
426,13Baso,Baso,Baso,2
427,14Mo,Mo,Mo,4
428,14Mo,Mo,Mo,4
429,6Ery,Ery,Ery,-1
430,12Baso,Baso,Baso,-1
431,6Ery,Ery,Ery,7
432,14Mo,Mo,Mo,1
433,2Ery,Ery,Ery,3
434,13Baso,Baso,Baso,4
435,13Baso,Baso,Baso,4
436,14Mo,Mo,Mo,1
437,7MEP,MEP,MEP,-1
438,7MEP,MEP,MEP,-1
439,15Mo,Mo,Mo,6
440,5Ery,Ery,Ery,7
441,5Ery,Ery,Ery,7
442,5Ery,Ery,Ery,-1
443,5Ery,Ery,Ery,3
444,15Mo,Mo,Mo,1
445,1Ery,Ery,Ery,8
446,13Baso,Baso,Baso,2
447,10GMP,GMP,GMP,2
448,12Baso,Baso,Baso,7
449,4Ery,Ery,Ery,5
450,7MEP,MEP,MEP,-1
451,15Mo,Mo,Mo,1
452,19Lymph,Lymph,Lymph,-1
453,13Baso,Baso,Baso,6
454,13Baso,Baso,Baso,4
455,3Ery,Ery,Ery,5
456,3Ery,Ery,Ery,3
457,15Mo,Mo,Mo,1
458,16Neu,Neu,Neu,6
459,13Baso,Baso,Baso,6
460,2Ery,Ery,Ery,5
461,15Mo,Mo,Mo,1
462,17Neu,Neu,Neu,-1
463,15Mo,Mo,Mo,2
464,13Baso,Baso,Baso,2
465,16Neu,Neu,Neu,1
466,6Ery,Ery,Ery,-1
467,5Ery,Ery,Ery,7
468,15Mo,Mo,Mo,4
469,9GMP,GMP,GMP,2
470,13Baso,Baso,Baso,6
471,15Mo,Mo,Mo,1
472,13Baso,Baso,Baso,4
473,6Ery,Ery,Ery,-1
474,7MEP,MEP,MEP,-1
475,12Baso,Baso,Baso,-1
476,15Mo,Mo,Mo,6
477,2Ery,Ery,Ery,8
478,13Baso,Baso,Baso,-1
479,10GMP,GMP,GMP,-1
480,14Mo,Mo,Mo,1
481,14Mo,Mo,Mo,4
482,14Mo,Mo,Mo,1
483,15Mo,Mo,Mo,1
484,5Ery,Ery,Ery,7
485,16Neu,Neu,Neu,1
486,5Ery,Ery,Ery,3
487,14Mo,Mo,Mo,1
488,13Baso,Baso,Baso,4
489,15Mo,Mo,Mo,1
490,2Ery,Ery,Ery,8
491,2Ery,Ery,Ery,8
492,2Ery,Ery,Ery,8
493,13Baso,Baso,Baso,2
494,13Baso,Baso,Baso,2
495,5Ery,Ery,Ery,7
496,5Ery,Ery,Ery,7
497,9GMP,GMP,GMP,-1
498,14Mo,Mo,Mo,4
499,7MEP,MEP,MEP,-1
500,14Mo,Mo,Mo,1
501,11DC,DC,DC,-1
502,16Neu,Neu,Neu,1
503,2Ery,Ery,Ery,9
504,2Ery,Ery,Ery,3
505,10GMP,GMP,GMP,-1
506,8Mk,Mk,Mk,2
507,2Ery,Ery,Ery,9
508,5Ery,Ery,Ery,3
509,13Baso,Baso,Baso,4
510,13Baso,Baso,Baso,4
511,12Baso,Baso,Baso,2
512,7MEP,MEP,MEP,-1
513,7MEP,MEP,MEP,-1
514,13Baso,Baso,Baso,-1
515,6Ery,Ery,Ery,-1
516,5Ery,Ery,Ery,3
517,16Neu,Neu,Neu,1
518,14Mo,Mo,Mo,4
519,13Baso,Baso,Baso,2
520,2Ery,Ery,Ery,9
521,14Mo,Mo,Mo,-1
522,5Ery,Ery,Ery,3
523,7MEP,MEP,MEP,-1
524,10GMP,GMP,GMP,2
525,19Lymph,Lymph,Lymph,-1
526,14Mo,Mo,Mo,-1
527,4Ery,Ery,Ery,3
528,14Mo,Mo,Mo,1
529,12Baso,Baso,Baso,-1
530,9GMP,GMP,GMP,2
531,15Mo,Mo,Mo,1
532,17Neu,Neu,Neu,-1
533,7MEP,MEP,MEP,-1
534,16Neu,Neu,Neu,1
535,13Baso,Baso,Baso,6
536,3Ery,Ery,Ery,5
537,15Mo,Mo,Mo,1
538,3Ery,Ery,Ery,3
539,7MEP,MEP,MEP,-1
540,8Mk,Mk,Mk,2
541,19Lymph,Lymph,Lymph,-1
542,3Ery,Ery,Ery,3
543,13Baso,Baso,Baso,4
544,9GMP,GMP,GMP,-1
545,3Ery,Ery,Ery,3
546,3Ery,Ery,Ery,3
547,2Ery,Ery,Ery,8
548,16Neu,Neu,Neu,1
549,14Mo,Mo,Mo,4
550,16Neu,Neu,Neu,1
551,6Ery,Ery,Ery,-1
552,14Mo,Mo,Mo,4
553,5Ery,Ery,Ery,7
554,14Mo,Mo,Mo,4
555,14Mo,Mo,Mo,1
556,19Lymph,Lymph,Lymph,-1
557,15Mo,Mo,Mo,1
558,13Baso,Baso,Baso,-1
559,14Mo,Mo,Mo,2
560,13Baso,Baso,Baso,2
561,17Neu,Neu,Neu,-1
562,14Mo,Mo,Mo,4
563,1Ery,Ery,Ery,8
564,2Ery,Ery,Ery,3
565,5Ery,Ery,Ery,3
566,6Ery,Ery,Ery,-1
567,15Mo,Mo,Mo,6
568,10GMP,GMP,GMP,-1
569,6Ery,Ery,Ery,-1
570,10GMP,GMP,GMP,-1
571,7MEP,MEP,MEP,-1
572,14Mo,Mo,Mo,4
573,13Baso,Baso,Baso,2
574,2Ery,Ery,Ery,8
575,14Mo,Mo,Mo,1
576,14Mo,Mo,Mo,1
577,6Ery,Ery,Ery,-1
578,13Baso,Baso,Baso,-1
579,14Mo,Mo,Mo,4
580,14Mo,Mo,Mo,-1
581,2Ery,Ery,Ery,3
582,6Ery,Ery,Ery,7
583,13Baso,Baso,Baso,2
584,10GMP,GMP,GMP,-1
585,15Mo,Mo,Mo,1
586,16Neu,Neu,Neu,1
587,10GMP,GMP,GMP,2
588,1Ery,Ery,Ery,8
589,14Mo,Mo,Mo,4
590,12Baso,Baso,Baso,2
591,10GMP,GMP,GMP,2
592,12Baso,Baso,Baso,-1
593,16Neu,Neu,Neu,1
594,10GMP,GMP,GMP,2
595,13Baso,Baso,Baso,2
596,16Neu,Neu,Neu,1
597,6Ery,Ery,Ery,-1
598,5Ery,Ery,Ery,-1
599,10GMP,GMP,GMP,2
600,13Baso,Baso,Baso,4
601,19Lymph,Lymph,Lymph,-1
602,14Mo,Mo,Mo,1
603,5Ery,Ery,Ery,7
604,13Baso,Baso,Baso,2
605,13Baso,Baso,Baso,4
606,13Baso,Baso,Baso,4
607,19Lymph,Lymph,Lymph,-1
608,13Baso,Baso,Baso,2
609,4Ery,Ery,Ery,3
610,12Baso,Baso,Baso,-1
611,10GMP,GMP,GMP,-1
612,11DC,DC,DC,-1
613,1Ery,Ery,Ery,8
614,19Lymph,Lymph,Lymph,-1
615,3Ery,Ery,Ery,5
616,6Ery,Ery,Ery,-1
617,6Ery,Ery,Ery,-1
618,2Ery,Ery,Ery,8
619,2Ery,Ery,Ery,8
620,13Baso,Baso,Baso,4
621,3Ery,Ery,Ery,2
622,15Mo,Mo,Mo,1
623,2Ery,Ery,Ery,9
624,10GMP,GMP,GMP,-1
625,5Ery,Ery,Ery,7
626,13Baso,Baso,Baso,-1
627,9GMP,GMP,GMP,-1
628,9GMP,GMP,GMP,-1
629,12Baso,Baso,Baso,-1
630,17Neu,Neu,Neu,-1
631,6Ery,Ery,Ery,-1
632,7MEP,MEP,MEP,-1
633,6Ery,Ery,Ery,7
634,14Mo,Mo,Mo,4
635,14Mo,Mo,Mo,4
636,19Lymph,Lymph,Lymph,-1
637,13Baso,Baso,Baso,2
638,13Baso,Baso,Baso,4
639,2Ery,Ery,Ery,3
640,13Baso,Baso,Baso,2
641,7MEP,MEP,MEP,-1
642,3Ery,Ery,Ery,3
643,13Baso,Baso,Baso,-1
644,15Mo,Mo,Mo,2
645,13Baso,Baso,Baso,-1
646,11DC,DC,DC,-1
647,17Neu,Neu,Neu,-1
648,13Baso,Baso,Baso,2
649,14Mo,Mo,Mo,4
650,2Ery,Ery,Ery,3
651,11DC,DC,DC,-1
652,13Baso,Baso,Baso,2
653,13Baso,Baso,Baso,-1
654,2Ery,Ery,Ery,8
655,2Ery,Ery,Ery,8
656,16Neu,Neu,Neu,1
657,14Mo,Mo,Mo,4
658,10GMP,GMP,GMP,-1
659,16Neu,Neu,Neu,1
660,13Baso,Baso,Baso,6
661,10GMP,GMP,GMP,2
662,16Neu,Neu,Neu,1
663,2Ery,Ery,Ery,3
664,14Mo,Mo,Mo,4
665,12Baso,Baso,Baso,-1
666,9GMP,GMP,GMP,-1
667,2Ery,Ery,Ery,8
668,2Ery,Ery,Ery,9
669,2Ery,Ery,Ery,8
670,6Ery,Ery,Ery,7
671,13Baso,Baso,Baso,2
672,14Mo,Mo,Mo,-1
673,2Ery,Ery,Ery,8
674,5Ery,Ery,Ery,3
675,16Neu,Neu,Neu,1
676,6Ery,Ery,Ery,-1
677,13Baso,Baso,Baso,-1
678,14Mo,Mo,Mo,4
679,5Ery,Ery,Ery,7
680,5Ery,Ery,Ery,3
681,2Ery,Ery,Ery,8
682,4Ery,Ery,Ery,3
683,2Ery,Ery,Ery,8
684,10GMP,GMP,GMP,-1
685,5Ery,Ery,Ery,3
686,13Baso,Baso,Baso,1
687,13Baso,Baso,Baso,2
688,2Ery,Ery,Ery,3
689,12Baso,Baso,Baso,-1
690,12Baso,Baso,Baso,-1
691,15Mo,Mo,Mo,1
692,13Baso,Baso,Baso,4
693,13Baso,Baso,Baso,4
694,13Baso,Baso,Baso,-1
695,13Baso,Baso,Baso,2
696,10GMP,GMP,GMP,2
697,14Mo,Mo,Mo,1
698,13Baso,Baso,Baso,6
699,7MEP,MEP,MEP,-1
700,13Baso,Baso,Baso,6
701,9GMP,GMP,GMP,-1
702,14Mo,Mo,Mo,6
703,1Ery,Ery,Ery,5
704,3Ery,Ery,Ery,5
705,13Baso,Baso,Baso,6
706,13Baso,Baso,Baso,-1
707,15Mo,Mo,Mo,1
708,2Ery,Ery,Ery,9
709,13Baso,Baso,Baso,2
710,5Ery,Ery,Ery,5
711,14Mo,Mo,Mo,6
712,3Ery,Ery,Ery,5
713,6Ery,Ery,Ery,-1
714,2Ery,Ery,Ery,9
715,19Lymph,Lymph,Lymph,-1
716,15Mo,Mo,Mo,1
717,12Baso,Baso,Baso,2
718,7MEP,MEP,MEP,-1
719,2Ery,Ery,Ery,5
720,8Mk,Mk,Mk,-1
721,14Mo,Mo,Mo,6
722,14Mo,Mo,Mo,6
723,8Mk,Mk,Mk,-1
724,5Ery,Ery,Ery,7
725,14Mo,Mo,Mo,2
726,2Ery,Ery,Ery,9
727,3Ery,Ery,Ery,5
728,9GMP,GMP,GMP,2
729,5Ery,Ery,Ery,3
730,3Ery,Ery,Ery,3
731,5Ery,Ery,Ery,3
732,14Mo,Mo,Mo,4
733,2Ery,Ery,Ery,9
734,2Ery,Ery,Ery,9
735,14Mo,Mo,Mo,1
736,16Neu,Neu,Neu,1
737,9GMP,GMP,GMP,-1
738,16Neu,Neu,Neu,1
739,15Mo,Mo,Mo,1
740,10GMP,GMP,GMP,2
741,3Ery,Ery,Ery,9
742,14Mo,Mo,Mo,6
743,8Mk,Mk,Mk,-1
744,14Mo,Mo,Mo,1
745,15Mo,Mo,Mo,4
746,16Neu,Neu,Neu,2
747,5Ery,Ery,Ery,3
748,14Mo,Mo,Mo,1
749,16Neu,Neu,Neu,-1
750,4Ery,Ery,Ery,3
751,2Ery,Ery,Ery,9
752,13Baso,Baso,Baso,4
753,14Mo,Mo,Mo,6
754,13Baso,Baso,Baso,2
755,5Ery,Ery,Ery,7
756,13Baso,Baso,Baso,2
757,7MEP,MEP,MEP,-1
758,15Mo,Mo,Mo,1
759,6Ery,Ery,Ery,-1
760,16Neu,Neu,Neu,1
761,15Mo,Mo,Mo,1
762,12Baso,Baso,Baso,-1
763,6Ery,Ery,Ery,-1
764,13Baso,Baso,Baso,4
765,14Mo,Mo,Mo,1
766,16Neu,Neu,Neu,1
767,14Mo,Mo,Mo,6
768,14Mo,Mo,Mo,4
769,2Ery,Ery,Ery,3
770,6Ery,Ery,Ery,-1
771,6Ery,Ery,Ery,-1
772,13Baso,Baso,Baso,2
773,14Mo,Mo,Mo,4
774,16Neu,Neu,Neu,1
775,2Ery,Ery,Ery,9
776,2Ery,Ery,Ery,8
777,5Ery,Ery,Ery,3
778,2Ery,Ery,Ery,3
779,5Ery,Ery,Ery,3
780,1Ery,Ery,Ery,8
781,13Baso,Baso,Baso,2
782,14Mo,Mo,Mo,4
783,14Mo,Mo,Mo,6
784,16Neu,Neu,Neu,1
785,1Ery,Ery,Ery,8
786,6Ery,Ery,Ery,7
787,14Mo,Mo,Mo,1
788,14Mo,Mo,Mo,6
789,15Mo,Mo,Mo,6
790,13Baso,Baso,Baso,6
791,15Mo,Mo,Mo,1
792,1Ery,Ery,Ery,5
793,8Mk,Mk,Mk,2
794,15Mo,Mo,Mo,1
795,14Mo,Mo,Mo,4
796,10GMP,GMP,GMP,2
797,9GMP,GMP,GMP,2
798,4Ery,Ery,Ery,3
799,15Mo,Mo,Mo,1
800,4Ery,Ery,Ery,-1
801,11DC,DC,DC,-1
802,2Ery,Ery,Ery,9
803,14Mo,Mo,Mo,1
804,14Mo,Mo,Mo,1
805,8Mk,Mk,Mk,2
806,13Baso,Baso,Baso,2
807,6Ery,Ery,Ery,7
808,13Baso,Baso,Baso,6
809,4Ery,Ery,Ery,3
810,13Baso,Baso,Baso,-1
811,15Mo,Mo,Mo,4
812,13Baso,Baso,Baso,2
813,4Ery,Ery,Ery,5
814,2Ery,Ery,Ery,8
815,16Neu,Neu,Neu,1
816,2Ery,Ery,Ery,10
817,5Ery,Ery,Ery,3
818,2Ery,Ery,Ery,9
819,5Ery,Ery,Ery,7
820,10GMP,GMP,GMP,2
821,13Baso,Baso,Baso,6
822,13Baso,Baso,Baso,2
823,8Mk,Mk,Mk,-1
824,16Neu,Neu,Neu,1
825,13Baso,Baso,Baso,2
826,7MEP,MEP,MEP,-1
827,4Ery,Ery,Ery,8
828,13Baso,Baso,Baso,2
829,6Ery,Ery,Ery,-1
830,2Ery,Ery,Ery,10
831,14Mo,Mo,Mo,-1
832,16Neu,Neu,Neu,1
833,2Ery,Ery,Ery,3
834,13Baso,Baso,Baso,1
835,14Mo,Mo,Mo,1
836,6Ery,Ery,Ery,7
837,2Ery,Ery,Ery,8
838,2Ery,Ery,Ery,10
839,2Ery,Ery,Ery,10
840,8Mk,Mk,Mk,7
841,2Ery,Ery,Ery,3
842,4Ery,Ery,Ery,3
843,14Mo,Mo,Mo,4
844,17Neu,Neu,Neu,-1
845,5Ery,Ery,Ery,3
846,13Baso,Baso,Baso,4
847,7MEP,MEP,MEP,-1
848,3Ery,Ery,Ery,3
849,5Ery,Ery,Ery,3
850,13Baso,Baso,Baso,4
851,8Mk,Mk,Mk,2
852,6Ery,Ery,Ery,-1
853,5Ery,Ery,Ery,3
854,5Ery,Ery,Ery,7
855,11DC,DC,DC,-1
856,5Ery,Ery,Ery,3
857,15Mo,Mo,Mo,-1
858,2Ery,Ery,Ery,8
859,2Ery,Ery,Ery,10
860,15Mo,Mo,Mo,1
861,15Mo,Mo,Mo,1
862,13Baso,Baso,Baso,2
863,14Mo,Mo,Mo,4
864,14Mo,Mo,Mo,4
865,14Mo,Mo,Mo,4
866,5Ery,Ery,Ery,3
867,7MEP,MEP,MEP,-1
868,3Ery,Ery,Ery,3
869,2Ery,Ery,Ery,3
870,7MEP,MEP,MEP,-1
871,1Ery,Ery,Ery,8
872,14Mo,Mo,Mo,4
873,2Ery,Ery,Ery,10
874,15Mo,Mo,Mo,1
875,13Baso,Baso,Baso,1
876,4Ery,Ery,Ery,3
877,13Baso,Baso,Baso,1
878,6Ery,Ery,Ery,7
879,9GMP,GMP,GMP,2
880,3Ery,Ery,Ery,5
881,6Ery,Ery,Ery,7
882,1Ery,Ery,Ery,8
883,4Ery,Ery,Ery,3
884,13Baso,Baso,Baso,6
885,9GMP,GMP,GMP,2
886,7MEP,MEP,MEP,-1
887,14Mo,Mo,Mo,4
888,13Baso,Baso,Baso,1
889,13Baso,Baso,Baso,6
890,19Lymph,Lymph,Lymph,-1
891,10GMP,GMP,GMP,-1
892,9GMP,GMP,GMP,-1
893,5Ery,Ery,Ery,3
894,16Neu,Neu,Neu,1
895,14Mo,Mo,Mo,4
896,15Mo,Mo,Mo,1
897,2Ery,Ery,Ery,9
898,3Ery,Ery,Ery,9
899,13Baso,Baso,Baso,2
900,6Ery,Ery,Ery,7
901,4Ery,Ery,Ery,3
902,3Ery,Ery,Ery,3
903,16Neu,Neu,Neu,1
904,9GMP,GMP,GMP,2
905,9GMP,GMP,GMP,-1
906,12Baso,Baso,Baso,-1
907,7MEP,MEP,MEP,-1
908,16Neu,Neu,Neu,1
909,6Ery,Ery,Ery,7
910,13Baso,Baso,Baso,1
911,17Neu,Neu,Neu,2
912,14Mo,Mo,Mo,4
913,3Ery,Ery,Ery,3
914,16Neu,Neu,Neu,1
915,13Baso,Baso,Baso,2
916,14Mo,Mo,Mo,4
917,3Ery,Ery,Ery,5
918,14Mo,Mo,Mo,1
919,16Neu,Neu,Neu,1
920,2Ery,Ery,Ery,10
921,18Eos,Eos,Eos,2
922,7MEP,MEP,MEP,-1
923,7MEP,MEP,MEP,-1
924,5Ery,Ery,Ery,3
925,16Neu,Neu,Neu,4
926,2Ery,Ery,Ery,10
927,5Ery,Ery,Ery,3
928,13Baso,Baso,Baso,4
929,6Ery,Ery,Ery,-1
930,14Mo,Mo,Mo,4
931,12Baso,Baso,Baso,2
932,13Baso,Baso,Baso,2
933,5Ery,Ery,Ery,3
934,2Ery,Ery,Ery,3
935,2Ery,Ery,Ery,9
936,14Mo,Mo,Mo,4
937,16Neu,Neu,Neu,1
938,14Mo,Mo,Mo,1
939,1Ery,Ery,Ery,9
940,11DC,DC,DC,-1
941,1Ery,Ery,Ery,8
942,13Baso,Baso,Baso,2
943,3Ery,Ery,Ery,3
944,5Ery,Ery,Ery,3
945,16Neu,Neu,Neu,1
946,16Neu,Neu,Neu,1
947,6Ery,Ery,Ery,7
948,1Ery,Ery,Ery,8
949,14Mo,Mo,Mo,2
950,16Neu,Neu,Neu,1
951,2Ery,Ery,Ery,9
952,10GMP,GMP,GMP,-1
953,5Ery,Ery,Ery,3
954,14Mo,Mo,Mo,4
955,2Ery,Ery,Ery,10
956,6Ery,Ery,Ery,2
957,5Ery,Ery,Ery,3
958,1Ery,Ery,Ery,8
959,5Ery,Ery,Ery,-1
960,15Mo,Mo,Mo,1
961,19Lymph,Lymph,Lymph,-1
962,10GMP,GMP,GMP,-1
963,2Ery,Ery,Ery,10
964,5Ery,Ery,Ery,3
965,7MEP,MEP,MEP,-1
966,6Ery,Ery,Ery,7
967,11DC,DC,DC,6
968,4Ery,Ery,Ery,3
969,15Mo,Mo,Mo,6
970,3Ery,Ery,Ery,9
971,2Ery,Ery,Ery,5
972,7MEP,MEP,MEP,-1
973,1Ery,Ery,Ery,5
974,7MEP,MEP,MEP,-1
975,5Ery,Ery,Ery,3
976,3Ery,Ery,Ery,5
977,3Ery,Ery,Ery,3
978,13Baso,Baso,Baso,2
979,3Ery,Ery,Ery,5
980,15Mo,Mo,Mo,1
981,15Mo,Mo,Mo,4
982,4Ery,Ery,Ery,3
983,14Mo,Mo,Mo,4
984,2Ery,Ery,Ery,3
985,2Ery,Ery,Ery,9
986,16Neu,Neu,Neu,1
987,13Baso,Baso,Baso,6
988,14Mo,Mo,Mo,2
989,5Ery,Ery,Ery,7
990,16Neu,Neu,Neu,1
991,14Mo,Mo,Mo,4
992,16Neu,Neu,Neu,4
993,8Mk,Mk,Mk,2
994,7MEP,MEP,MEP,-1
995,8Mk,Mk,Mk,-1
996,14Mo,Mo,Mo,4
997,10GMP,GMP,GMP,2
998,5Ery,Ery,Ery,3
999,10GMP,GMP,GMP,-1
1000,3Ery,Ery,Ery,3
1001,13Baso,Baso,Baso,2
1002,14Mo,Mo,Mo,6
1003,3Ery,Ery,Ery,9
1004,2Ery,Ery,Ery,10
1005,2Ery,Ery,Ery,10
1006,14Mo,Mo,Mo,1
1007,2Ery,Ery,Ery,10
1008,6Ery,Ery,Ery,7
1009,4Ery,Ery,Ery,3
1010,15Mo,Mo,Mo,1
1011,13Baso,Baso,Baso,4
1012,6Ery,Ery,Ery,10
1013,12Baso,Baso,Baso,-1
1014,16Neu,Neu,Neu,1
1015,14Mo,Mo,Mo,4
1016,15Mo,Mo,Mo,1
1017,13Baso,Baso,Baso,6
1018,2Ery,Ery,Ery,10
1019,14Mo,Mo,Mo,4
1020,14Mo,Mo,Mo,-1
1021,12Baso,Baso,Baso,-1
1022,10GMP,GMP,GMP,-1
1023,7MEP,MEP,MEP,-1
1024,2Ery,Ery,Ery,3
1025,4Ery,Ery,Ery,7
1026,3Ery,Ery,Ery,3
1027,16Neu,Neu,Neu,1
1028,5Ery,Ery,Ery,3
1029,2Ery,Ery,Ery,8
1030,3Ery,Ery,Ery,3
1031,2Ery,Ery,Ery,8
1032,14Mo,Mo,Mo,4
1033,14Mo,Mo,Mo,4
1034,8Mk,Mk,Mk,2
1035,5Ery,Ery,Ery,8
1036,7MEP,MEP,MEP,-1
1037,7MEP,MEP,MEP,-1
1038,16Neu,Neu,Neu,1
1039,2Ery,Ery,Ery,10
1040,13Baso,Baso,Baso,2
1041,5Ery,Ery,Ery,3
1042,5Ery,Ery,Ery,3
1043,14Mo,Mo,Mo,1
1044,6Ery,Ery,Ery,7
1045,14Mo,Mo,Mo,4
1046,7MEP,MEP,MEP,-1
1047,2Ery,Ery,Ery,8
1048,13Baso,Baso,Baso,2
1049,2Ery,Ery,Ery,8
1050,14Mo,Mo,Mo,-1
1051,2Ery,Ery,Ery,8
1052,15Mo,Mo,Mo,1
1053,3Ery,Ery,Ery,3
1054,5Ery,Ery,Ery,3
1055,10GMP,GMP,GMP,-1
1056,6Ery,Ery,Ery,7
1057,15Mo,Mo,Mo,-1
1058,1Ery,Ery,Ery,5
1059,4Ery,Ery,Ery,5
1060,12Baso,Baso,Baso,2
1061,4Ery,Ery,Ery,3
1062,13Baso,Baso,Baso,6
1063,6Ery,Ery,Ery,5
1064,3Ery,Ery,Ery,-1
1065,8Mk,Mk,Mk,2
1066,6Ery,Ery,Ery,7
1067,3Ery,Ery,Ery,5
1068,3Ery,Ery,Ery,5
1069,4Ery,Ery,Ery,5
1070,16Neu,Neu,Neu,1
1071,7MEP,MEP,MEP,-1
1072,3Ery,Ery,Ery,5
1073,15Mo,Mo,Mo,1
1074,10GMP,GMP,GMP,2
1075,12Baso,Baso,Baso,2
1076,3Ery,Ery,Ery,5
1077,3Ery,Ery,Ery,5
1078,14Mo,Mo,Mo,6
1079,9GMP,GMP,GMP,2
1080,12Baso,Baso,Baso,2
1081,15Mo,Mo,Mo,1
1082,15Mo,Mo,Mo,1
1083,2Ery,Ery,Ery,9
1084,14Mo,Mo,Mo,4
1085,4Ery,Ery,Ery,8
1086,3Ery,Ery,Ery,5
1087,14Mo,Mo,Mo,6
1088,14Mo,Mo,Mo,4
1089,8Mk,Mk,Mk,2
1090,16Neu,Neu,Neu,1
1091,10GMP,GMP,GMP,-1
1092,2Ery,Ery,Ery,9
1093,2Ery,Ery,Ery,9
1094,3Ery,Ery,Ery,5
1095,9GMP,GMP,GMP,-1
1096,15Mo,Mo,Mo,1
1097,14Mo,Mo,Mo,6
1098,5Ery,Ery,Ery,3
1099,14Mo,Mo,Mo,2
1100,2Ery,Ery,Ery,9
1101,13Baso,Baso,Baso,6
1102,14Mo,Mo,Mo,6
1103,14Mo,Mo,Mo,6
1104,14Mo,Mo,Mo,2
1105,2Ery,Ery,Ery,9
1106,2Ery,Ery,Ery,9
1107,13Baso,Baso,Baso,4
1108,6Ery,Ery,Ery,-1
1109,7MEP,MEP,MEP,-1
1110,7MEP,MEP,MEP,-1
1111,13Baso,Baso,Baso,2
1112,3Ery,Ery,Ery,5
1113,3Ery,Ery,Ery,7
1114,14Mo,Mo,Mo,2
1115,2Ery,Ery,Ery,-1
1116,2Ery,Ery,Ery,8
1117,8Mk,Mk,Mk,2
1118,7MEP,MEP,MEP,-1
1119,16Neu,Neu,Neu,1
1120,5Ery,Ery,Ery,7
1121,14Mo,Mo,Mo,4
1122,2Ery,Ery,Ery,3
1123,14Mo,Mo,Mo,4
1124,8Mk,Mk,Mk,2
1125,7MEP,MEP,MEP,-1
1126,19Lymph,Lymph,Lymph,-1
1127,14Mo,Mo,Mo,1
1128,12Baso,Baso,Baso,-1
1129,13Baso,Baso,Baso,2
1130,12Baso,Baso,Baso,7
1131,13Baso,Baso,Baso,6
1132,4Ery,Ery,Ery,5
1133,14Mo,Mo,Mo,6
1134,2Ery,Ery,Ery,5
1135,5Ery,Ery,Ery,3
1136,11DC,DC,DC,-1
1137,16Neu,Neu,Neu,1
1138,3Ery,Ery,Ery,5
1139,11DC,DC,DC,6
1140,3Ery,Ery,Ery,3
1141,4Ery,Ery,Ery,5
1142,3Ery,Ery,Ery,5
1143,6Ery,Ery,Ery,7
1144,15Mo,Mo,Mo,1
1145,17Neu,Neu,Neu,-1
1146,14Mo,Mo,Mo,4
1147,4Ery,Ery,Ery,5
1148,9GMP,GMP,GMP,2
1149,7MEP,MEP,MEP,-1
1150,7MEP,MEP,MEP,-1
1151,14Mo,Mo,Mo,1
1152,13Baso,Baso,Baso,2
1153,4Ery,Ery,Ery,5
1154,13Baso,Baso,Baso,-1
1155,14Mo,Mo,Mo,4
1156,3Ery,Ery,Ery,3
1157,2Ery,Ery,Ery,8
1158,3Ery,Ery,Ery,5
1159,14Mo,Mo,Mo,6
1160,6Ery,Ery,Ery,7
1161,2Ery,Ery,Ery,8
1162,10GMP,GMP,GMP,2
1163,13Baso,Baso,Baso,2
1164,5Ery,Ery,Ery,7
1165,7MEP,MEP,MEP,-1
1166,13Baso,Baso,Baso,6
1167,3Ery,Ery,Ery,5
1168,2Ery,Ery,Ery,8
1169,14Mo,Mo,Mo,4
1170,3Ery,Ery,Ery,9
1171,2Ery,Ery,Ery,8
1172,10GMP,GMP,GMP,-1
1173,13Baso,Baso,Baso,6
1174,14Mo,Mo,Mo,6
1175,4Ery,Ery,Ery,9
1176,5Ery,Ery,Ery,3
1177,18Eos,Eos,Eos,2
1178,2Ery,Ery,Ery,3
1179,14Mo,Mo,Mo,1
1180,3Ery,Ery,Ery,5
1181,13Baso,Baso,Baso,4
1182,5Ery,Ery,Ery,3
1183,12Baso,Baso,Baso,2
1184,5Ery,Ery,Ery,7
1185,2Ery,Ery,Ery,9
1186,7MEP,MEP,MEP,-1
1187,5Ery,Ery,Ery,-1
1188,16Neu,Neu,Neu,1
1189,15Mo,Mo,Mo,1
1190,14Mo,Mo,Mo,2
1191,5Ery,Ery,Ery,3
1192,16Neu,Neu,Neu,1
1193,2Ery,Ery,Ery,8
1194,2Ery,Ery,Ery,8
1195,6Ery,Ery,Ery,7
1196,2Ery,Ery,Ery,9
1197,5Ery,Ery,Ery,3
1198,14Mo,Mo,Mo,4
1199,2Ery,Ery,Ery,9
1200,3Ery,Ery,Ery,7
1201,5Ery,Ery,Ery,3
1202,16Neu,Neu,Neu,1
1203,10GMP,GMP,GMP,2
1204,14Mo,Mo,Mo,1
1205,1Ery,Ery,Ery,8
1206,2Ery,Ery,Ery,8
1207,3Ery,Ery,Ery,5
1208,15Mo,Mo,Mo,1
1209,7MEP,MEP,MEP,-1
1210,4Ery,Ery,Ery,3
1211,7MEP,MEP,MEP,-1
1212,5Ery,Ery,Ery,7
1213,2Ery,Ery,Ery,3
1214,13Baso,Baso,Baso,2
1215,14Mo,Mo,Mo,4
1216,15Mo,Mo,Mo,6
1217,2Ery,Ery,Ery,9
1218,14Mo,Mo,Mo,2
1219,6Ery,Ery,Ery,7
1220,12Baso,Baso,Baso,2
1221,2Ery,Ery,Ery,9
1222,19Lymph,Lymph,Lymph,-1
1223,6Ery,Ery,Ery,7
1224,14Mo,Mo,Mo,6
1225,6Ery,Ery,Ery,-1
1226,17Neu,Neu,Neu,-1
1227,6Ery,Ery,Ery,7
1228,6Ery,Ery,Ery,-1
1229,9GMP,GMP,GMP,-1
1230,3Ery,Ery,Ery,5
1231,14Mo,Mo,Mo,4
1232,6Ery,Ery,Ery,7
1233,15Mo,Mo,Mo,2
1234,15Mo,Mo,Mo,6
1235,13Baso,Baso,Baso,6
1236,3Ery,Ery,Ery,9
1237,16Neu,Neu,Neu,1
1238,7MEP,MEP,MEP,-1
1239,3Ery,Ery,Ery,5
1240,13Baso,Baso,Baso,6
1241,3Ery,Ery,Ery,5
1242,14Mo,Mo,Mo,1
1243,14Mo,Mo,Mo,4
1244,8Mk,Mk,Mk,2
1245,16Neu,Neu,Neu,1
1246,14Mo,Mo,Mo,2
1247,17Neu,Neu,Neu,-1
1248,3Ery,Ery,Ery,5
1249,5Ery,Ery,Ery,3
1250,10GMP,GMP,GMP,-1
1251,16Neu,Neu,Neu,1
1252,2Ery,Ery,Ery,3
1253,14Mo,Mo,Mo,4
1254,6Ery,Ery,Ery,7
1255,14Mo,Mo,Mo,4
1256,13Baso,Baso,Baso,6
1257,5Ery,Ery,Ery,7
1258,10GMP,GMP,GMP,-1
1259,7MEP,MEP,MEP,-1
1260,2Ery,Ery,Ery,3
1261,2Ery,Ery,Ery,8
1262,2Ery,Ery,Ery,8
1263,14Mo,Mo,Mo,6
1264,7MEP,MEP,MEP,-1
1265,8Mk,Mk,Mk,2
1266,14Mo,Mo,Mo,4
1267,2Ery,Ery,Ery,3
1268,2Ery,Ery,Ery,10
1269,14Mo,Mo,Mo,1
1270,13Baso,Baso,Baso,2
1271,7MEP,MEP,MEP,2
1272,4Ery,Ery,Ery,5
1273,13Baso,Baso,Baso,6
1274,13Baso,Baso,Baso,4
1275,5Ery,Ery,Ery,7
1276,2Ery,Ery,Ery,8
1277,18Eos,Eos,Eos,-1
1278,15Mo,Mo,Mo,1
1279,5Ery,Ery,Ery,7
1280,7MEP,MEP,MEP,-1
1281,2Ery,Ery,Ery,8
1282,13Baso,Baso,Baso,4
1283,14Mo,Mo,Mo,4
1284,6Ery,Ery,Ery,-1
1285,5Ery,Ery,Ery,7
1286,4Ery,Ery,Ery,3
1287,13Baso,Baso,Baso,2
1288,7MEP,MEP,MEP,-1
1289,5Ery,Ery,Ery,-1
1290,5Ery,Ery,Ery,3
1291,10GMP,GMP,GMP,-1
1292,16Neu,Neu,Neu,1
1293,2Ery,Ery,Ery,3
1294,14Mo,Mo,Mo,1
1295,3Ery,Ery,Ery,5
1296,2Ery,Ery,Ery,3
1297,10GMP,GMP,GMP,2
1298,16Neu,Neu,Neu,1
1299,8Mk,Mk,Mk,-1
1300,6Ery,Ery,Ery,7
1301,15Mo,Mo,Mo,4
1302,5Ery,Ery,Ery,3
1303,10GMP,GMP,GMP,2
1304,7MEP,MEP,MEP,-1
1305,14Mo,Mo,Mo,4
1306,19Lymph,Lymph,Lymph,-1
1307,2Ery,Ery,Ery,9
1308,15Mo,Mo,Mo,1
1309,3Ery,Ery,Ery,5
1310,6Ery,Ery,Ery,7
1311,1Ery,Ery,Ery,5
1312,2Ery,Ery,Ery,5
1313,3Ery,Ery,Ery,5
1314,4Ery,Ery,Ery,5
1315,6Ery,Ery,Ery,7
1316,13Baso,Baso,Baso,6
1317,3Ery,Ery,Ery,9
1318,5Ery,Ery,Ery,7
1319,14Mo,Mo,Mo,-1
1320,13Baso,Baso,Baso,1
1321,13Baso,Baso,Baso,6
1322,3Ery,Ery,Ery,5
1323,4Ery,Ery,Ery,3
1324,7MEP,MEP,MEP,-1
1325,10GMP,GMP,GMP,-1
1326,11DC,DC,DC,6
1327,3Ery,Ery,Ery,5
1328,13Baso,Baso,Baso,2
1329,2Ery,Ery,Ery,3
1330,13Baso,Baso,Baso,2
1331,2Ery,Ery,Ery,9
1332,4Ery,Ery,Ery,5
1333,10GMP,GMP,GMP,-1
1334,16Neu,Neu,Neu,1
1335,14Mo,Mo,Mo,6
1336,16Neu,Neu,Neu,1
1337,10GMP,GMP,GMP,-1
1338,2Ery,Ery,Ery,3
1339,2Ery,Ery,Ery,8
1340,6Ery,Ery,Ery,7
1341,3Ery,Ery,Ery,5
1342,14Mo,Mo,Mo,4
1343,14Mo,Mo,Mo,1
1344,15Mo,Mo,Mo,1
1345,10GMP,GMP,GMP,2
1346,13Baso,Baso,Baso,4
1347,3Ery,Ery,Ery,7
1348,7MEP,MEP,MEP,-1
1349,13Baso,Baso,Baso,6
1350,2Ery,Ery,Ery,8
1351,14Mo,Mo,Mo,4
1352,14Mo,Mo,Mo,4
1353,15Mo,Mo,Mo,4
1354,4Ery,Ery,Ery,3
1355,15Mo,Mo,Mo,1
1356,14Mo,Mo,Mo,4
1357,10GMP,GMP,GMP,-1
1358,13Baso,Baso,Baso,2
1359,16Neu,Neu,Neu,1
1360,8Mk,Mk,Mk,2
1361,13Baso,Baso,Baso,4
1362,5Ery,Ery,Ery,7
1363,6Ery,Ery,Ery,7
1364,14Mo,Mo,Mo,4
1365,2Ery,Ery,Ery,3
1366,6Ery,Ery,Ery,7
1367,3Ery,Ery,Ery,5
1368,14Mo,Mo,Mo,-1
1369,7MEP,MEP,MEP,7
1370,7MEP,MEP,MEP,-1
1371,14Mo,Mo,Mo,4
1372,5Ery,Ery,Ery,7
1373,13Baso,Baso,Baso,4
1374,2Ery,Ery,Ery,8
1375,16Neu,Neu,Neu,1
1376,12Baso,Baso,Baso,-1
1377,14Mo,Mo,Mo,1
1378,8Mk,Mk,Mk,-1
1379,4Ery,Ery,Ery,3
1380,3Ery,Ery,Ery,3
1381,2Ery,Ery,Ery,8
1382,14Mo,Mo,Mo,6
1383,7MEP,MEP,MEP,-1
1384,19Lymph,Lymph,Lymph,-1
1385,7MEP,MEP,MEP,2
1386,10GMP,GMP,GMP,-1
1387,13Baso,Baso,Baso,4
1388,2Ery,Ery,Ery,8
1389,2Ery,Ery,Ery,9
1390,3Ery,Ery,Ery,5
1391,3Ery,Ery,Ery,5
1392,6Ery,Ery,Ery,7
1393,7MEP,MEP,MEP,-1
1394,8Mk,Mk,Mk,-1
1395,2Ery,Ery,Ery,-1
1396,1Ery,Ery,Ery,5
1397,9GMP,GMP,GMP,-1
1398,13Baso,Baso,Baso,6
1399,15Mo,Mo,Mo,-1
1400,6Ery,Ery,Ery,-1
1401,13Baso,Baso,Baso,6
1402,3Ery,Ery,Ery,5
1403,16Neu,Neu,Neu,1
1404,14Mo,Mo,Mo,6
1405,5Ery,Ery,Ery,3
1406,7MEP,MEP,MEP,-1
1407,13Baso,Baso,Baso,4
1408,4Ery,Ery,Ery,7
1409,13Baso,Baso,Baso,6
1410,2Ery,Ery,Ery,3
1411,15Mo,Mo,Mo,1
1412,7MEP,MEP,MEP,-1
1413,3Ery,Ery,Ery,3
1414,10GMP,GMP,GMP,2
1415,13Baso,Baso,Baso,6
1416,3Ery,Ery,Ery,9
1417,1Ery,Ery,Ery,5
1418,13Baso,Baso,Baso,2
1419,13Baso,Baso,Baso,2
1420,7MEP,MEP,MEP,-1
1421,16Neu,Neu,Neu,4
1422,14Mo,Mo,Mo,6
1423,3Ery,Ery,Ery,5
1424,2Ery,Ery,Ery,9
1425,1Ery,Ery,Ery,5
1426,13Baso,Baso,Baso,6
1427,15Mo,Mo,Mo,1
1428,8Mk,Mk,Mk,2
1429,2Ery,Ery,Ery,9
1430,14Mo,Mo,Mo,6
1431,14Mo,Mo,Mo,6
1432,14Mo,Mo,Mo,4
1433,9GMP,GMP,GMP,2
1434,14Mo,Mo,Mo,6
1435,14Mo,Mo,Mo,2
1436,2Ery,Ery,Ery,10
1437,7MEP,MEP,MEP,-1
1438,2Ery,Ery,Ery,9
1439,16Neu,Neu,Neu,1
1440,10GMP,GMP,GMP,2
1441,6Ery,Ery,Ery,-1
1442,2Ery,Ery,Ery,5
1443,15Mo,Mo,Mo,6
1444,14Mo,Mo,Mo,1
1445,15Mo,Mo,Mo,1
1446,3Ery,Ery,Ery,3
1447,12Baso,Baso,Baso,2
1448,2Ery,Ery,Ery,3
1449,13Baso,Baso,Baso,6
1450,13Baso,Baso,Baso,2
1451,7MEP,MEP,MEP,-1
1452,6Ery,Ery,Ery,7
1453,5Ery,Ery,Ery,3
1454,2Ery,Ery,Ery,-1
1455,19Lymph,Lymph,Lymph,-1
1456,14Mo,Mo,Mo,1
1457,12Baso,Baso,Baso,-1
1458,2Ery,Ery,Ery,3
1459,16Neu,Neu,Neu,1
1460,4Ery,Ery,Ery,5
1461,6Ery,Ery,Ery,7
1462,13Baso,Baso,Baso,2
1463,4Ery,Ery,Ery,3
1464,2Ery,Ery,Ery,9
1465,4Ery,Ery,Ery,3
1466,15Mo,Mo,Mo,-1
1467,1Ery,Ery,Ery,5
1468,15Mo,Mo,Mo,1
1469,13Baso,Baso,Baso,4
1470,15Mo,Mo,Mo,1
1471,3Ery,Ery,Ery,-1
1472,6Ery,Ery,Ery,7
1473,12Baso,Baso,Baso,-1
1474,12Baso,Baso,Baso,-1
1475,13Baso,Baso,Baso,-1
1476,5Ery,Ery,Ery,7
1477,16Neu,Neu,Neu,-1
1478,6Ery,Ery,Ery,7
1479,13Baso,Baso,Baso,6
1480,2Ery,Ery,Ery,5
1481,14Mo,Mo,Mo,6
1482,3Ery,Ery,Ery,-1
1483,14Mo,Mo,Mo,4
1484,8Mk,Mk,Mk,-1
1485,2Ery,Ery,Ery,-1
1486,9GMP,GMP,GMP,-1
1487,4Ery,Ery,Ery,3
1488,3Ery,Ery,Ery,7
1489,3Ery,Ery,Ery,3
1490,14Mo,Mo,Mo,6
1491,2Ery,Ery,Ery,9
1492,10GMP,GMP,GMP,2
1493,16Neu,Neu,Neu,1
1494,6Ery,Ery,Ery,7
1495,14Mo,Mo,Mo,6
1496,16Neu,Neu,Neu,1
1497,5Ery,Ery,Ery,3
1498,10GMP,GMP,GMP,-1
1499,16Neu,Neu,Neu,4
1500,12Baso,Baso,Baso,-1
1501,11DC,DC,DC,-1
1502,15Mo,Mo,Mo,1
1503,2Ery,Ery,Ery,3
1504,13Baso,Baso,Baso,6
1505,7MEP,MEP,MEP,-1
1506,13Baso,Baso,Baso,4
1507,13Baso,Baso,Baso,6
1508,2Ery,Ery,Ery,3
1509,6Ery,Ery,Ery,2
1510,14Mo,Mo,Mo,6
1511,5Ery,Ery,Ery,3
1512,16Neu,Neu,Neu,1
1513,5Ery,Ery,Ery,3
1514,6Ery,Ery,Ery,7
1515,18Eos,Eos,Eos,-1
1516,14Mo,Mo,Mo,6
1517,14Mo,Mo,Mo,1
1518,13Baso,Baso,Baso,6
1519,15Mo,Mo,Mo,1
1520,2Ery,Ery,Ery,-1
1521,2Ery,Ery,Ery,5
1522,13Baso,Baso,Baso,6
1523,3Ery,Ery,Ery,-1
1524,2Ery,Ery,Ery,9
1525,15Mo,Mo,Mo,4
1526,12Baso,Baso,Baso,2
1527,7MEP,MEP,MEP,2
1528,3Ery,Ery,Ery,-1
1529,4Ery,Ery,Ery,-1
1530,15Mo,Mo,Mo,1
1531,14Mo,Mo,Mo,6
1532,4Ery,Ery,Ery,5
1533,4Ery,Ery,Ery,3
1534,13Baso,Baso,Baso,2
1535,9GMP,GMP,GMP,-1
1536,12Baso,Baso,Baso,-1
1537,2Ery,Ery,Ery,9
1538,4Ery,Ery,Ery,3
1539,9GMP,GMP,GMP,2
1540,16Neu,Neu,Neu,1
1541,16Neu,Neu,Neu,-1
1542,2Ery,Ery,Ery,8
1543,2Ery,Ery,Ery,5
1544,16Neu,Neu,Neu,1
1545,7MEP,MEP,MEP,-1
1546,14Mo,Mo,Mo,2
1547,14Mo,Mo,Mo,-1
1548,14Mo,Mo,Mo,2
1549,5Ery,Ery,Ery,3
1550,5Ery,Ery,Ery,3
1551,3Ery,Ery,Ery,3
1552,3Ery,Ery,Ery,5
1553,2Ery,Ery,Ery,10
1554,18Eos,Eos,Eos,2
1555,14Mo,Mo,Mo,6
1556,3Ery,Ery,Ery,9
1557,14Mo,Mo,Mo,6
1558,14Mo,Mo,Mo,1
1559,12Baso,Baso,Baso,-1
1560,14Mo,Mo,Mo,1
1561,4Ery,Ery,Ery,5
1562,3Ery,Ery,Ery,5
1563,14Mo,Mo,Mo,4
1564,7MEP,MEP,MEP,-1
1565,5Ery,Ery,Ery,-1
1566,12Baso,Baso,Baso,2
1567,2Ery,Ery,Ery,9
1568,15Mo,Mo,Mo,-1
1569,14Mo,Mo,Mo,1
1570,3Ery,Ery,Ery,9
1571,14Mo,Mo,Mo,6
1572,2Ery,Ery,Ery,3
1573,3Ery,Ery,Ery,5
1574,2Ery,Ery,Ery,8
1575,16Neu,Neu,Neu,1
1576,7MEP,MEP,MEP,-1
1577,2Ery,Ery,Ery,9
1578,10GMP,GMP,GMP,2
1579,7MEP,MEP,MEP,-1
1580,5Ery,Ery,Ery,-1
1581,5Ery,Ery,Ery,-1
1582,13Baso,Baso,Baso,2
1583,6Ery,Ery,Ery,-1
1584,7MEP,MEP,MEP,-1
1585,3Ery,Ery,Ery,5
1586,10GMP,GMP,GMP,-1
1587,5Ery,Ery,Ery,3
1588,5Ery,Ery,Ery,3
1589,1Ery,Ery,Ery,8
1590,13Baso,Baso,Baso,6
1591,15Mo,Mo,Mo,4
1592,3Ery,Ery,Ery,3
1593,6Ery,Ery,Ery,7
1594,14Mo,Mo,Mo,1
1595,11DC,DC,DC,2
1596,3Ery,Ery,Ery,5
1597,3Ery,Ery,Ery,5
1598,3Ery,Ery,Ery,5
1599,16Neu,Neu,Neu,1
1600,3Ery,Ery,Ery,7
1601,9GMP,GMP,GMP,2
1602,14Mo,Mo,Mo,-1
1603,12Baso,Baso,Baso,-1
1604,9GMP,GMP,GMP,-1
1605,14Mo,Mo,Mo,6
1606,14Mo,Mo,Mo,6
1607,8Mk,Mk,Mk,-1
1608,5Ery,Ery,Ery,-1
1609,15Mo,Mo,Mo,1
1610,15Mo,Mo,Mo,4
1611,3Ery,Ery,Ery,5
1612,16Neu,Neu,Neu,1
1613,15Mo,Mo,Mo,-1
1614,4Ery,Ery,Ery,3
1615,3Ery,Ery,Ery,3
1616,8Mk,Mk,Mk,-1
1617,15Mo,Mo,Mo,1
1618,14Mo,Mo,Mo,1
1619,5Ery,Ery,Ery,3
1620,3Ery,Ery,Ery,7
1621,4Ery,Ery,Ery,-1
1622,2Ery,Ery,Ery,3
1623,8Mk,Mk,Mk,-1
1624,7MEP,MEP,MEP,-1
1625,10GMP,GMP,GMP,2
1626,15Mo,Mo,Mo,-1
1627,14Mo,Mo,Mo,6
1628,13Baso,Baso,Baso,2
1629,3Ery,Ery,Ery,9
1630,7MEP,MEP,MEP,-1
1631,2Ery,Ery,Ery,9
1632,13Baso,Baso,Baso,6
1633,2Ery,Ery,Ery,-1
1634,10GMP,GMP,GMP,2
1635,2Ery,Ery,Ery,5
1636,2Ery,Ery,Ery,9
1637,2Ery,Ery,Ery,3
1638,12Baso,Baso,Baso,1
1639,14Mo,Mo,Mo,6
1640,1Ery,Ery,Ery,5
1641,14Mo,Mo,Mo,-1
1642,14Mo,Mo,Mo,1
1643,2Ery,Ery,Ery,5
1644,14Mo,Mo,Mo,1
1645,16Neu,Neu,Neu,1
1646,14Mo,Mo,Mo,4
1647,8Mk,Mk,Mk,-1
1648,16Neu,Neu,Neu,4
1649,16Neu,Neu,Neu,1
1650,2Ery,Ery,Ery,3
1651,8Mk,Mk,Mk,2
1652,5Ery,Ery,Ery,3
1653,6Ery,Ery,Ery,7
1654,19Lymph,Lymph,Lymph,-1
1655,15Mo,Mo,Mo,-1
1656,13Baso,Baso,Baso,-1
1657,5Ery,Ery,Ery,3
1658,14Mo,Mo,Mo,6
1659,5Ery,Ery,Ery,3
1660,6Ery,Ery,Ery,7
1661,16Neu,Neu,Neu,1
1662,3Ery,Ery,Ery,5
1663,15Mo,Mo,Mo,1
1664,7MEP,MEP,MEP,-1
1665,7MEP,MEP,MEP,-1
1666,10GMP,GMP,GMP,2
1667,14Mo,Mo,Mo,6
1668,3Ery,Ery,Ery,5
1669,4Ery,Ery,Ery,5
1670,13Baso,Baso,Baso,6
1671,15Mo,Mo,Mo,6
1672,11DC,DC,DC,6
1673,17Neu,Neu,Neu,-1
1674,4Ery,Ery,Ery,3
1675,6Ery,Ery,Ery,7
1676,3Ery,Ery,Ery,5
1677,3Ery,Ery,Ery,5
1678,7MEP,MEP,MEP,-1
1679,8Mk,Mk,Mk,2
1680,6Ery,Ery,Ery,7
1681,11DC,DC,DC,-1
1682,16Neu,Neu,Neu,1
1683,3Ery,Ery,Ery,5
1684,14Mo,Mo,Mo,6
1685,4Ery,Ery,Ery,5
1686,4Ery,Ery,Ery,5
1687,11DC,DC,DC,6
1688,3Ery,Ery,Ery,7
1689,14Mo,Mo,Mo,6
1690,15Mo,Mo,Mo,6
1691,3Ery,Ery,Ery,5
1692,10GMP,GMP,GMP,2
1693,6Ery,Ery,Ery,7
1694,2Ery,Ery,Ery,8
1695,16Neu,Neu,Neu,1
1696,15Mo,Mo,Mo,1
1697,7MEP,MEP,MEP,-1
1698,3Ery,Ery,Ery,5
1699,10GMP,GMP,GMP,2
1700,3Ery,Ery,Ery,5
1701,14Mo,Mo,Mo,6
1702,7MEP,MEP,MEP,-1
1703,6Ery,Ery,Ery,3
1704,10GMP,GMP,GMP,2
1705,10GMP,GMP,GMP,2
1706,3Ery,Ery,Ery,5
1707,7MEP,MEP,MEP,-1
1708,2Ery,Ery,Ery,9
1709,4Ery,Ery,Ery,3
1710,7MEP,MEP,MEP,-1
1711,13Baso,Baso,Baso,2
1712,6Ery,Ery,Ery,7
1713,15Mo,Mo,Mo,4
1714,8Mk,Mk,Mk,-1
1715,10GMP,GMP,GMP,2
1716,4Ery,Ery,Ery,5
1717,4Ery,Ery,Ery,8
1718,3Ery,Ery,Ery,5
1719,7MEP,MEP,MEP,7
1720,2Ery,Ery,Ery,8
1721,16Neu,Neu,Neu,1
1722,3Ery,Ery,Ery,3
1723,3Ery,Ery,Ery,5
1724,6Ery,Ery,Ery,7
1725,6Ery,Ery,Ery,7
1726,7MEP,MEP,MEP,-1
1727,4Ery,Ery,Ery,7
1728,16Neu,Neu,Neu,1
1729,2Ery,Ery,Ery,9
1730,13Baso,Baso,Baso,2
1731,10GMP,GMP,GMP,-1
1732,3Ery,Ery,Ery,5
1733,3Ery,Ery,Ery,5
1734,10GMP,GMP,GMP,2
1735,6Ery,Ery,Ery,7
1736,14Mo,Mo,Mo,2
1737,15Mo,Mo,Mo,1
1738,7MEP,MEP,MEP,-1
1739,13Baso,Baso,Baso,-1
1740,14Mo,Mo,Mo,4
1741,14Mo,Mo,Mo,4
1742,14Mo,Mo,Mo,4
1743,2Ery,Ery,Ery,9
1744,16Neu,Neu,Neu,1
1745,7MEP,MEP,MEP,-1
1746,14Mo,Mo,Mo,6
1747,10GMP,GMP,GMP,6
1748,14Mo,Mo,Mo,6
1749,6Ery,Ery,Ery,7
1750,14Mo,Mo,Mo,6
1751,16Neu,Neu,Neu,1
1752,2Ery,Ery,Ery,3
1753,10GMP,GMP,GMP,2
1754,16Neu,Neu,Neu,1
1755,14Mo,Mo,Mo,-1
1756,14Mo,Mo,Mo,2
1757,5Ery,Ery,Ery,7
1758,12Baso,Baso,Baso,2
1759,4Ery,Ery,Ery,9
1760,3Ery,Ery,Ery,5
1761,13Baso,Baso,Baso,2
1762,2Ery,Ery,Ery,9
1763,4Ery,Ery,Ery,3
1764,4Ery,Ery,Ery,3
1765,3Ery,Ery,Ery,3
1766,3Ery,Ery,Ery,3
1767,13Baso,Baso,Baso,6
1768,12Baso,Baso,Baso,-1
1769,14Mo,Mo,Mo,4
1770,16Neu,Neu,Neu,1
1771,3Ery,Ery,Ery,7
1772,5Ery,Ery,Ery,3
1773,6Ery,Ery,Ery,-1
1774,7MEP,MEP,MEP,-1
1775,4Ery,Ery,Ery,5
1776,4Ery,Ery,Ery,3
1777,5Ery,Ery,Ery,3
1778,14Mo,Mo,Mo,4
1779,14Mo,Mo,Mo,2
1780,2Ery,Ery,Ery,8
1781,12Baso,Baso,Baso,-1
1782,3Ery,Ery,Ery,5
1783,5Ery,Ery,Ery,3
1784,2Ery,Ery,Ery,9
1785,2Ery,Ery,Ery,8
1786,16Neu,Neu,Neu,1
1787,7MEP,MEP,MEP,-1
1788,5Ery,Ery,Ery,10
1789,2Ery,Ery,Ery,8
1790,7MEP,MEP,MEP,-1
1791,3Ery,Ery,Ery,7
1792,4Ery,Ery,Ery,3
1793,2Ery,Ery,Ery,9
1794,5Ery,Ery,Ery,3
1795,10GMP,GMP,GMP,-1
1796,1Ery,Ery,Ery,8
1797,10GMP,GMP,GMP,-1
1798,11DC,DC,DC,-1
1799,16Neu,Neu,Neu,4
1800,2Ery,Ery,Ery,3
1801,2Ery,Ery,Ery,8
1802,2Ery,Ery,Ery,8
1803,5Ery,Ery,Ery,3
1804,5Ery,Ery,Ery,3
1805,14Mo,Mo,Mo,4
1806,14Mo,Mo,Mo,6
1807,16Neu,Neu,Neu,1
1808,10GMP,GMP,GMP,-1
1809,14Mo,Mo,Mo,4
1810,14Mo,Mo,Mo,4
1811,4Ery,Ery,Ery,3
1812,2Ery,Ery,Ery,9
1813,6Ery,Ery,Ery,7
1814,2Ery,Ery,Ery,8
1815,19Lymph,Lymph,Lymph,-1
1816,16Neu,Neu,Neu,1
1817,1Ery,Ery,Ery,8
1818,13Baso,Baso,Baso,2
1819,3Ery,Ery,Ery,3
1820,15Mo,Mo,Mo,1
1821,3Ery,Ery,Ery,3
1822,5Ery,Ery,Ery,3
1823,2Ery,Ery,Ery,9
1824,2Ery,Ery,Ery,8
1825,16Neu,Neu,Neu,1
1826,4Ery,Ery,Ery,3
1827,12Baso,Baso,Baso,-1
1828,3Ery,Ery,Ery,8
1829,12Baso,Baso,Baso,-1
1830,14Mo,Mo,Mo,4
1831,15Mo,Mo,Mo,1
1832,14Mo,Mo,Mo,4
1833,10GMP,GMP,GMP,2
1834,6Ery,Ery,Ery,7
1835,12Baso,Baso,Baso,2
1836,2Ery,Ery,Ery,5
1837,3Ery,Ery,Ery,9
1838,4Ery,Ery,Ery,3
1839,7MEP,MEP,MEP,-1
1840,4Ery,Ery,Ery,3
1841,15Mo,Mo,Mo,1
1842,2Ery,Ery,Ery,9
1843,7MEP,MEP,MEP,-1
1844,14Mo,Mo,Mo,1
1845,3Ery,Ery,Ery,5
1846,13Baso,Baso,Baso,6
1847,3Ery,Ery,Ery,5
1848,15Mo,Mo,Mo,1
1849,15Mo,Mo,Mo,1
1850,13Baso,Baso,Baso,6
1851,14Mo,Mo,Mo,6
1852,4Ery,Ery,Ery,5
1853,14Mo,Mo,Mo,6
1854,6Ery,Ery,Ery,-1
1855,3Ery,Ery,Ery,5
1856,14Mo,Mo,Mo,6
1857,8Mk,Mk,Mk,2
1858,8Mk,Mk,Mk,-1
1859,7MEP,MEP,MEP,-1
1860,15Mo,Mo,Mo,1
1861,15Mo,Mo,Mo,1
1862,13Baso,Baso,Baso,2
1863,16Neu,Neu,Neu,1
1864,6Ery,Ery,Ery,-1
1865,3Ery,Ery,Ery,5
1866,2Ery,Ery,Ery,5
1867,13Baso,Baso,Baso,6
1868,3Ery,Ery,Ery,5
1869,3Ery,Ery,Ery,5
1870,13Baso,Baso,Baso,6
1871,11DC,DC,DC,6
1872,10GMP,GMP,GMP,-1
1873,4Ery,Ery,Ery,3
1874,2Ery,Ery,Ery,8
1875,7MEP,MEP,MEP,7
1876,7MEP,MEP,MEP,-1
1877,6Ery,Ery,Ery,7
1878,3Ery,Ery,Ery,3
1879,16Neu,Neu,Neu,1
1880,7MEP,MEP,MEP,-1
1881,14Mo,Mo,Mo,1
1882,3Ery,Ery,Ery,7
1883,6Ery,Ery,Ery,3
1884,9GMP,GMP,GMP,2
1885,12Baso,Baso,Baso,2
1886,3Ery,Ery,Ery,5
1887,14Mo,Mo,Mo,6
1888,10GMP,GMP,GMP,2
1889,4Ery,Ery,Ery,3
1890,7MEP,MEP,MEP,-1
1891,6Ery,Ery,Ery,7
1892,14Mo,Mo,Mo,2
1893,14Mo,Mo,Mo,2
1894,4Ery,Ery,Ery,9
1895,3Ery,Ery,Ery,9
1896,3Ery,Ery,Ery,3
1897,2Ery,Ery,Ery,8
1898,16Neu,Neu,Neu,1
1899,3Ery,Ery,Ery,5
1900,7MEP,MEP,MEP,-1
1901,18Eos,Eos,Eos,2
1902,6Ery,Ery,Ery,7
1903,13Baso,Baso,Baso,6
1904,4Ery,Ery,Ery,3
1905,10GMP,GMP,GMP,2
1906,6Ery,Ery,Ery,7
1907,2Ery,Ery,Ery,8
1908,12Baso,Baso,Baso,-1
1909,1Ery,Ery,Ery,8
1910,4Ery,Ery,Ery,7
1911,13Baso,Baso,Baso,4
1912,14Mo,Mo,Mo,2
1913,14Mo,Mo,Mo,1
1914,13Baso,Baso,Baso,2
1915,3Ery,Ery,Ery,5
1916,3Ery,Ery,Ery,5
1917,16Neu,Neu,Neu,1
1918,15Mo,Mo,Mo,1
1919,14Mo,Mo,Mo,4
1920,3Ery,Ery,Ery,7
1921,6Ery,Ery,Ery,7
1922,2Ery,Ery,Ery,3
1923,10GMP,GMP,GMP,2
1924,14Mo,Mo,Mo,2
1925,5Ery,Ery,Ery,7
1926,4Ery,Ery,Ery,3
1927,15Mo,Mo,Mo,1
1928,13Baso,Baso,Baso,4
1929,15Mo,Mo,Mo,4
1930,13Baso,Baso,Baso,4
1931,14Mo,Mo,Mo,2
1932,12Baso,Baso,Baso,-1
1933,16Neu,Neu,Neu,1
1934,13Baso,Baso,Baso,-1
1935,6Ery,Ery,Ery,7
1936,15Mo,Mo,Mo,2
1937,4Ery,Ery,Ery,3
1938,14Mo,Mo,Mo,2
1939,13Baso,Baso,Baso,2
1940,15Mo,Mo,Mo,1
1941,3Ery,Ery,Ery,3
1942,10GMP,GMP,GMP,2
1943,13Baso,Baso,Baso,2
1944,4Ery,Ery,Ery,5
1945,8Mk,Mk,Mk,-1
1946,3Ery,Ery,Ery,5
1947,14Mo,Mo,Mo,4
1948,15Mo,Mo,Mo,4
1949,16Neu,Neu,Neu,1
1950,15Mo,Mo,Mo,1
1951,9GMP,GMP,GMP,2
1952,16Neu,Neu,Neu,1
1953,12Baso,Baso,Baso,7
1954,10GMP,GMP,GMP,-1
1955,14Mo,Mo,Mo,1
1956,14Mo,Mo,Mo,4
1957,14Mo,Mo,Mo,4
1958,7MEP,MEP,MEP,7
1959,15Mo,Mo,Mo,4
1960,17Neu,Neu,Neu,-1
1961,2Ery,Ery,Ery,9
1962,14Mo,Mo,Mo,1
1963,14Mo,Mo,Mo,2
1964,4Ery,Ery,Ery,5
1965,6Ery,Ery,Ery,7
1966,15Mo,Mo,Mo,1
1967,2Ery,Ery,Ery,9
1968,2Ery,Ery,Ery,3
1969,5Ery,Ery,Ery,7
1970,2Ery,Ery,Ery,8
1971,2Ery,Ery,Ery,10
1972,14Mo,Mo,Mo,4
1973,2Ery,Ery,Ery,9
1974,14Mo,Mo,Mo,6
1975,15Mo,Mo,Mo,4
1976,5Ery,Ery,Ery,3
1977,6Ery,Ery,Ery,-1
1978,13Baso,Baso,Baso,-1
1979,6Ery,Ery,Ery,-1
1980,13Baso,Baso,Baso,4
1981,5Ery,Ery,Ery,7
1982,15Mo,Mo,Mo,6
1983,3Ery,Ery,Ery,3
1984,10GMP,GMP,GMP,-1
1985,2Ery,Ery,Ery,10
1986,14Mo,Mo,Mo,4
1987,2Ery,Ery,Ery,10
1988,14Mo,Mo,Mo,-1
1989,2Ery,Ery,Ery,8
1990,2Ery,Ery,Ery,9
1991,2Ery,Ery,Ery,8
1992,5Ery,Ery,Ery,3
1993,14Mo,Mo,Mo,4
1994,1Ery,Ery,Ery,8
1995,5Ery,Ery,Ery,3
1996,4Ery,Ery,Ery,3
1997,2Ery,Ery,Ery,8
1998,10GMP,GMP,GMP,2
1999,2Ery,Ery,Ery,3
2000,2Ery,Ery,Ery,3
2001,7MEP,MEP,MEP,-1
2002,2Ery,Ery,Ery,8
2003,7MEP,MEP,MEP,-1
2004,1Ery,Ery,Ery,8
2005,7MEP,MEP,MEP,2
2006,9GMP,GMP,GMP,-1
2007,2Ery,Ery,Ery,8
2008,17Neu,Neu,Neu,-1
2009,14Mo,Mo,Mo,4
2010,14Mo,Mo,Mo,4
2011,13Baso,Baso,Baso,2
2012,7MEP,MEP,MEP,-1
2013,16Neu,Neu,Neu,1
2014,2Ery,Ery,Ery,8
2015,2Ery,Ery,Ery,8
2016,7MEP,MEP,MEP,-1
2017,6Ery,Ery,Ery,-1
2018,14Mo,Mo,Mo,4
2019,4Ery,Ery,Ery,3
2020,6Ery,Ery,Ery,-1
2021,2Ery,Ery,Ery,9
2022,4Ery,Ery,Ery,3
2023,1Ery,Ery,Ery,8
2024,5Ery,Ery,Ery,7
2025,19Lymph,Lymph,Lymph,-1
2026,8Mk,Mk,Mk,-1
2027,4Ery,Ery,Ery,3
2028,6Ery,Ery,Ery,-1
2029,13Baso,Baso,Baso,6
2030,6Ery,Ery,Ery,7
2031,13Baso,Baso,Baso,6
2032,7MEP,MEP,MEP,-1
2033,3Ery,Ery,Ery,5
2034,3Ery,Ery,Ery,5
2035,13Baso,Baso,Baso,6
2036,3Ery,Ery,Ery,7
2037,15Mo,Mo,Mo,1
2038,14Mo,Mo,Mo,6
2039,6Ery,Ery,Ery,3
2040,10GMP,GMP,GMP,2
2041,16Neu,Neu,Neu,1
2042,4Ery,Ery,Ery,7
2043,14Mo,Mo,Mo,6
2044,14Mo,Mo,Mo,6
2045,10GMP,GMP,GMP,2
2046,3Ery,Ery,Ery,3
2047,10GMP,GMP,GMP,2
2048,14Mo,Mo,Mo,2
2049,3Ery,Ery,Ery,5
2050,4Ery,Ery,Ery,3
2051,19Lymph,Lymph,Lymph,-1
2052,14Mo,Mo,Mo,-1
2053,3Ery,Ery,Ery,9
2054,15Mo,Mo,Mo,1
2055,15Mo,Mo,Mo,1
2056,10GMP,GMP,GMP,2
2057,15Mo,Mo,Mo,1
2058,15Mo,Mo,Mo,1
2059,14Mo,Mo,Mo,4
2060,13Baso,Baso,Baso,4
2061,16Neu,Neu,Neu,1
2062,14Mo,Mo,Mo,4
2063,4Ery,Ery,Ery,7
2064,14Mo,Mo,Mo,1
2065,9GMP,GMP,GMP,-1
2066,3Ery,Ery,Ery,5
2067,14Mo,Mo,Mo,4
2068,3Ery,Ery,Ery,7
2069,10GMP,GMP,GMP,-1
2070,16Neu,Neu,Neu,1
2071,16Neu,Neu,Neu,1
2072,13Baso,Baso,Baso,6
2073,1Ery,Ery,Ery,5
2074,6Ery,Ery,Ery,-1
2075,2Ery,Ery,Ery,10
2076,14Mo,Mo,Mo,-1
2077,2Ery,Ery,Ery,10
2078,14Mo,Mo,Mo,1
2079,5Ery,Ery,Ery,3
2080,2Ery,Ery,Ery,8
2081,9GMP,GMP,GMP,2
2082,13Baso,Baso,Baso,4
2083,2Ery,Ery,Ery,10
2084,3Ery,Ery,Ery,3
2085,16Neu,Neu,Neu,1
2086,13Baso,Baso,Baso,2
2087,14Mo,Mo,Mo,4
2088,4Ery,Ery,Ery,3
2089,3Ery,Ery,Ery,5
2090,6Ery,Ery,Ery,2
2091,7MEP,MEP,MEP,-1
2092,10GMP,GMP,GMP,-1
2093,4Ery,Ery,Ery,3
2094,2Ery,Ery,Ery,10
2095,16Neu,Neu,Neu,1
2096,12Baso,Baso,Baso,-1
2097,19Lymph,Lymph,Lymph,2
2098,7MEP,MEP,MEP,-1
2099,13Baso,Baso,Baso,4
2100,4Ery,Ery,Ery,3
2101,7MEP,MEP,MEP,-1
2102,4Ery,Ery,Ery,3
2103,12Baso,Baso,Baso,-1
2104,5Ery,Ery,Ery,7
2105,2Ery,Ery,Ery,10
2106,2Ery,Ery,Ery,8
2107,9GMP,GMP,GMP,-1
2108,1Ery,Ery,Ery,8
2109,11DC,DC,DC,6
2110,3Ery,Ery,Ery,3
2111,14Mo,Mo,Mo,4
2112,16Neu,Neu,Neu,1
2113,2Ery,Ery,Ery,8
2114,5Ery,Ery,Ery,3
2115,14Mo,Mo,Mo,4
2116,15Mo,Mo,Mo,4
2117,9GMP,GMP,GMP,2
2118,9GMP,GMP,GMP,-1
2119,14Mo,Mo,Mo,4
2120,2Ery,Ery,Ery,10
2121,4Ery,Ery,Ery,3
2122,5Ery,Ery,Ery,3
2123,4Ery,Ery,Ery,3
2124,3Ery,Ery,Ery,5
2125,16Neu,Neu,Neu,1
2126,2Ery,Ery,Ery,10
2127,16Neu,Neu,Neu,1
2128,2Ery,Ery,Ery,10
2129,13Baso,Baso,Baso,2
2130,2Ery,Ery,Ery,10
2131,6Ery,Ery,Ery,-1
2132,6Ery,Ery,Ery,10
2133,14Mo,Mo,Mo,4
2134,2Ery,Ery,Ery,10
2135,2Ery,Ery,Ery,10
2136,8Mk,Mk,Mk,-1
2137,8Mk,Mk,Mk,2
2138,14Mo,Mo,Mo,4
2139,14Mo,Mo,Mo,4
2140,1Ery,Ery,Ery,8
2141,4Ery,Ery,Ery,3
2142,7MEP,MEP,MEP,-1
2143,16Neu,Neu,Neu,1
2144,16Neu,Neu,Neu,1
2145,14Mo,Mo,Mo,-1
2146,3Ery,Ery,Ery,10
2147,2Ery,Ery,Ery,10
2148,16Neu,Neu,Neu,4
2149,17Neu,Neu,Neu,-1
2150,6Ery,Ery,Ery,10
2151,2Ery,Ery,Ery,10
2152,14Mo,Mo,Mo,4
2153,16Neu,Neu,Neu,1
2154,7MEP,MEP,MEP,-1
2155,2Ery,Ery,Ery,9
2156,3Ery,Ery,Ery,5
2157,2Ery,Ery,Ery,10
2158,6Ery,Ery,Ery,-1
2159,6Ery,Ery,Ery,-1
2160,6Ery,Ery,Ery,-1
2161,10GMP,GMP,GMP,-1
2162,12Baso,Baso,Baso,-1
2163,12Baso,Baso,Baso,-1
2164,4Ery,Ery,Ery,3
2165,2Ery,Ery,Ery,10
2166,4Ery,Ery,Ery,-1
2167,2Ery,Ery,Ery,10
2168,14Mo,Mo,Mo,4
2169,3Ery,Ery,Ery,10
2170,6Ery,Ery,Ery,-1
2171,3Ery,Ery,Ery,8
2172,10GMP,GMP,GMP,-1
2173,2Ery,Ery,Ery,10
2174,14Mo,Mo,Mo,4
2175,16Neu,Neu,Neu,1
2176,18Eos,Eos,Eos,-1
2177,13Baso,Baso,Baso,4
2178,6Ery,Ery,Ery,10
2179,14Mo,Mo,Mo,4
2180,13Baso,Baso,Baso,4
2181,2Ery,Ery,Ery,10
2182,2Ery,Ery,Ery,10
2183,5Ery,Ery,Ery,7
2184,10GMP,GMP,GMP,2
2185,5Ery,Ery,Ery,3
2186,14Mo,Mo,Mo,4
2187,13Baso,Baso,Baso,-1
2188,14Mo,Mo,Mo,1
2189,16Neu,Neu,Neu,1
2190,2Ery,Ery,Ery,10
2191,10GMP,GMP,GMP,2
2192,4Ery,Ery,Ery,3
2193,16Neu,Neu,Neu,1
2194,6Ery,Ery,Ery,-1
2195,15Mo,Mo,Mo,1
2196,14Mo,Mo,Mo,2
2197,12Baso,Baso,Baso,-1
2198,7MEP,MEP,MEP,-1
2199,10GMP,GMP,GMP,-1
2200,15Mo,Mo,Mo,4
2201,3Ery,Ery,Ery,5
2202,15Mo,Mo,Mo,1
2203,3Ery,Ery,Ery,5
2204,9GMP,GMP,GMP,-1
2205,2Ery,Ery,Ery,8
2206,7MEP,MEP,MEP,-1
2207,3Ery,Ery,Ery,5
2208,13Baso,Baso,Baso,4
2209,16Neu,Neu,Neu,1
2210,13Baso,Baso,Baso,6
2211,2Ery,Ery,Ery,9
2212,15Mo,Mo,Mo,1
2213,7MEP,MEP,MEP,-1
2214,6Ery,Ery,Ery,-1
2215,5Ery,Ery,Ery,3
2216,13Baso,Baso,Baso,6
2217,10GMP,GMP,GMP,2
2218,9GMP,GMP,GMP,-1
2219,13Baso,Baso,Baso,2
2220,13Baso,Baso,Baso,6
2221,12Baso,Baso,Baso,-1
2222,5Ery,Ery,Ery,3
2223,13Baso,Baso,Baso,-1
2224,15Mo,Mo,Mo,1
2225,14Mo,Mo,Mo,4
2226,10GMP,GMP,GMP,2
2227,15Mo,Mo,Mo,4
2228,4Ery,Ery,Ery,3
2229,5Ery,Ery,Ery,3
2230,8Mk,Mk,Mk,-1
2231,13Baso,Baso,Baso,4
2232,7MEP,MEP,MEP,-1
2233,14Mo,Mo,Mo,4
2234,14Mo,Mo,Mo,4
2235,2Ery,Ery,Ery,10
2236,6Ery,Ery,Ery,-1
2237,2Ery,Ery,Ery,10
2238,13Baso,Baso,Baso,1
2239,7MEP,MEP,MEP,-1
2240,16Neu,Neu,Neu,1
2241,14Mo,Mo,Mo,4
2242,3Ery,Ery,Ery,10
2243,16Neu,Neu,Neu,1
2244,19Lymph,Lymph,Lymph,-1
2245,10GMP,GMP,GMP,2
2246,12Baso,Baso,Baso,-1
2247,10GMP,GMP,GMP,-1
2248,13Baso,Baso,Baso,4
2249,1Ery,Ery,Ery,10
2250,16Neu,Neu,Neu,1
2251,6Ery,Ery,Ery,-1
2252,14Mo,Mo,Mo,6
2253,2Ery,Ery,Ery,8
2254,14Mo,Mo,Mo,4
2255,10GMP,GMP,GMP,-1
2256,14Mo,Mo,Mo,2
2257,16Neu,Neu,Neu,1
2258,9GMP,GMP,GMP,-1
2259,3Ery,Ery,Ery,7
2260,3Ery,Ery,Ery,9
2261,14Mo,Mo,Mo,1
2262,2Ery,Ery,Ery,10
2263,12Baso,Baso,Baso,-1
2264,9GMP,GMP,GMP,-1
2265,1Ery,Ery,Ery,8
2266,3Ery,Ery,Ery,3
2267,5Ery,Ery,Ery,10
2268,2Ery,Ery,Ery,10
2269,8Mk,Mk,Mk,2
2270,2Ery,Ery,Ery,8
2271,16Neu,Neu,Neu,1
2272,5Ery,Ery,Ery,3
2273,10GMP,GMP,GMP,7
2274,13Baso,Baso,Baso,4
2275,16Neu,Neu,Neu,1
2276,14Mo,Mo,Mo,4
2277,2Ery,Ery,Ery,10
2278,5Ery,Ery,Ery,3
2279,15Mo,Mo,Mo,4
2280,7MEP,MEP,MEP,-1
2281,15Mo,Mo,Mo,1
2282,5Ery,Ery,Ery,3
2283,6Ery,Ery,Ery,7
2284,5Ery,Ery,Ery,7
2285,2Ery,Ery,Ery,3
2286,3Ery,Ery,Ery,9
2287,15Mo,Mo,Mo,1
2288,7MEP,MEP,MEP,-1
2289,3Ery,Ery,Ery,5
2290,15Mo,Mo,Mo,4
2291,16Neu,Neu,Neu,1
2292,6Ery,Ery,Ery,2
2293,7MEP,MEP,MEP,-1
2294,6Ery,Ery,Ery,7
2295,6Ery,Ery,Ery,7
2296,10GMP,GMP,GMP,-1
2297,4Ery,Ery,Ery,9
2298,13Baso,Baso,Baso,4
2299,14Mo,Mo,Mo,1
2300,13Baso,Baso,Baso,1
2301,3Ery,Ery,Ery,5
2302,6Ery,Ery,Ery,2
2303,8Mk,Mk,Mk,-1
2304,14Mo,Mo,Mo,4
2305,2Ery,Ery,Ery,10
2306,9GMP,GMP,GMP,-1
2307,6Ery,Ery,Ery,7
2308,15Mo,Mo,Mo,2
2309,13Baso,Baso,Baso,4
2310,3Ery,Ery,Ery,10
2311,16Neu,Neu,Neu,1
2312,2Ery,Ery,Ery,10
2313,9GMP,GMP,GMP,-1
2314,14Mo,Mo,Mo,1
2315,3Ery,Ery,Ery,5
2316,14Mo,Mo,Mo,4
2317,14Mo,Mo,Mo,4
2318,16Neu,Neu,Neu,4
2319,14Mo,Mo,Mo,4
2320,9GMP,GMP,GMP,-1
2321,3Ery,Ery,Ery,9
2322,13Baso,Baso,Baso,6
2323,10GMP,GMP,GMP,-1
2324,14Mo,Mo,Mo,1
2325,3Ery,Ery,Ery,-1
2326,6Ery,Ery,Ery,-1
2327,14Mo,Mo,Mo,4
2328,4Ery,Ery,Ery,3
2329,3Ery,Ery,Ery,5
2330,2Ery,Ery,Ery,10
2331,2Ery,Ery,Ery,10
2332,14Mo,Mo,Mo,1
2333,2Ery,Ery,Ery,10
2334,8Mk,Mk,Mk,-1
2335,10GMP,GMP,GMP,2
2336,10GMP,GMP,GMP,-1
2337,14Mo,Mo,Mo,1
2338,10GMP,GMP,GMP,-1
2339,16Neu,Neu,Neu,1
2340,10GMP,GMP,GMP,2
2341,10GMP,GMP,GMP,2
2342,13Baso,Baso,Baso,6
2343,16Neu,Neu,Neu,1
2344,2Ery,Ery,Ery,10
2345,16Neu,Neu,Neu,1
2346,2Ery,Ery,Ery,10
2347,14Mo,Mo,Mo,4
2348,11DC,DC,DC,-1
2349,14Mo,Mo,Mo,4
2350,11DC,DC,DC,-1
2351,14Mo,Mo,Mo,-1
2352,13Baso,Baso,Baso,4
2353,2Ery,Ery,Ery,10
2354,2Ery,Ery,Ery,9
2355,16Neu,Neu,Neu,1
2356,2Ery,Ery,Ery,10
2357,2Ery,Ery,Ery,10
2358,14Mo,Mo,Mo,4
2359,5Ery,Ery,Ery,10
2360,2Ery,Ery,Ery,10
2361,7MEP,MEP,MEP,-1
2362,9GMP,GMP,GMP,-1
2363,2Ery,Ery,Ery,9
2364,10GMP,GMP,GMP,-1
2365,7MEP,MEP,MEP,-1
2366,6Ery,Ery,Ery,-1
2367,15Mo,Mo,Mo,4
2368,5Ery,Ery,Ery,3
2369,5Ery,Ery,Ery,3
2370,15Mo,Mo,Mo,1
2371,14Mo,Mo,Mo,-1
2372,8Mk,Mk,Mk,-1
2373,14Mo,Mo,Mo,6
2374,15Mo,Mo,Mo,1
2375,4Ery,Ery,Ery,-1
2376,14Mo,Mo,Mo,4
2377,13Baso,Baso,Baso,-1
2378,6Ery,Ery,Ery,-1
2379,4Ery,Ery,Ery,5
2380,13Baso,Baso,Baso,6
2381,4Ery,Ery,Ery,3
2382,9GMP,GMP,GMP,-1
2383,3Ery,Ery,Ery,5
2384,8Mk,Mk,Mk,-1
2385,8Mk,Mk,Mk,2
2386,15Mo,Mo,Mo,1
2387,2Ery,Ery,Ery,8
2388,12Baso,Baso,Baso,-1
2389,3Ery,Ery,Ery,7
2390,15Mo,Mo,Mo,1
2391,15Mo,Mo,Mo,1
2392,9GMP,GMP,GMP,-1
2393,3Ery,Ery,Ery,5
2394,10GMP,GMP,GMP,-1
2395,15Mo,Mo,Mo,1
2396,16Neu,Neu,Neu,1
2397,4Ery,Ery,Ery,3
2398,3Ery,Ery,Ery,7
2399,14Mo,Mo,Mo,6
2400,3Ery,Ery,Ery,5
2401,16Neu,Neu,Neu,1
2402,6Ery,Ery,Ery,2
2403,5Ery,Ery,Ery,7
2404,13Baso,Baso,Baso,2
2405,13Baso,Baso,Baso,2
2406,11DC,DC,DC,6
2407,13Baso,Baso,Baso,6
2408,8Mk,Mk,Mk,-1
2409,2Ery,Ery,Ery,8
2410,13Baso,Baso,Baso,4
2411,13Baso,Baso,Baso,6
2412,8Mk,Mk,Mk,2
2413,8Mk,Mk,Mk,-1
2414,15Mo,Mo,Mo,1
2415,14Mo,Mo,Mo,4
2416,14Mo,Mo,Mo,-1
2417,19Lymph,Lymph,Lymph,-1
2418,6Ery,Ery,Ery,-1
2419,5Ery,Ery,Ery,7
2420,15Mo,Mo,Mo,2
2421,7MEP,MEP,MEP,-1
2422,15Mo,Mo,Mo,1
2423,15Mo,Mo,Mo,1
2424,6Ery,Ery,Ery,7
2425,12Baso,Baso,Baso,-1
2426,2Ery,Ery,Ery,8
2427,13Baso,Baso,Baso,6
2428,3Ery,Ery,Ery,-1
2429,4Ery,Ery,Ery,5
2430,14Mo,Mo,Mo,1
2431,10GMP,GMP,GMP,1
2432,16Neu,Neu,Neu,1
2433,15Mo,Mo,Mo,1
2434,6Ery,Ery,Ery,-1
2435,13Baso,Baso,Baso,6
2436,19Lymph,Lymph,Lymph,-1
2437,15Mo,Mo,Mo,1
2438,6Ery,Ery,Ery,-1
2439,2Ery,Ery,Ery,8
2440,15Mo,Mo,Mo,1
2441,3Ery,Ery,Ery,5
2442,13Baso,Baso,Baso,-1
2443,6Ery,Ery,Ery,-1
2444,13Baso,Baso,Baso,2
2445,9GMP,GMP,GMP,-1
2446,10GMP,GMP,GMP,-1
2447,10GMP,GMP,GMP,2
2448,14Mo,Mo,Mo,4
2449,2Ery,Ery,Ery,8
2450,6Ery,Ery,Ery,-1
2451,10GMP,GMP,GMP,2
2452,7MEP,MEP,MEP,-1
2453,6Ery,Ery,Ery,-1
2454,14Mo,Mo,Mo,4
2455,2Ery,Ery,Ery,9
2456,2Ery,Ery,Ery,8
2457,7MEP,MEP,MEP,-1
2458,5Ery,Ery,Ery,3
2459,13Baso,Baso,Baso,6
2460,13Baso,Baso,Baso,6
2461,14Mo,Mo,Mo,6
2462,3Ery,Ery,Ery,5
2463,13Baso,Baso,Baso,4
2464,4Ery,Ery,Ery,3
2465,3Ery,Ery,Ery,5
2466,2Ery,Ery,Ery,8
2467,15Mo,Mo,Mo,-1
2468,7MEP,MEP,MEP,-1
2469,1Ery,Ery,Ery,8
2470,15Mo,Mo,Mo,1
2471,2Ery,Ery,Ery,5
2472,13Baso,Baso,Baso,-1
2473,8Mk,Mk,Mk,-1
2474,9GMP,GMP,GMP,2
2475,19Lymph,Lymph,Lymph,-1
2476,11DC,DC,DC,-1
2477,8Mk,Mk,Mk,-1
2478,17Neu,Neu,Neu,-1
2479,13Baso,Baso,Baso,6
2480,13Baso,Baso,Baso,2
2481,13Baso,Baso,Baso,2
2482,3Ery,Ery,Ery,5
2483,12Baso,Baso,Baso,-1
2484,16Neu,Neu,Neu,1
2485,10GMP,GMP,GMP,2
2486,15Mo,Mo,Mo,1
2487,7MEP,MEP,MEP,-1
2488,13Baso,Baso,Baso,2
2489,13Baso,Baso,Baso,6
2490,14Mo,Mo,Mo,1
2491,16Neu,Neu,Neu,1
2492,3Ery,Ery,Ery,5
2493,7MEP,MEP,MEP,-1
2494,13Baso,Baso,Baso,4
2495,13Baso,Baso,Baso,4
2496,3Ery,Ery,Ery,3
2497,1Ery,Ery,Ery,5
2498,14Mo,Mo,Mo,6
2499,15Mo,Mo,Mo,1
2500,10GMP,GMP,GMP,2
2501,15Mo,Mo,Mo,4
2502,4Ery,Ery,Ery,5
2503,9GMP,GMP,GMP,-1
2504,14Mo,Mo,Mo,1
2505,9GMP,GMP,GMP,2
2506,13Baso,Baso,Baso,2
2507,10GMP,GMP,GMP,-1
2508,9GMP,GMP,GMP,-1
2509,5Ery,Ery,Ery,7
2510,2Ery,Ery,Ery,8
2511,7MEP,MEP,MEP,-1
2512,13Baso,Baso,Baso,6
2513,6Ery,Ery,Ery,7
2514,7MEP,MEP,MEP,-1
2515,10GMP,GMP,GMP,-1
2516,7MEP,MEP,MEP,-1
2517,10GMP,GMP,GMP,2
2518,3Ery,Ery,Ery,3
2519,5Ery,Ery,Ery,5
2520,10GMP,GMP,GMP,-1
2521,6Ery,Ery,Ery,-1
2522,19Lymph,Lymph,Lymph,-1
2523,8Mk,Mk,Mk,2
2524,4Ery,Ery,Ery,3
2525,14Mo,Mo,Mo,4
2526,16Neu,Neu,Neu,1
2527,14Mo,Mo,Mo,4
2528,10GMP,GMP,GMP,2
2529,10GMP,GMP,GMP,-1
2530,13Baso,Baso,Baso,6
2531,7MEP,MEP,MEP,-1
2532,15Mo,Mo,Mo,1
2533,10GMP,GMP,GMP,2
2534,15Mo,Mo,Mo,1
2535,15Mo,Mo,Mo,1
2536,14Mo,Mo,Mo,2
2537,5Ery,Ery,Ery,7
2538,13Baso,Baso,Baso,6
2539,9GMP,GMP,GMP,-1
2540,7MEP,MEP,MEP,-1
2541,14Mo,Mo,Mo,1
2542,6Ery,Ery,Ery,7
2543,2Ery,Ery,Ery,8
2544,8Mk,Mk,Mk,-1
2545,7MEP,MEP,MEP,-1
2546,5Ery,Ery,Ery,7
2547,7MEP,MEP,MEP,-1
2548,13Baso,Baso,Baso,6
2549,7MEP,MEP,MEP,-1
2550,5Ery,Ery,Ery,3
2551,8Mk,Mk,Mk,2
2552,2Ery,Ery,Ery,8
2553,2Ery,Ery,Ery,8
2554,4Ery,Ery,Ery,3
2555,14Mo,Mo,Mo,4
2556,15Mo,Mo,Mo,1
2557,13Baso,Baso,Baso,2
2558,3Ery,Ery,Ery,5
2559,2Ery,Ery,Ery,5
2560,5Ery,Ery,Ery,-1
2561,13Baso,Baso,Baso,4
2562,3Ery,Ery,Ery,3
2563,6Ery,Ery,Ery,-1
2564,8Mk,Mk,Mk,-1
2565,6Ery,Ery,Ery,-1
2566,15Mo,Mo,Mo,1
2567,2Ery,Ery,Ery,3
2568,5Ery,Ery,Ery,3
2569,6Ery,Ery,Ery,-1
2570,9GMP,GMP,GMP,-1
2571,8Mk,Mk,Mk,-1
2572,15Mo,Mo,Mo,1
2573,13Baso,Baso,Baso,6
2574,10GMP,GMP,GMP,-1
2575,15Mo,Mo,Mo,1
2576,15Mo,Mo,Mo,1
2577,2Ery,Ery,Ery,9
2578,13Baso,Baso,Baso,4
2579,14Mo,Mo,Mo,4
2580,9GMP,GMP,GMP,-1
2581,2Ery,Ery,Ery,5
2582,3Ery,Ery,Ery,5
2583,17Neu,Neu,Neu,-1
2584,16Neu,Neu,Neu,1
2585,13Baso,Baso,Baso,4
2586,6Ery,Ery,Ery,-1
2587,13Baso,Baso,Baso,4
2588,10GMP,GMP,GMP,-1
2589,13Baso,Baso,Baso,4
2590,13Baso,Baso,Baso,4
2591,2Ery,Ery,Ery,3
2592,6Ery,Ery,Ery,-1
2593,15Mo,Mo,Mo,1
2594,14Mo,Mo,Mo,1
2595,14Mo,Mo,Mo,6
2596,13Baso,Baso,Baso,2
2597,14Mo,Mo,Mo,4
2598,6Ery,Ery,Ery,7
2599,13Baso,Baso,Baso,4
2600,17Neu,Neu,Neu,-1
2601,2Ery,Ery,Ery,3
2602,6Ery,Ery,Ery,-1
2603,7MEP,MEP,MEP,-1
2604,10GMP,GMP,GMP,2
2605,10GMP,GMP,GMP,-1
2606,6Ery,Ery,Ery,7
2607,15Mo,Mo,Mo,1
2608,15Mo,Mo,Mo,1
2609,6Ery,Ery,Ery,-1
2610,4Ery,Ery,Ery,3
2611,8Mk,Mk,Mk,-1
2612,6Ery,Ery,Ery,-1
2613,13Baso,Baso,Baso,1
2614,13Baso,Baso,Baso,2
2615,5Ery,Ery,Ery,7
2616,10GMP,GMP,GMP,-1
2617,10GMP,GMP,GMP,7
2618,10GMP,GMP,GMP,2
2619,2Ery,Ery,Ery,3
2620,11DC,DC,DC,-1
2621,16Neu,Neu,Neu,1
2622,14Mo,Mo,Mo,2
2623,5Ery,Ery,Ery,7
2624,10GMP,GMP,GMP,2
2625,6Ery,Ery,Ery,7
2626,2Ery,Ery,Ery,8
2627,10GMP,GMP,GMP,2
2628,15Mo,Mo,Mo,1
2629,16Neu,Neu,Neu,1
2630,6Ery,Ery,Ery,-1
2631,19Lymph,Lymph,Lymph,-1
2632,10GMP,GMP,GMP,2
2633,15Mo,Mo,Mo,1
2634,13Baso,Baso,Baso,6
2635,5Ery,Ery,Ery,7
2636,7MEP,MEP,MEP,-1
2637,4Ery,Ery,Ery,3
2638,7MEP,MEP,MEP,-1
2639,3Ery,Ery,Ery,7
2640,19Lymph,Lymph,Lymph,1
2641,13Baso,Baso,Baso,1
2642,13Baso,Baso,Baso,6
2643,13Baso,Baso,Baso,2
2644,3Ery,Ery,Ery,3
2645,1Ery,Ery,Ery,8
2646,15Mo,Mo,Mo,1
2647,8Mk,Mk,Mk,-1
2648,7MEP,MEP,MEP,-1
2649,7MEP,MEP,MEP,-1
2650,13Baso,Baso,Baso,-1
2651,13Baso,Baso,Baso,2
2652,5Ery,Ery,Ery,3
2653,6Ery,Ery,Ery,-1
2654,15Mo,Mo,Mo,1
2655,13Baso,Baso,Baso,4
2656,14Mo,Mo,Mo,4
2657,10GMP,GMP,GMP,-1
2658,13Baso,Baso,Baso,-1
2659,7MEP,MEP,MEP,-1
2660,15Mo,Mo,Mo,1
2661,8Mk,Mk,Mk,2
2662,9GMP,GMP,GMP,2
2663,4Ery,Ery,Ery,7
2664,17Neu,Neu,Neu,-1
2665,2Ery,Ery,Ery,8
2666,14Mo,Mo,Mo,4
2667,15Mo,Mo,Mo,1
2668,14Mo,Mo,Mo,1
2669,6Ery,Ery,Ery,7
2670,6Ery,Ery,Ery,-1
2671,10GMP,GMP,GMP,-1
2672,6Ery,Ery,Ery,-1
2673,13Baso,Baso,Baso,2
2674,6Ery,Ery,Ery,-1
2675,12Baso,Baso,Baso,-1
2676,3Ery,Ery,Ery,5
2677,13Baso,Baso,Baso,4
2678,13Baso,Baso,Baso,4
2679,16Neu,Neu,Neu,1
2680,10GMP,GMP,GMP,2
2681,16Neu,Neu,Neu,1
2682,13Baso,Baso,Baso,4
2683,5Ery,Ery,Ery,7
2684,2Ery,Ery,Ery,8
2685,9GMP,GMP,GMP,-1
2686,16Neu,Neu,Neu,1
2687,8Mk,Mk,Mk,-1
2688,11DC,DC,DC,-1
2689,13Baso,Baso,Baso,2
2690,10GMP,GMP,GMP,-1
2691,5Ery,Ery,Ery,7
2692,15Mo,Mo,Mo,1
2693,13Baso,Baso,Baso,6
2694,9GMP,GMP,GMP,-1
2695,14Mo,Mo,Mo,1
2696,13Baso,Baso,Baso,2
2697,14Mo,Mo,Mo,1
2698,15Mo,Mo,Mo,1
2699,15Mo,Mo,Mo,1
2700,10GMP,GMP,GMP,2
2701,15Mo,Mo,Mo,1
2702,16Neu,Neu,Neu,1
2703,6Ery,Ery,Ery,7
2704,2Ery,Ery,Ery,8
2705,13Baso,Baso,Baso,6
2706,5Ery,Ery,Ery,-1
2707,7MEP,MEP,MEP,-1
2708,19Lymph,Lymph,Lymph,-1
2709,6Ery,Ery,Ery,-1
2710,13Baso,Baso,Baso,2
2711,2Ery,Ery,Ery,8
2712,11DC,DC,DC,-1
2713,7MEP,MEP,MEP,-1
2714,13Baso,Baso,Baso,-1
2715,2Ery,Ery,Ery,3
2716,14Mo,Mo,Mo,4
2717,13Baso,Baso,Baso,4
2718,8Mk,Mk,Mk,2
2719,13Baso,Baso,Baso,2
2720,7MEP,MEP,MEP,2
2721,10GMP,GMP,GMP,2
2722,10GMP,GMP,GMP,-1
2723,14Mo,Mo,Mo,1
2724,16Neu,Neu,Neu,1
2725,2Ery,Ery,Ery,3
2726,13Baso,Baso,Baso,4
2727,7MEP,MEP,MEP,-1
2728,15Mo,Mo,Mo,1
2729,3Ery,Ery,Ery,3
