,paul15_clusters,paul15_label,celltype,sc3s_labels
0,7MEP,MEP,MEP,5
1,15Mo,Mo,Mo,0
2,3Ery,Ery,Ery,2
3,15Mo,Mo,Mo,3
4,3Ery,Ery,Ery,2
5,15Mo,Mo,Mo,9
6,4Ery,Ery,Ery,1
7,2Ery,Ery,Ery,5
8,3Ery,Ery,Ery,1
9,2Ery,Ery,Ery,6
10,2Ery,Ery,Ery,2
11,17Neu,Neu,Neu,4
12,14Mo,Mo,Mo,9
13,13Baso,Baso,Baso,9
14,3Ery,Ery,Ery,6
15,7MEP,MEP,MEP,5
16,3Ery,Ery,Ery,2
17,3Ery,Ery,Ery,2
18,2Ery,Ery,Ery,6
19,8Mk,Mk,Mk,5
20,3Ery,Ery,Ery,1
21,9GMP,GMP,GMP,4
22,8Mk,Mk,Mk,5
23,10GMP,GMP,GMP,4
24,15Mo,Mo,Mo,8
25,16Neu,Neu,Neu,3
26,4Ery,Ery,Ery,6
27,13Baso,Baso,Baso,4
28,17Neu,Neu,Neu,4
29,3Ery,Ery,Ery,2
30,2Ery,Ery,Ery,2
31,3Ery,Ery,Ery,2
32,5Ery,Ery,Ery,1
33,3Ery,Ery,Ery,1
34,13Baso,Baso,Baso,9
35,1Ery,Ery,Ery,6
36,3Ery,Ery,Ery,2
37,6Ery,Ery,Ery,1
38,15Mo,Mo,Mo,3
39,3Ery,Ery,Ery,1
40,3Ery,Ery,Ery,6
41,14Mo,Mo,Mo,0
42,19Lymph,Lymph,Lymph,4
43,12Baso,Baso,Baso,4
44,3Ery,Ery,Ery,2
45,14Mo,Mo,Mo,0
46,6Ery,Ery,Ery,6
47,4Ery,Ery,Ery,2
48,7MEP,MEP,MEP,4
49,2Ery,Ery,Ery,6
50,13Baso,Baso,Baso,9
51,14Mo,Mo,Mo,3
52,6Ery,Ery,Ery,1
53,18Eos,Eos,Eos,4
54,4Ery,Ery,Ery,2
55,3Ery,Ery,Ery,6
56,3Ery,Ery,Ery,6
57,14Mo,Mo,Mo,0
58,2Ery,Ery,Ery,6
59,13Baso,Baso,Baso,8
60,2Ery,Ery,Ery,6
61,13Baso,Baso,Baso,0
62,13Baso,Baso,Baso,0
63,14Mo,Mo,Mo,0
64,7MEP,MEP,MEP,5
65,7MEP,MEP,MEP,1
66,7MEP,MEP,MEP,5
67,10GMP,GMP,GMP,9
68,12Baso,Baso,Baso,4
69,6Ery,Ery,Ery,1
70,5Ery,Ery,Ery,1
71,5Ery,Ery,Ery,6
72,14Mo,Mo,Mo,3
73,4Ery,Ery,Ery,2
74,16Neu,Neu,Neu,3
75,16Neu,Neu,Neu,3
76,3Ery,Ery,Ery,2
77,2Ery,Ery,Ery,6
78,6Ery,Ery,Ery,6
79,13Baso,Baso,Baso,8
80,13Baso,Baso,Baso,9
81,10GMP,GMP,GMP,4
82,14Mo,Mo,Mo,3
83,5Ery,Ery,Ery,6
84,7MEP,MEP,MEP,5
85,7MEP,MEP,MEP,5
86,5Ery,Ery,Ery,6
87,6Ery,Ery,Ery,1
88,2Ery,Ery,Ery,6
89,10GMP,GMP,GMP,5
90,10GMP,GMP,GMP,4
91,2Ery,Ery,Ery,6
92,7MEP,MEP,MEP,4
93,6Ery,Ery,Ery,1
94,7MEP,MEP,MEP,5
95,14Mo,Mo,Mo,8
96,16Neu,Neu,Neu,8
97,10GMP,GMP,GMP,9
98,3Ery,Ery,Ery,6
99,3Ery,Ery,Ery,2
100,13Baso,Baso,Baso,0
101,1Ery,Ery,Ery,6
102,14Mo,Mo,Mo,0
103,15Mo,Mo,Mo,0
104,2Ery,Ery,Ery,6
105,5Ery,Ery,Ery,1
106,2Ery,Ery,Ery,6
107,5Ery,Ery,Ery,1
108,3Ery,Ery,Ery,2
109,14Mo,Mo,Mo,0
110,10GMP,GMP,GMP,9
111,2Ery,Ery,Ery,6
112,7MEP,MEP,MEP,5
113,4Ery,Ery,Ery,2
114,9GMP,GMP,GMP,5
115,7MEP,MEP,MEP,5
116,3Ery,Ery,Ery,6
117,16Neu,Neu,Neu,3
118,11DC,DC,DC,7
119,10GMP,GMP,GMP,4
120,6Ery,Ery,Ery,1
121,3Ery,Ery,Ery,1
122,2Ery,Ery,Ery,6
123,5Ery,Ery,Ery,6
124,2Ery,Ery,Ery,6
125,2Ery,Ery,Ery,6
126,5Ery,Ery,Ery,1
127,14Mo,Mo,Mo,8
128,5Ery,Ery,Ery,1
129,14Mo,Mo,Mo,0
130,3Ery,Ery,Ery,1
131,2Ery,Ery,Ery,6
132,16Neu,Neu,Neu,3
133,2Ery,Ery,Ery,6
134,13Baso,Baso,Baso,4
135,16Neu,Neu,Neu,3
136,2Ery,Ery,Ery,6
137,3Ery,Ery,Ery,6
138,3Ery,Ery,Ery,2
139,14Mo,Mo,Mo,8
140,5Ery,Ery,Ery,6
141,16Neu,Neu,Neu,3
142,14Mo,Mo,Mo,0
143,14Mo,Mo,Mo,4
144,13Baso,Baso,Baso,0
145,3Ery,Ery,Ery,6
146,14Mo,Mo,Mo,8
147,7MEP,MEP,MEP,5
148,14Mo,Mo,Mo,9
149,10GMP,GMP,GMP,4
150,2Ery,Ery,Ery,1
151,14Mo,Mo,Mo,4
152,15Mo,Mo,Mo,3
153,14Mo,Mo,Mo,0
154,16Neu,Neu,Neu,3
155,10GMP,GMP,GMP,5
156,7MEP,MEP,MEP,5
157,5Ery,Ery,Ery,1
158,16Neu,Neu,Neu,3
159,2Ery,Ery,Ery,6
160,16Neu,Neu,Neu,3
161,14Mo,Mo,Mo,3
162,10GMP,GMP,GMP,9
163,16Neu,Neu,Neu,3
164,8Mk,Mk,Mk,5
165,7MEP,MEP,MEP,5
166,14Mo,Mo,Mo,0
167,7MEP,MEP,MEP,5
168,2Ery,Ery,Ery,6
169,14Mo,Mo,Mo,0
170,14Mo,Mo,Mo,8
171,4Ery,Ery,Ery,6
172,5Ery,Ery,Ery,6
173,14Mo,Mo,Mo,4
174,14Mo,Mo,Mo,8
175,10GMP,GMP,GMP,5
176,6Ery,Ery,Ery,5
177,5Ery,Ery,Ery,6
178,14Mo,Mo,Mo,8
179,3Ery,Ery,Ery,2
180,5Ery,Ery,Ery,6
181,15Mo,Mo,Mo,0
182,5Ery,Ery,Ery,6
183,14Mo,Mo,Mo,0
184,16Neu,Neu,Neu,0
185,8Mk,Mk,Mk,5
186,3Ery,Ery,Ery,2
187,14Mo,Mo,Mo,3
188,12Baso,Baso,Baso,4
189,14Mo,Mo,Mo,9
190,3Ery,Ery,Ery,2
191,5Ery,Ery,Ery,1
192,16Neu,Neu,Neu,4
193,15Mo,Mo,Mo,3
194,13Baso,Baso,Baso,0
195,5Ery,Ery,Ery,6
196,3Ery,Ery,Ery,2
197,13Baso,Baso,Baso,9
198,12Baso,Baso,Baso,4
199,8Mk,Mk,Mk,5
200,7MEP,MEP,MEP,5
201,6Ery,Ery,Ery,1
202,2Ery,Ery,Ery,6
203,3Ery,Ery,Ery,2
204,3Ery,Ery,Ery,2
205,15Mo,Mo,Mo,0
206,3Ery,Ery,Ery,1
207,3Ery,Ery,Ery,2
208,3Ery,Ery,Ery,1
209,8Mk,Mk,Mk,1
210,2Ery,Ery,Ery,6
211,2Ery,Ery,Ery,6
212,14Mo,Mo,Mo,0
213,3Ery,Ery,Ery,2
214,15Mo,Mo,Mo,3
215,14Mo,Mo,Mo,0
216,7MEP,MEP,MEP,1
217,15Mo,Mo,Mo,3
218,3Ery,Ery,Ery,2
219,3Ery,Ery,Ery,2
220,13Baso,Baso,Baso,4
221,15Mo,Mo,Mo,0
222,3Ery,Ery,Ery,2
223,15Mo,Mo,Mo,3
224,13Baso,Baso,Baso,0
225,3Ery,Ery,Ery,1
226,15Mo,Mo,Mo,3
227,15Mo,Mo,Mo,3
228,13Baso,Baso,Baso,0
229,19Lymph,Lymph,Lymph,7
230,4Ery,Ery,Ery,6
231,3Ery,Ery,Ery,6
232,14Mo,Mo,Mo,8
233,4Ery,Ery,Ery,2
234,6Ery,Ery,Ery,1
235,16Neu,Neu,Neu,3
236,14Mo,Mo,Mo,0
237,3Ery,Ery,Ery,6
238,17Neu,Neu,Neu,4
239,15Mo,Mo,Mo,0
240,4Ery,Ery,Ery,6
241,3Ery,Ery,Ery,2
242,6Ery,Ery,Ery,1
243,14Mo,Mo,Mo,0
244,3Ery,Ery,Ery,1
245,16Neu,Neu,Neu,3
246,14Mo,Mo,Mo,0
247,15Mo,Mo,Mo,3
248,7MEP,MEP,MEP,1
249,13Baso,Baso,Baso,9
250,15Mo,Mo,Mo,9
251,14Mo,Mo,Mo,0
252,3Ery,Ery,Ery,2
253,2Ery,Ery,Ery,6
254,2Ery,Ery,Ery,2
255,14Mo,Mo,Mo,3
256,2Ery,Ery,Ery,6
257,13Baso,Baso,Baso,4
258,2Ery,Ery,Ery,2
259,3Ery,Ery,Ery,2
260,13Baso,Baso,Baso,9
261,12Baso,Baso,Baso,5
262,2Ery,Ery,Ery,6
263,10GMP,GMP,GMP,5
264,5Ery,Ery,Ery,6
265,13Baso,Baso,Baso,8
266,3Ery,Ery,Ery,2
267,9GMP,GMP,GMP,9
268,15Mo,Mo,Mo,3
269,2Ery,Ery,Ery,6
270,10GMP,GMP,GMP,4
271,5Ery,Ery,Ery,6
272,5Ery,Ery,Ery,6
273,2Ery,Ery,Ery,6
274,14Mo,Mo,Mo,4
275,13Baso,Baso,Baso,8
276,2Ery,Ery,Ery,6
277,14Mo,Mo,Mo,0
278,16Neu,Neu,Neu,3
279,12Baso,Baso,Baso,5
280,14Mo,Mo,Mo,8
281,14Mo,Mo,Mo,8
282,3Ery,Ery,Ery,6
283,14Mo,Mo,Mo,8
284,13Baso,Baso,Baso,9
285,12Baso,Baso,Baso,4
286,5Ery,Ery,Ery,6
287,10GMP,GMP,GMP,5
288,14Mo,Mo,Mo,8
289,4Ery,Ery,Ery,6
290,15Mo,Mo,Mo,8
291,11DC,DC,DC,7
292,3Ery,Ery,Ery,2
293,4Ery,Ery,Ery,2
294,4Ery,Ery,Ery,1
295,4Ery,Ery,Ery,6
296,4Ery,Ery,Ery,6
297,5Ery,Ery,Ery,1
298,1Ery,Ery,Ery,6
299,16Neu,Neu,Neu,3
300,14Mo,Mo,Mo,0
301,2Ery,Ery,Ery,6
302,5Ery,Ery,Ery,6
303,15Mo,Mo,Mo,3
304,5Ery,Ery,Ery,1
305,2Ery,Ery,Ery,6
306,5Ery,Ery,Ery,6
307,1Ery,Ery,Ery,6
308,7MEP,MEP,MEP,5
309,2Ery,Ery,Ery,6
310,14Mo,Mo,Mo,3
311,10GMP,GMP,GMP,5
312,2Ery,Ery,Ery,6
313,14Mo,Mo,Mo,8
314,6Ery,Ery,Ery,1
315,9GMP,GMP,GMP,4
316,3Ery,Ery,Ery,2
317,2Ery,Ery,Ery,6
318,3Ery,Ery,Ery,6
319,12Baso,Baso,Baso,5
320,2Ery,Ery,Ery,6
321,18Eos,Eos,Eos,4
322,5Ery,Ery,Ery,6
323,3Ery,Ery,Ery,6
324,15Mo,Mo,Mo,0
325,14Mo,Mo,Mo,4
326,2Ery,Ery,Ery,6
327,6Ery,Ery,Ery,5
328,14Mo,Mo,Mo,4
329,2Ery,Ery,Ery,6
330,5Ery,Ery,Ery,6
331,12Baso,Baso,Baso,4
332,7MEP,MEP,MEP,5
333,17Neu,Neu,Neu,4
334,14Mo,Mo,Mo,8
335,2Ery,Ery,Ery,6
336,5Ery,Ery,Ery,1
337,2Ery,Ery,Ery,6
338,14Mo,Mo,Mo,0
339,13Baso,Baso,Baso,8
340,15Mo,Mo,Mo,0
341,2Ery,Ery,Ery,6
342,13Baso,Baso,Baso,8
343,16Neu,Neu,Neu,3
344,5Ery,Ery,Ery,6
345,14Mo,Mo,Mo,0
346,16Neu,Neu,Neu,3
347,14Mo,Mo,Mo,8
348,16Neu,Neu,Neu,3
349,14Mo,Mo,Mo,8
350,8Mk,Mk,Mk,5
351,10GMP,GMP,GMP,9
352,14Mo,Mo,Mo,8
353,5Ery,Ery,Ery,6
354,7MEP,MEP,MEP,5
355,2Ery,Ery,Ery,6
356,14Mo,Mo,Mo,4
357,13Baso,Baso,Baso,0
358,2Ery,Ery,Ery,6
359,5Ery,Ery,Ery,6
360,14Mo,Mo,Mo,8
361,14Mo,Mo,Mo,0
362,9GMP,GMP,GMP,9
363,4Ery,Ery,Ery,2
364,10GMP,GMP,GMP,4
365,13Baso,Baso,Baso,8
366,10GMP,GMP,GMP,4
367,7MEP,MEP,MEP,5
368,10GMP,GMP,GMP,9
369,3Ery,Ery,Ery,1
370,2Ery,Ery,Ery,6
371,14Mo,Mo,Mo,0
372,10GMP,GMP,GMP,4
373,15Mo,Mo,Mo,3
374,13Baso,Baso,Baso,3
375,7MEP,MEP,MEP,5
376,6Ery,Ery,Ery,5
377,7MEP,MEP,MEP,1
378,5Ery,Ery,Ery,1
379,14Mo,Mo,Mo,8
380,13Baso,Baso,Baso,0
381,10GMP,GMP,GMP,9
382,7MEP,MEP,MEP,1
383,3Ery,Ery,Ery,2
384,7MEP,MEP,MEP,5
385,13Baso,Baso,Baso,9
386,1Ery,Ery,Ery,6
387,14Mo,Mo,Mo,8
388,13Baso,Baso,Baso,0
389,10GMP,GMP,GMP,4
390,9GMP,GMP,GMP,4
391,3Ery,Ery,Ery,1
392,13Baso,Baso,Baso,9
393,2Ery,Ery,Ery,6
394,13Baso,Baso,Baso,4
395,2Ery,Ery,Ery,6
396,6Ery,Ery,Ery,5
397,6Ery,Ery,Ery,1
398,13Baso,Baso,Baso,8
399,3Ery,Ery,Ery,1
400,13Baso,Baso,Baso,8
401,11DC,DC,DC,7
402,14Mo,Mo,Mo,3
403,10GMP,GMP,GMP,4
404,8Mk,Mk,Mk,5
405,9GMP,GMP,GMP,4
406,2Ery,Ery,Ery,6
407,13Baso,Baso,Baso,4
408,14Mo,Mo,Mo,8
409,13Baso,Baso,Baso,4
410,14Mo,Mo,Mo,8
411,5Ery,Ery,Ery,6
412,14Mo,Mo,Mo,8
413,5Ery,Ery,Ery,1
414,13Baso,Baso,Baso,0
415,12Baso,Baso,Baso,4
416,16Neu,Neu,Neu,3
417,11DC,DC,DC,7
418,13Baso,Baso,Baso,4
419,13Baso,Baso,Baso,8
420,2Ery,Ery,Ery,6
421,2Ery,Ery,Ery,6
422,14Mo,Mo,Mo,8
423,7MEP,MEP,MEP,5
424,4Ery,Ery,Ery,6
425,6Ery,Ery,Ery,1
426,13Baso,Baso,Baso,8
427,14Mo,Mo,Mo,4
428,14Mo,Mo,Mo,0
429,6Ery,Ery,Ery,5
430,12Baso,Baso,Baso,4
431,6Ery,Ery,Ery,1
432,14Mo,Mo,Mo,4
433,2Ery,Ery,Ery,6
434,13Baso,Baso,Baso,8
435,13Baso,Baso,Baso,0
436,14Mo,Mo,Mo,8
437,7MEP,MEP,MEP,5
438,7MEP,MEP,MEP,5
439,15Mo,Mo,Mo,3
440,5Ery,Ery,Ery,1
441,5Ery,Ery,Ery,1
442,5Ery,Ery,Ery,1
443,5Ery,Ery,Ery,1
444,15Mo,Mo,Mo,3
445,1Ery,Ery,Ery,6
446,13Baso,Baso,Baso,9
447,10GMP,GMP,GMP,4
448,12Baso,Baso,Baso,4
449,4Ery,Ery,Ery,2
450,7MEP,MEP,MEP,5
451,15Mo,Mo,Mo,3
452,19Lymph,Lymph,Lymph,4
453,13Baso,Baso,Baso,0
454,13Baso,Baso,Baso,0
455,3Ery,Ery,Ery,2
456,3Ery,Ery,Ery,6
457,15Mo,Mo,Mo,3
458,16Neu,Neu,Neu,3
459,13Baso,Baso,Baso,8
460,2Ery,Ery,Ery,6
461,15Mo,Mo,Mo,3
462,17Neu,Neu,Neu,4
463,15Mo,Mo,Mo,3
464,13Baso,Baso,Baso,9
465,16Neu,Neu,Neu,3
466,6Ery,Ery,Ery,5
467,5Ery,Ery,Ery,1
468,15Mo,Mo,Mo,0
469,9GMP,GMP,GMP,5
470,13Baso,Baso,Baso,0
471,15Mo,Mo,Mo,3
472,13Baso,Baso,Baso,8
473,6Ery,Ery,Ery,5
474,7MEP,MEP,MEP,5
475,12Baso,Baso,Baso,4
476,15Mo,Mo,Mo,3
477,2Ery,Ery,Ery,6
478,13Baso,Baso,Baso,4
479,10GMP,GMP,GMP,5
480,14Mo,Mo,Mo,3
481,14Mo,Mo,Mo,0
482,14Mo,Mo,Mo,3
483,15Mo,Mo,Mo,3
484,5Ery,Ery,Ery,1
485,16Neu,Neu,Neu,3
486,5Ery,Ery,Ery,1
487,14Mo,Mo,Mo,0
488,13Baso,Baso,Baso,0
489,15Mo,Mo,Mo,3
490,2Ery,Ery,Ery,6
491,2Ery,Ery,Ery,6
492,2Ery,Ery,Ery,6
493,13Baso,Baso,Baso,8
494,13Baso,Baso,Baso,8
495,5Ery,Ery,Ery,1
496,5Ery,Ery,Ery,1
497,9GMP,GMP,GMP,5
498,14Mo,Mo,Mo,8
499,7MEP,MEP,MEP,5
500,14Mo,Mo,Mo,4
501,11DC,DC,DC,7
502,16Neu,Neu,Neu,3
503,2Ery,Ery,Ery,6
504,2Ery,Ery,Ery,6
505,10GMP,GMP,GMP,5
506,8Mk,Mk,Mk,5
507,2Ery,Ery,Ery,6
508,5Ery,Ery,Ery,1
509,13Baso,Baso,Baso,0
510,13Baso,Baso,Baso,0
511,12Baso,Baso,Baso,9
512,7MEP,MEP,MEP,5
513,7MEP,MEP,MEP,5
514,13Baso,Baso,Baso,0
515,6Ery,Ery,Ery,5
516,5Ery,Ery,Ery,6
517,16Neu,Neu,Neu,3
518,14Mo,Mo,Mo,0
519,13Baso,Baso,Baso,8
520,2Ery,Ery,Ery,6
521,14Mo,Mo,Mo,8
522,5Ery,Ery,Ery,6
523,7MEP,MEP,MEP,5
524,10GMP,GMP,GMP,9
525,19Lymph,Lymph,Lymph,4
526,14Mo,Mo,Mo,4
527,4Ery,Ery,Ery,2
528,14Mo,Mo,Mo,3
529,12Baso,Baso,Baso,4
530,9GMP,GMP,GMP,9
531,15Mo,Mo,Mo,3
532,17Neu,Neu,Neu,4
533,7MEP,MEP,MEP,5
534,16Neu,Neu,Neu,3
535,13Baso,Baso,Baso,0
536,3Ery,Ery,Ery,2
537,15Mo,Mo,Mo,3
538,3Ery,Ery,Ery,2
539,7MEP,MEP,MEP,5
540,8Mk,Mk,Mk,5
541,19Lymph,Lymph,Lymph,4
542,3Ery,Ery,Ery,6
543,13Baso,Baso,Baso,0
544,9GMP,GMP,GMP,9
545,3Ery,Ery,Ery,1
546,3Ery,Ery,Ery,6
547,2Ery,Ery,Ery,6
548,16Neu,Neu,Neu,3
549,14Mo,Mo,Mo,0
550,16Neu,Neu,Neu,3
551,6Ery,Ery,Ery,5
552,14Mo,Mo,Mo,8
553,5Ery,Ery,Ery,1
554,14Mo,Mo,Mo,8
555,14Mo,Mo,Mo,9
556,19Lymph,Lymph,Lymph,4
557,15Mo,Mo,Mo,3
558,13Baso,Baso,Baso,4
559,14Mo,Mo,Mo,3
560,13Baso,Baso,Baso,8
561,17Neu,Neu,Neu,4
562,14Mo,Mo,Mo,8
563,1Ery,Ery,Ery,6
564,2Ery,Ery,Ery,6
565,5Ery,Ery,Ery,1
566,6Ery,Ery,Ery,5
567,15Mo,Mo,Mo,3
568,10GMP,GMP,GMP,4
569,6Ery,Ery,Ery,5
570,10GMP,GMP,GMP,4
571,7MEP,MEP,MEP,5
572,14Mo,Mo,Mo,8
573,13Baso,Baso,Baso,9
574,2Ery,Ery,Ery,6
575,14Mo,Mo,Mo,3
576,14Mo,Mo,Mo,8
577,6Ery,Ery,Ery,5
578,13Baso,Baso,Baso,4
579,14Mo,Mo,Mo,8
580,14Mo,Mo,Mo,8
581,2Ery,Ery,Ery,6
582,6Ery,Ery,Ery,1
583,13Baso,Baso,Baso,9
584,10GMP,GMP,GMP,4
585,15Mo,Mo,Mo,3
586,16Neu,Neu,Neu,3
587,10GMP,GMP,GMP,9
588,1Ery,Ery,Ery,6
589,14Mo,Mo,Mo,0
590,12Baso,Baso,Baso,4
591,10GMP,GMP,GMP,4
592,12Baso,Baso,Baso,5
593,16Neu,Neu,Neu,3
594,10GMP,GMP,GMP,9
595,13Baso,Baso,Baso,0
596,16Neu,Neu,Neu,3
597,6Ery,Ery,Ery,1
598,5Ery,Ery,Ery,1
599,10GMP,GMP,GMP,4
600,13Baso,Baso,Baso,0
601,19Lymph,Lymph,Lymph,4
602,14Mo,Mo,Mo,3
603,5Ery,Ery,Ery,1
604,13Baso,Baso,Baso,8
605,13Baso,Baso,Baso,0
606,13Baso,Baso,Baso,0
607,19Lymph,Lymph,Lymph,4
608,13Baso,Baso,Baso,9
609,4Ery,Ery,Ery,2
610,12Baso,Baso,Baso,5
611,10GMP,GMP,GMP,4
612,11DC,DC,DC,7
613,1Ery,Ery,Ery,6
614,19Lymph,Lymph,Lymph,4
615,3Ery,Ery,Ery,2
616,6Ery,Ery,Ery,5
617,6Ery,Ery,Ery,5
618,2Ery,Ery,Ery,6
619,2Ery,Ery,Ery,6
620,13Baso,Baso,Baso,0
621,3Ery,Ery,Ery,1
622,15Mo,Mo,Mo,3
623,2Ery,Ery,Ery,6
624,10GMP,GMP,GMP,4
625,5Ery,Ery,Ery,1
626,13Baso,Baso,Baso,8
627,9GMP,GMP,GMP,4
628,9GMP,GMP,GMP,4
629,12Baso,Baso,Baso,4
630,17Neu,Neu,Neu,4
631,6Ery,Ery,Ery,1
632,7MEP,MEP,MEP,5
633,6Ery,Ery,Ery,1
634,14Mo,Mo,Mo,0
635,14Mo,Mo,Mo,8
636,19Lymph,Lymph,Lymph,4
637,13Baso,Baso,Baso,0
638,13Baso,Baso,Baso,8
639,2Ery,Ery,Ery,6
640,13Baso,Baso,Baso,4
641,7MEP,MEP,MEP,5
642,3Ery,Ery,Ery,1
643,13Baso,Baso,Baso,4
644,15Mo,Mo,Mo,3
645,13Baso,Baso,Baso,8
646,11DC,DC,DC,7
647,17Neu,Neu,Neu,4
648,13Baso,Baso,Baso,9
649,14Mo,Mo,Mo,8
650,2Ery,Ery,Ery,6
651,11DC,DC,DC,7
652,13Baso,Baso,Baso,9
653,13Baso,Baso,Baso,8
654,2Ery,Ery,Ery,6
655,2Ery,Ery,Ery,6
656,16Neu,Neu,Neu,3
657,14Mo,Mo,Mo,8
658,10GMP,GMP,GMP,4
659,16Neu,Neu,Neu,3
660,13Baso,Baso,Baso,8
661,10GMP,GMP,GMP,9
662,16Neu,Neu,Neu,3
663,2Ery,Ery,Ery,1
664,14Mo,Mo,Mo,8
665,12Baso,Baso,Baso,5
666,9GMP,GMP,GMP,9
667,2Ery,Ery,Ery,6
668,2Ery,Ery,Ery,6
669,2Ery,Ery,Ery,6
670,6Ery,Ery,Ery,1
671,13Baso,Baso,Baso,0
672,14Mo,Mo,Mo,4
673,2Ery,Ery,Ery,6
674,5Ery,Ery,Ery,6
675,16Neu,Neu,Neu,3
676,6Ery,Ery,Ery,5
677,13Baso,Baso,Baso,4
678,14Mo,Mo,Mo,8
679,5Ery,Ery,Ery,1
680,5Ery,Ery,Ery,6
681,2Ery,Ery,Ery,6
682,4Ery,Ery,Ery,6
683,2Ery,Ery,Ery,6
684,10GMP,GMP,GMP,4
685,5Ery,Ery,Ery,1
686,13Baso,Baso,Baso,4
687,13Baso,Baso,Baso,9
688,2Ery,Ery,Ery,6
689,12Baso,Baso,Baso,4
690,12Baso,Baso,Baso,4
691,15Mo,Mo,Mo,3
692,13Baso,Baso,Baso,8
693,13Baso,Baso,Baso,8
694,13Baso,Baso,Baso,0
695,13Baso,Baso,Baso,8
696,10GMP,GMP,GMP,4
697,14Mo,Mo,Mo,3
698,13Baso,Baso,Baso,0
699,7MEP,MEP,MEP,5
700,13Baso,Baso,Baso,8
701,9GMP,GMP,GMP,5
702,14Mo,Mo,Mo,0
703,1Ery,Ery,Ery,6
704,3Ery,Ery,Ery,2
705,13Baso,Baso,Baso,0
706,13Baso,Baso,Baso,0
707,15Mo,Mo,Mo,3
708,2Ery,Ery,Ery,6
709,13Baso,Baso,Baso,9
710,5Ery,Ery,Ery,2
711,14Mo,Mo,Mo,0
712,3Ery,Ery,Ery,2
713,6Ery,Ery,Ery,1
714,2Ery,Ery,Ery,2
715,19Lymph,Lymph,Lymph,4
716,15Mo,Mo,Mo,3
717,12Baso,Baso,Baso,4
718,7MEP,MEP,MEP,5
719,2Ery,Ery,Ery,6
720,8Mk,Mk,Mk,5
721,14Mo,Mo,Mo,0
722,14Mo,Mo,Mo,0
723,8Mk,Mk,Mk,5
724,5Ery,Ery,Ery,1
725,14Mo,Mo,Mo,3
726,2Ery,Ery,Ery,6
727,3Ery,Ery,Ery,2
728,9GMP,GMP,GMP,4
729,5Ery,Ery,Ery,6
730,3Ery,Ery,Ery,6
731,5Ery,Ery,Ery,1
732,14Mo,Mo,Mo,0
733,2Ery,Ery,Ery,2
734,2Ery,Ery,Ery,2
735,14Mo,Mo,Mo,3
736,16Neu,Neu,Neu,3
737,9GMP,GMP,GMP,5
738,16Neu,Neu,Neu,3
739,15Mo,Mo,Mo,3
740,10GMP,GMP,GMP,9
741,3Ery,Ery,Ery,2
742,14Mo,Mo,Mo,8
743,8Mk,Mk,Mk,5
744,14Mo,Mo,Mo,8
745,15Mo,Mo,Mo,0
746,16Neu,Neu,Neu,3
747,5Ery,Ery,Ery,6
748,14Mo,Mo,Mo,0
749,16Neu,Neu,Neu,3
750,4Ery,Ery,Ery,1
751,2Ery,Ery,Ery,6
752,13Baso,Baso,Baso,0
753,14Mo,Mo,Mo,0
754,13Baso,Baso,Baso,9
755,5Ery,Ery,Ery,1
756,13Baso,Baso,Baso,9
757,7MEP,MEP,MEP,5
758,15Mo,Mo,Mo,3
759,6Ery,Ery,Ery,1
760,16Neu,Neu,Neu,3
761,15Mo,Mo,Mo,3
762,12Baso,Baso,Baso,4
763,6Ery,Ery,Ery,5
764,13Baso,Baso,Baso,0
765,14Mo,Mo,Mo,3
766,16Neu,Neu,Neu,3
767,14Mo,Mo,Mo,8
768,14Mo,Mo,Mo,0
769,2Ery,Ery,Ery,6
770,6Ery,Ery,Ery,1
771,6Ery,Ery,Ery,5
772,13Baso,Baso,Baso,9
773,14Mo,Mo,Mo,8
774,16Neu,Neu,Neu,3
775,2Ery,Ery,Ery,2
776,2Ery,Ery,Ery,6
777,5Ery,Ery,Ery,6
778,2Ery,Ery,Ery,6
779,5Ery,Ery,Ery,1
780,1Ery,Ery,Ery,6
781,13Baso,Baso,Baso,9
782,14Mo,Mo,Mo,0
783,14Mo,Mo,Mo,8
784,16Neu,Neu,Neu,3
785,1Ery,Ery,Ery,6
786,6Ery,Ery,Ery,1
787,14Mo,Mo,Mo,0
788,14Mo,Mo,Mo,0
789,15Mo,Mo,Mo,0
790,13Baso,Baso,Baso,0
791,15Mo,Mo,Mo,3
792,1Ery,Ery,Ery,6
793,8Mk,Mk,Mk,5
794,15Mo,Mo,Mo,3
795,14Mo,Mo,Mo,0
796,10GMP,GMP,GMP,4
797,9GMP,GMP,GMP,4
798,4Ery,Ery,Ery,1
799,15Mo,Mo,Mo,3
800,4Ery,Ery,Ery,5
801,11DC,DC,DC,7
802,2Ery,Ery,Ery,6
803,14Mo,Mo,Mo,9
804,14Mo,Mo,Mo,8
805,8Mk,Mk,Mk,5
806,13Baso,Baso,Baso,9
807,6Ery,Ery,Ery,1
808,13Baso,Baso,Baso,9
809,4Ery,Ery,Ery,6
810,13Baso,Baso,Baso,9
811,15Mo,Mo,Mo,8
812,13Baso,Baso,Baso,9
813,4Ery,Ery,Ery,2
814,2Ery,Ery,Ery,6
815,16Neu,Neu,Neu,3
816,2Ery,Ery,Ery,6
817,5Ery,Ery,Ery,1
818,2Ery,Ery,Ery,6
819,5Ery,Ery,Ery,1
820,10GMP,GMP,GMP,9
821,13Baso,Baso,Baso,0
822,13Baso,Baso,Baso,8
823,8Mk,Mk,Mk,5
824,16Neu,Neu,Neu,3
825,13Baso,Baso,Baso,9
826,7MEP,MEP,MEP,5
827,4Ery,Ery,Ery,6
828,13Baso,Baso,Baso,9
829,6Ery,Ery,Ery,5
830,2Ery,Ery,Ery,6
831,14Mo,Mo,Mo,4
832,16Neu,Neu,Neu,3
833,2Ery,Ery,Ery,6
834,13Baso,Baso,Baso,9
835,14Mo,Mo,Mo,9
836,6Ery,Ery,Ery,1
837,2Ery,Ery,Ery,6
838,2Ery,Ery,Ery,6
839,2Ery,Ery,Ery,6
840,8Mk,Mk,Mk,5
841,2Ery,Ery,Ery,6
842,4Ery,Ery,Ery,2
843,14Mo,Mo,Mo,8
844,17Neu,Neu,Neu,4
845,5Ery,Ery,Ery,1
846,13Baso,Baso,Baso,8
847,7MEP,MEP,MEP,5
848,3Ery,Ery,Ery,1
849,5Ery,Ery,Ery,2
850,13Baso,Baso,Baso,0
851,8Mk,Mk,Mk,5
852,6Ery,Ery,Ery,5
853,5Ery,Ery,Ery,6
854,5Ery,Ery,Ery,1
855,11DC,DC,DC,7
856,5Ery,Ery,Ery,6
857,15Mo,Mo,Mo,3
858,2Ery,Ery,Ery,6
859,2Ery,Ery,Ery,6
860,15Mo,Mo,Mo,3
861,15Mo,Mo,Mo,3
862,13Baso,Baso,Baso,3
863,14Mo,Mo,Mo,0
864,14Mo,Mo,Mo,0
865,14Mo,Mo,Mo,8
866,5Ery,Ery,Ery,1
867,7MEP,MEP,MEP,5
868,3Ery,Ery,Ery,6
869,2Ery,Ery,Ery,2
870,7MEP,MEP,MEP,5
871,1Ery,Ery,Ery,6
872,14Mo,Mo,Mo,0
873,2Ery,Ery,Ery,6
874,15Mo,Mo,Mo,3
875,13Baso,Baso,Baso,3
876,4Ery,Ery,Ery,6
877,13Baso,Baso,Baso,3
878,6Ery,Ery,Ery,1
879,9GMP,GMP,GMP,4
880,3Ery,Ery,Ery,2
881,6Ery,Ery,Ery,1
882,1Ery,Ery,Ery,6
883,4Ery,Ery,Ery,2
884,13Baso,Baso,Baso,0
885,9GMP,GMP,GMP,9
886,7MEP,MEP,MEP,5
887,14Mo,Mo,Mo,8
888,13Baso,Baso,Baso,9
889,13Baso,Baso,Baso,0
890,19Lymph,Lymph,Lymph,4
891,10GMP,GMP,GMP,4
892,9GMP,GMP,GMP,4
893,5Ery,Ery,Ery,1
894,16Neu,Neu,Neu,3
895,14Mo,Mo,Mo,0
896,15Mo,Mo,Mo,3
897,2Ery,Ery,Ery,6
898,3Ery,Ery,Ery,2
899,13Baso,Baso,Baso,3
900,6Ery,Ery,Ery,1
901,4Ery,Ery,Ery,6
902,3Ery,Ery,Ery,2
903,16Neu,Neu,Neu,3
904,9GMP,GMP,GMP,4
905,9GMP,GMP,GMP,4
906,12Baso,Baso,Baso,5
907,7MEP,MEP,MEP,5
908,16Neu,Neu,Neu,3
909,6Ery,Ery,Ery,1
910,13Baso,Baso,Baso,9
911,17Neu,Neu,Neu,4
912,14Mo,Mo,Mo,8
913,3Ery,Ery,Ery,2
914,16Neu,Neu,Neu,3
915,13Baso,Baso,Baso,9
916,14Mo,Mo,Mo,0
917,3Ery,Ery,Ery,2
918,14Mo,Mo,Mo,8
919,16Neu,Neu,Neu,3
920,2Ery,Ery,Ery,2
921,18Eos,Eos,Eos,4
922,7MEP,MEP,MEP,5
923,7MEP,MEP,MEP,5
924,5Ery,Ery,Ery,6
925,16Neu,Neu,Neu,8
926,2Ery,Ery,Ery,6
927,5Ery,Ery,Ery,6
928,13Baso,Baso,Baso,8
929,6Ery,Ery,Ery,5
930,14Mo,Mo,Mo,0
931,12Baso,Baso,Baso,4
932,13Baso,Baso,Baso,9
933,5Ery,Ery,Ery,6
934,2Ery,Ery,Ery,6
935,2Ery,Ery,Ery,2
936,14Mo,Mo,Mo,0
937,16Neu,Neu,Neu,3
938,14Mo,Mo,Mo,9
939,1Ery,Ery,Ery,6
940,11DC,DC,DC,7
941,1Ery,Ery,Ery,6
942,13Baso,Baso,Baso,9
943,3Ery,Ery,Ery,6
944,5Ery,Ery,Ery,6
945,16Neu,Neu,Neu,3
946,16Neu,Neu,Neu,3
947,6Ery,Ery,Ery,1
948,1Ery,Ery,Ery,6
949,14Mo,Mo,Mo,9
950,16Neu,Neu,Neu,3
951,2Ery,Ery,Ery,2
952,10GMP,GMP,GMP,5
953,5Ery,Ery,Ery,1
954,14Mo,Mo,Mo,0
955,2Ery,Ery,Ery,6
956,6Ery,Ery,Ery,1
957,5Ery,Ery,Ery,2
958,1Ery,Ery,Ery,6
959,5Ery,Ery,Ery,5
960,15Mo,Mo,Mo,3
961,19Lymph,Lymph,Lymph,4
962,10GMP,GMP,GMP,9
963,2Ery,Ery,Ery,6
964,5Ery,Ery,Ery,1
965,7MEP,MEP,MEP,5
966,6Ery,Ery,Ery,1
967,11DC,DC,DC,7
968,4Ery,Ery,Ery,6
969,15Mo,Mo,Mo,0
970,3Ery,Ery,Ery,2
971,2Ery,Ery,Ery,6
972,7MEP,MEP,MEP,5
973,1Ery,Ery,Ery,2
974,7MEP,MEP,MEP,5
975,5Ery,Ery,Ery,6
976,3Ery,Ery,Ery,2
977,3Ery,Ery,Ery,6
978,13Baso,Baso,Baso,9
979,3Ery,Ery,Ery,2
980,15Mo,Mo,Mo,3
981,15Mo,Mo,Mo,0
982,4Ery,Ery,Ery,6
983,14Mo,Mo,Mo,0
984,2Ery,Ery,Ery,6
985,2Ery,Ery,Ery,6
986,16Neu,Neu,Neu,3
987,13Baso,Baso,Baso,0
988,14Mo,Mo,Mo,9
989,5Ery,Ery,Ery,1
990,16Neu,Neu,Neu,3
991,14Mo,Mo,Mo,8
992,16Neu,Neu,Neu,3
993,8Mk,Mk,Mk,5
994,7MEP,MEP,MEP,5
995,8Mk,Mk,Mk,5
996,14Mo,Mo,Mo,8
997,10GMP,GMP,GMP,9
998,5Ery,Ery,Ery,6
999,10GMP,GMP,GMP,5
1000,3Ery,Ery,Ery,6
1001,13Baso,Baso,Baso,9
1002,14Mo,Mo,Mo,8
1003,3Ery,Ery,Ery,2
1004,2Ery,Ery,Ery,6
1005,2Ery,Ery,Ery,6
1006,14Mo,Mo,Mo,3
1007,2Ery,Ery,Ery,6
1008,6Ery,Ery,Ery,1
1009,4Ery,Ery,Ery,2
1010,15Mo,Mo,Mo,3
1011,13Baso,Baso,Baso,9
1012,6Ery,Ery,Ery,1
1013,12Baso,Baso,Baso,4
1014,16Neu,Neu,Neu,3
1015,14Mo,Mo,Mo,8
1016,15Mo,Mo,Mo,3
1017,13Baso,Baso,Baso,0
1018,2Ery,Ery,Ery,2
1019,14Mo,Mo,Mo,8
1020,14Mo,Mo,Mo,8
1021,12Baso,Baso,Baso,4
1022,10GMP,GMP,GMP,4
1023,7MEP,MEP,MEP,5
1024,2Ery,Ery,Ery,6
1025,4Ery,Ery,Ery,6
1026,3Ery,Ery,Ery,6
1027,16Neu,Neu,Neu,3
1028,5Ery,Ery,Ery,1
1029,2Ery,Ery,Ery,6
1030,3Ery,Ery,Ery,1
1031,2Ery,Ery,Ery,6
1032,14Mo,Mo,Mo,8
1033,14Mo,Mo,Mo,0
1034,8Mk,Mk,Mk,5
1035,5Ery,Ery,Ery,6
1036,7MEP,MEP,MEP,5
1037,7MEP,MEP,MEP,5
1038,16Neu,Neu,Neu,3
1039,2Ery,Ery,Ery,6
1040,13Baso,Baso,Baso,9
1041,5Ery,Ery,Ery,2
1042,5Ery,Ery,Ery,1
1043,14Mo,Mo,Mo,3
1044,6Ery,Ery,Ery,5
1045,14Mo,Mo,Mo,8
1046,7MEP,MEP,MEP,5
1047,2Ery,Ery,Ery,6
1048,13Baso,Baso,Baso,8
1049,2Ery,Ery,Ery,6
1050,14Mo,Mo,Mo,8
1051,2Ery,Ery,Ery,6
1052,15Mo,Mo,Mo,3
1053,3Ery,Ery,Ery,6
1054,5Ery,Ery,Ery,1
1055,10GMP,GMP,GMP,5
1056,6Ery,Ery,Ery,1
1057,15Mo,Mo,Mo,4
1058,1Ery,Ery,Ery,2
1059,4Ery,Ery,Ery,6
1060,12Baso,Baso,Baso,5
1061,4Ery,Ery,Ery,6
1062,13Baso,Baso,Baso,0
1063,6Ery,Ery,Ery,1
1064,3Ery,Ery,Ery,5
1065,8Mk,Mk,Mk,1
1066,6Ery,Ery,Ery,1
1067,3Ery,Ery,Ery,6
1068,3Ery,Ery,Ery,2
1069,4Ery,Ery,Ery,2
1070,16Neu,Neu,Neu,3
1071,7MEP,MEP,MEP,5
1072,3Ery,Ery,Ery,2
1073,15Mo,Mo,Mo,3
1074,10GMP,GMP,GMP,9
1075,12Baso,Baso,Baso,4
1076,3Ery,Ery,Ery,2
1077,3Ery,Ery,Ery,2
1078,14Mo,Mo,Mo,0
1079,9GMP,GMP,GMP,4
1080,12Baso,Baso,Baso,4
1081,15Mo,Mo,Mo,3
1082,15Mo,Mo,Mo,3
1083,2Ery,Ery,Ery,6
1084,14Mo,Mo,Mo,0
1085,4Ery,Ery,Ery,2
1086,3Ery,Ery,Ery,2
1087,14Mo,Mo,Mo,0
1088,14Mo,Mo,Mo,0
1089,8Mk,Mk,Mk,5
1090,16Neu,Neu,Neu,3
1091,10GMP,GMP,GMP,4
1092,2Ery,Ery,Ery,6
1093,2Ery,Ery,Ery,6
1094,3Ery,Ery,Ery,2
1095,9GMP,GMP,GMP,5
1096,15Mo,Mo,Mo,3
1097,14Mo,Mo,Mo,0
1098,5Ery,Ery,Ery,6
1099,14Mo,Mo,Mo,8
1100,2Ery,Ery,Ery,6
1101,13Baso,Baso,Baso,0
1102,14Mo,Mo,Mo,0
1103,14Mo,Mo,Mo,0
1104,14Mo,Mo,Mo,9
1105,2Ery,Ery,Ery,2
1106,2Ery,Ery,Ery,6
1107,13Baso,Baso,Baso,0
1108,6Ery,Ery,Ery,5
1109,7MEP,MEP,MEP,4
1110,7MEP,MEP,MEP,5
1111,13Baso,Baso,Baso,9
1112,3Ery,Ery,Ery,1
1113,3Ery,Ery,Ery,1
1114,14Mo,Mo,Mo,8
1115,2Ery,Ery,Ery,5
1116,2Ery,Ery,Ery,6
1117,8Mk,Mk,Mk,5
1118,7MEP,MEP,MEP,5
1119,16Neu,Neu,Neu,3
1120,5Ery,Ery,Ery,1
1121,14Mo,Mo,Mo,0
1122,2Ery,Ery,Ery,1
1123,14Mo,Mo,Mo,8
1124,8Mk,Mk,Mk,5
1125,7MEP,MEP,MEP,5
1126,19Lymph,Lymph,Lymph,4
1127,14Mo,Mo,Mo,3
1128,12Baso,Baso,Baso,5
1129,13Baso,Baso,Baso,0
1130,12Baso,Baso,Baso,5
1131,13Baso,Baso,Baso,0
1132,4Ery,Ery,Ery,2
1133,14Mo,Mo,Mo,3
1134,2Ery,Ery,Ery,2
1135,5Ery,Ery,Ery,6
1136,11DC,DC,DC,7
1137,16Neu,Neu,Neu,3
1138,3Ery,Ery,Ery,2
1139,11DC,DC,DC,7
1140,3Ery,Ery,Ery,2
1141,4Ery,Ery,Ery,2
1142,3Ery,Ery,Ery,6
1143,6Ery,Ery,Ery,1
1144,15Mo,Mo,Mo,3
1145,17Neu,Neu,Neu,4
1146,14Mo,Mo,Mo,0
1147,4Ery,Ery,Ery,2
1148,9GMP,GMP,GMP,9
1149,7MEP,MEP,MEP,5
1150,7MEP,MEP,MEP,5
1151,14Mo,Mo,Mo,3
1152,13Baso,Baso,Baso,0
1153,4Ery,Ery,Ery,2
1154,13Baso,Baso,Baso,4
1155,14Mo,Mo,Mo,0
1156,3Ery,Ery,Ery,6
1157,2Ery,Ery,Ery,6
1158,3Ery,Ery,Ery,2
1159,14Mo,Mo,Mo,0
1160,6Ery,Ery,Ery,1
1161,2Ery,Ery,Ery,6
1162,10GMP,GMP,GMP,9
1163,13Baso,Baso,Baso,0
1164,5Ery,Ery,Ery,1
1165,7MEP,MEP,MEP,5
1166,13Baso,Baso,Baso,0
1167,3Ery,Ery,Ery,6
1168,2Ery,Ery,Ery,6
1169,14Mo,Mo,Mo,8
1170,3Ery,Ery,Ery,2
1171,2Ery,Ery,Ery,6
1172,10GMP,GMP,GMP,5
1173,13Baso,Baso,Baso,0
1174,14Mo,Mo,Mo,0
1175,4Ery,Ery,Ery,2
1176,5Ery,Ery,Ery,1
1177,18Eos,Eos,Eos,4
1178,2Ery,Ery,Ery,6
1179,14Mo,Mo,Mo,3
1180,3Ery,Ery,Ery,2
1181,13Baso,Baso,Baso,9
1182,5Ery,Ery,Ery,1
1183,12Baso,Baso,Baso,4
1184,5Ery,Ery,Ery,1
1185,2Ery,Ery,Ery,2
1186,7MEP,MEP,MEP,5
1187,5Ery,Ery,Ery,5
1188,16Neu,Neu,Neu,3
1189,15Mo,Mo,Mo,3
1190,14Mo,Mo,Mo,4
1191,5Ery,Ery,Ery,6
1192,16Neu,Neu,Neu,3
1193,2Ery,Ery,Ery,6
1194,2Ery,Ery,Ery,6
1195,6Ery,Ery,Ery,1
1196,2Ery,Ery,Ery,6
1197,5Ery,Ery,Ery,6
1198,14Mo,Mo,Mo,8
1199,2Ery,Ery,Ery,2
1200,3Ery,Ery,Ery,1
1201,5Ery,Ery,Ery,2
1202,16Neu,Neu,Neu,3
1203,10GMP,GMP,GMP,9
1204,14Mo,Mo,Mo,8
1205,1Ery,Ery,Ery,6
1206,2Ery,Ery,Ery,6
1207,3Ery,Ery,Ery,2
1208,15Mo,Mo,Mo,3
1209,7MEP,MEP,MEP,5
1210,4Ery,Ery,Ery,6
1211,7MEP,MEP,MEP,5
1212,5Ery,Ery,Ery,1
1213,2Ery,Ery,Ery,6
1214,13Baso,Baso,Baso,9
1215,14Mo,Mo,Mo,0
1216,15Mo,Mo,Mo,0
1217,2Ery,Ery,Ery,2
1218,14Mo,Mo,Mo,9
1219,6Ery,Ery,Ery,1
1220,12Baso,Baso,Baso,4
1221,2Ery,Ery,Ery,2
1222,19Lymph,Lymph,Lymph,4
1223,6Ery,Ery,Ery,1
1224,14Mo,Mo,Mo,3
1225,6Ery,Ery,Ery,1
1226,17Neu,Neu,Neu,4
1227,6Ery,Ery,Ery,1
1228,6Ery,Ery,Ery,5
1229,9GMP,GMP,GMP,4
1230,3Ery,Ery,Ery,2
1231,14Mo,Mo,Mo,0
1232,6Ery,Ery,Ery,1
1233,15Mo,Mo,Mo,3
1234,15Mo,Mo,Mo,0
1235,13Baso,Baso,Baso,0
1236,3Ery,Ery,Ery,2
1237,16Neu,Neu,Neu,3
1238,7MEP,MEP,MEP,5
1239,3Ery,Ery,Ery,2
1240,13Baso,Baso,Baso,8
1241,3Ery,Ery,Ery,2
1242,14Mo,Mo,Mo,8
1243,14Mo,Mo,Mo,0
1244,8Mk,Mk,Mk,5
1245,16Neu,Neu,Neu,3
1246,14Mo,Mo,Mo,9
1247,17Neu,Neu,Neu,4
1248,3Ery,Ery,Ery,2
1249,5Ery,Ery,Ery,1
1250,10GMP,GMP,GMP,9
1251,16Neu,Neu,Neu,3
1252,2Ery,Ery,Ery,6
1253,14Mo,Mo,Mo,8
1254,6Ery,Ery,Ery,1
1255,14Mo,Mo,Mo,0
1256,13Baso,Baso,Baso,0
1257,5Ery,Ery,Ery,1
1258,10GMP,GMP,GMP,5
1259,7MEP,MEP,MEP,5
1260,2Ery,Ery,Ery,6
1261,2Ery,Ery,Ery,6
1262,2Ery,Ery,Ery,6
1263,14Mo,Mo,Mo,3
1264,7MEP,MEP,MEP,1
1265,8Mk,Mk,Mk,5
1266,14Mo,Mo,Mo,0
1267,2Ery,Ery,Ery,6
1268,2Ery,Ery,Ery,6
1269,14Mo,Mo,Mo,9
1270,13Baso,Baso,Baso,9
1271,7MEP,MEP,MEP,1
1272,4Ery,Ery,Ery,2
1273,13Baso,Baso,Baso,0
1274,13Baso,Baso,Baso,8
1275,5Ery,Ery,Ery,1
1276,2Ery,Ery,Ery,6
1277,18Eos,Eos,Eos,4
1278,15Mo,Mo,Mo,3
1279,5Ery,Ery,Ery,1
1280,7MEP,MEP,MEP,5
1281,2Ery,Ery,Ery,6
1282,13Baso,Baso,Baso,0
1283,14Mo,Mo,Mo,0
1284,6Ery,Ery,Ery,5
1285,5Ery,Ery,Ery,1
1286,4Ery,Ery,Ery,2
1287,13Baso,Baso,Baso,0
1288,7MEP,MEP,MEP,5
1289,5Ery,Ery,Ery,1
1290,5Ery,Ery,Ery,6
1291,10GMP,GMP,GMP,9
1292,16Neu,Neu,Neu,3
1293,2Ery,Ery,Ery,2
1294,14Mo,Mo,Mo,3
1295,3Ery,Ery,Ery,2
1296,2Ery,Ery,Ery,6
1297,10GMP,GMP,GMP,4
1298,16Neu,Neu,Neu,3
1299,8Mk,Mk,Mk,5
1300,6Ery,Ery,Ery,1
1301,15Mo,Mo,Mo,0
1302,5Ery,Ery,Ery,1
1303,10GMP,GMP,GMP,4
1304,7MEP,MEP,MEP,5
1305,14Mo,Mo,Mo,0
1306,19Lymph,Lymph,Lymph,4
1307,2Ery,Ery,Ery,2
1308,15Mo,Mo,Mo,3
1309,3Ery,Ery,Ery,2
1310,6Ery,Ery,Ery,1
1311,1Ery,Ery,Ery,6
1312,2Ery,Ery,Ery,2
1313,3Ery,Ery,Ery,2
1314,4Ery,Ery,Ery,2
1315,6Ery,Ery,Ery,1
1316,13Baso,Baso,Baso,0
1317,3Ery,Ery,Ery,2
1318,5Ery,Ery,Ery,1
1319,14Mo,Mo,Mo,4
1320,13Baso,Baso,Baso,3
1321,13Baso,Baso,Baso,9
1322,3Ery,Ery,Ery,2
1323,4Ery,Ery,Ery,1
1324,7MEP,MEP,MEP,5
1325,10GMP,GMP,GMP,9
1326,11DC,DC,DC,7
1327,3Ery,Ery,Ery,2
1328,13Baso,Baso,Baso,9
1329,2Ery,Ery,Ery,6
1330,13Baso,Baso,Baso,8
1331,2Ery,Ery,Ery,2
1332,4Ery,Ery,Ery,2
1333,10GMP,GMP,GMP,9
1334,16Neu,Neu,Neu,3
1335,14Mo,Mo,Mo,9
1336,16Neu,Neu,Neu,3
1337,10GMP,GMP,GMP,5
1338,2Ery,Ery,Ery,6
1339,2Ery,Ery,Ery,6
1340,6Ery,Ery,Ery,1
1341,3Ery,Ery,Ery,2
1342,14Mo,Mo,Mo,0
1343,14Mo,Mo,Mo,8
1344,15Mo,Mo,Mo,3
1345,10GMP,GMP,GMP,9
1346,13Baso,Baso,Baso,0
1347,3Ery,Ery,Ery,1
1348,7MEP,MEP,MEP,5
1349,13Baso,Baso,Baso,0
1350,2Ery,Ery,Ery,6
1351,14Mo,Mo,Mo,9
1352,14Mo,Mo,Mo,0
1353,15Mo,Mo,Mo,0
1354,4Ery,Ery,Ery,2
1355,15Mo,Mo,Mo,3
1356,14Mo,Mo,Mo,0
1357,10GMP,GMP,GMP,9
1358,13Baso,Baso,Baso,9
1359,16Neu,Neu,Neu,3
1360,8Mk,Mk,Mk,5
1361,13Baso,Baso,Baso,8
1362,5Ery,Ery,Ery,1
1363,6Ery,Ery,Ery,1
1364,14Mo,Mo,Mo,0
1365,2Ery,Ery,Ery,6
1366,6Ery,Ery,Ery,1
1367,3Ery,Ery,Ery,2
1368,14Mo,Mo,Mo,4
1369,7MEP,MEP,MEP,1
1370,7MEP,MEP,MEP,5
1371,14Mo,Mo,Mo,0
1372,5Ery,Ery,Ery,1
1373,13Baso,Baso,Baso,0
1374,2Ery,Ery,Ery,6
1375,16Neu,Neu,Neu,3
1376,12Baso,Baso,Baso,5
1377,14Mo,Mo,Mo,9
1378,8Mk,Mk,Mk,5
1379,4Ery,Ery,Ery,6
1380,3Ery,Ery,Ery,2
1381,2Ery,Ery,Ery,2
1382,14Mo,Mo,Mo,0
1383,7MEP,MEP,MEP,5
1384,19Lymph,Lymph,Lymph,4
1385,7MEP,MEP,MEP,5
1386,10GMP,GMP,GMP,4
1387,13Baso,Baso,Baso,8
1388,2Ery,Ery,Ery,6
1389,2Ery,Ery,Ery,2
1390,3Ery,Ery,Ery,2
1391,3Ery,Ery,Ery,2
1392,6Ery,Ery,Ery,1
1393,7MEP,MEP,MEP,5
1394,8Mk,Mk,Mk,4
1395,2Ery,Ery,Ery,5
1396,1Ery,Ery,Ery,2
1397,9GMP,GMP,GMP,4
1398,13Baso,Baso,Baso,0
1399,15Mo,Mo,Mo,8
1400,6Ery,Ery,Ery,5
1401,13Baso,Baso,Baso,0
1402,3Ery,Ery,Ery,2
1403,16Neu,Neu,Neu,3
1404,14Mo,Mo,Mo,0
1405,5Ery,Ery,Ery,6
1406,7MEP,MEP,MEP,5
1407,13Baso,Baso,Baso,0
1408,4Ery,Ery,Ery,1
1409,13Baso,Baso,Baso,8
1410,2Ery,Ery,Ery,2
1411,15Mo,Mo,Mo,3
1412,7MEP,MEP,MEP,4
1413,3Ery,Ery,Ery,2
1414,10GMP,GMP,GMP,4
1415,13Baso,Baso,Baso,0
1416,3Ery,Ery,Ery,2
1417,1Ery,Ery,Ery,6
1418,13Baso,Baso,Baso,9
1419,13Baso,Baso,Baso,9
1420,7MEP,MEP,MEP,5
1421,16Neu,Neu,Neu,3
1422,14Mo,Mo,Mo,8
1423,3Ery,Ery,Ery,2
1424,2Ery,Ery,Ery,2
1425,1Ery,Ery,Ery,2
1426,13Baso,Baso,Baso,0
1427,15Mo,Mo,Mo,3
1428,8Mk,Mk,Mk,5
1429,2Ery,Ery,Ery,2
1430,14Mo,Mo,Mo,0
1431,14Mo,Mo,Mo,0
1432,14Mo,Mo,Mo,8
1433,9GMP,GMP,GMP,9
1434,14Mo,Mo,Mo,0
1435,14Mo,Mo,Mo,4
1436,2Ery,Ery,Ery,6
1437,7MEP,MEP,MEP,5
1438,2Ery,Ery,Ery,2
1439,16Neu,Neu,Neu,3
1440,10GMP,GMP,GMP,9
1441,6Ery,Ery,Ery,1
1442,2Ery,Ery,Ery,2
1443,15Mo,Mo,Mo,8
1444,14Mo,Mo,Mo,9
1445,15Mo,Mo,Mo,3
1446,3Ery,Ery,Ery,1
1447,12Baso,Baso,Baso,4
1448,2Ery,Ery,Ery,2
1449,13Baso,Baso,Baso,9
1450,13Baso,Baso,Baso,0
1451,7MEP,MEP,MEP,5
1452,6Ery,Ery,Ery,1
1453,5Ery,Ery,Ery,1
1454,2Ery,Ery,Ery,6
1455,19Lymph,Lymph,Lymph,4
1456,14Mo,Mo,Mo,9
1457,12Baso,Baso,Baso,5
1458,2Ery,Ery,Ery,6
1459,16Neu,Neu,Neu,3
1460,4Ery,Ery,Ery,6
1461,6Ery,Ery,Ery,1
1462,13Baso,Baso,Baso,9
1463,4Ery,Ery,Ery,6
1464,2Ery,Ery,Ery,2
1465,4Ery,Ery,Ery,2
1466,15Mo,Mo,Mo,3
1467,1Ery,Ery,Ery,2
1468,15Mo,Mo,Mo,3
1469,13Baso,Baso,Baso,8
1470,15Mo,Mo,Mo,3
1471,3Ery,Ery,Ery,6
1472,6Ery,Ery,Ery,1
1473,12Baso,Baso,Baso,4
1474,12Baso,Baso,Baso,4
1475,13Baso,Baso,Baso,4
1476,5Ery,Ery,Ery,1
1477,16Neu,Neu,Neu,3
1478,6Ery,Ery,Ery,1
1479,13Baso,Baso,Baso,0
1480,2Ery,Ery,Ery,2
1481,14Mo,Mo,Mo,0
1482,3Ery,Ery,Ery,6
1483,14Mo,Mo,Mo,0
1484,8Mk,Mk,Mk,5
1485,2Ery,Ery,Ery,6
1486,9GMP,GMP,GMP,9
1487,4Ery,Ery,Ery,1
1488,3Ery,Ery,Ery,1
1489,3Ery,Ery,Ery,2
1490,14Mo,Mo,Mo,8
1491,2Ery,Ery,Ery,6
1492,10GMP,GMP,GMP,9
1493,16Neu,Neu,Neu,3
1494,6Ery,Ery,Ery,1
1495,14Mo,Mo,Mo,0
1496,16Neu,Neu,Neu,3
1497,5Ery,Ery,Ery,2
1498,10GMP,GMP,GMP,4
1499,16Neu,Neu,Neu,0
1500,12Baso,Baso,Baso,5
1501,11DC,DC,DC,7
1502,15Mo,Mo,Mo,3
1503,2Ery,Ery,Ery,6
1504,13Baso,Baso,Baso,0
1505,7MEP,MEP,MEP,5
1506,13Baso,Baso,Baso,0
1507,13Baso,Baso,Baso,8
1508,2Ery,Ery,Ery,6
1509,6Ery,Ery,Ery,1
1510,14Mo,Mo,Mo,0
1511,5Ery,Ery,Ery,6
1512,16Neu,Neu,Neu,3
1513,5Ery,Ery,Ery,1
1514,6Ery,Ery,Ery,1
1515,18Eos,Eos,Eos,4
1516,14Mo,Mo,Mo,0
1517,14Mo,Mo,Mo,0
1518,13Baso,Baso,Baso,0
1519,15Mo,Mo,Mo,3
1520,2Ery,Ery,Ery,6
1521,2Ery,Ery,Ery,6
1522,13Baso,Baso,Baso,9
1523,3Ery,Ery,Ery,5
1524,2Ery,Ery,Ery,2
1525,15Mo,Mo,Mo,8
1526,12Baso,Baso,Baso,4
1527,7MEP,MEP,MEP,1
1528,3Ery,Ery,Ery,5
1529,4Ery,Ery,Ery,5
1530,15Mo,Mo,Mo,3
1531,14Mo,Mo,Mo,0
1532,4Ery,Ery,Ery,2
1533,4Ery,Ery,Ery,2
1534,13Baso,Baso,Baso,9
1535,9GMP,GMP,GMP,9
1536,12Baso,Baso,Baso,4
1537,2Ery,Ery,Ery,2
1538,4Ery,Ery,Ery,1
1539,9GMP,GMP,GMP,5
1540,16Neu,Neu,Neu,3
1541,16Neu,Neu,Neu,3
1542,2Ery,Ery,Ery,6
1543,2Ery,Ery,Ery,6
1544,16Neu,Neu,Neu,3
1545,7MEP,MEP,MEP,5
1546,14Mo,Mo,Mo,4
1547,14Mo,Mo,Mo,4
1548,14Mo,Mo,Mo,9
1549,5Ery,Ery,Ery,6
1550,5Ery,Ery,Ery,6
1551,3Ery,Ery,Ery,2
1552,3Ery,Ery,Ery,2
1553,2Ery,Ery,Ery,6
1554,18Eos,Eos,Eos,4
1555,14Mo,Mo,Mo,0
1556,3Ery,Ery,Ery,2
1557,14Mo,Mo,Mo,0
1558,14Mo,Mo,Mo,3
1559,12Baso,Baso,Baso,5
1560,14Mo,Mo,Mo,8
1561,4Ery,Ery,Ery,2
1562,3Ery,Ery,Ery,2
1563,14Mo,Mo,Mo,0
1564,7MEP,MEP,MEP,5
1565,5Ery,Ery,Ery,5
1566,12Baso,Baso,Baso,4
1567,2Ery,Ery,Ery,2
1568,15Mo,Mo,Mo,8
1569,14Mo,Mo,Mo,3
1570,3Ery,Ery,Ery,2
1571,14Mo,Mo,Mo,8
1572,2Ery,Ery,Ery,6
1573,3Ery,Ery,Ery,2
1574,2Ery,Ery,Ery,6
1575,16Neu,Neu,Neu,3
1576,7MEP,MEP,MEP,5
1577,2Ery,Ery,Ery,6
1578,10GMP,GMP,GMP,9
1579,7MEP,MEP,MEP,5
1580,5Ery,Ery,Ery,5
1581,5Ery,Ery,Ery,1
1582,13Baso,Baso,Baso,9
1583,6Ery,Ery,Ery,5
1584,7MEP,MEP,MEP,5
1585,3Ery,Ery,Ery,2
1586,10GMP,GMP,GMP,5
1587,5Ery,Ery,Ery,6
1588,5Ery,Ery,Ery,6
1589,1Ery,Ery,Ery,6
1590,13Baso,Baso,Baso,0
1591,15Mo,Mo,Mo,0
1592,3Ery,Ery,Ery,1
1593,6Ery,Ery,Ery,1
1594,14Mo,Mo,Mo,0
1595,11DC,DC,DC,7
1596,3Ery,Ery,Ery,2
1597,3Ery,Ery,Ery,1
1598,3Ery,Ery,Ery,2
1599,16Neu,Neu,Neu,3
1600,3Ery,Ery,Ery,1
1601,9GMP,GMP,GMP,9
1602,14Mo,Mo,Mo,8
1603,12Baso,Baso,Baso,4
1604,9GMP,GMP,GMP,4
1605,14Mo,Mo,Mo,0
1606,14Mo,Mo,Mo,0
1607,8Mk,Mk,Mk,5
1608,5Ery,Ery,Ery,6
1609,15Mo,Mo,Mo,3
1610,15Mo,Mo,Mo,8
1611,3Ery,Ery,Ery,2
1612,16Neu,Neu,Neu,3
1613,15Mo,Mo,Mo,4
1614,4Ery,Ery,Ery,6
1615,3Ery,Ery,Ery,6
1616,8Mk,Mk,Mk,5
1617,15Mo,Mo,Mo,0
1618,14Mo,Mo,Mo,3
1619,5Ery,Ery,Ery,1
1620,3Ery,Ery,Ery,1
1621,4Ery,Ery,Ery,2
1622,2Ery,Ery,Ery,6
1623,8Mk,Mk,Mk,5
1624,7MEP,MEP,MEP,5
1625,10GMP,GMP,GMP,9
1626,15Mo,Mo,Mo,3
1627,14Mo,Mo,Mo,0
1628,13Baso,Baso,Baso,9
1629,3Ery,Ery,Ery,2
1630,7MEP,MEP,MEP,5
1631,2Ery,Ery,Ery,6
1632,13Baso,Baso,Baso,0
1633,2Ery,Ery,Ery,5
1634,10GMP,GMP,GMP,9
1635,2Ery,Ery,Ery,6
1636,2Ery,Ery,Ery,6
1637,2Ery,Ery,Ery,6
1638,12Baso,Baso,Baso,4
1639,14Mo,Mo,Mo,0
1640,1Ery,Ery,Ery,6
1641,14Mo,Mo,Mo,4
1642,14Mo,Mo,Mo,9
1643,2Ery,Ery,Ery,6
1644,14Mo,Mo,Mo,3
1645,16Neu,Neu,Neu,3
1646,14Mo,Mo,Mo,0
1647,8Mk,Mk,Mk,5
1648,16Neu,Neu,Neu,8
1649,16Neu,Neu,Neu,3
1650,2Ery,Ery,Ery,6
1651,8Mk,Mk,Mk,5
1652,5Ery,Ery,Ery,6
1653,6Ery,Ery,Ery,1
1654,19Lymph,Lymph,Lymph,4
1655,15Mo,Mo,Mo,8
1656,13Baso,Baso,Baso,4
1657,5Ery,Ery,Ery,1
1658,14Mo,Mo,Mo,0
1659,5Ery,Ery,Ery,6
1660,6Ery,Ery,Ery,1
1661,16Neu,Neu,Neu,3
1662,3Ery,Ery,Ery,2
1663,15Mo,Mo,Mo,3
1664,7MEP,MEP,MEP,5
1665,7MEP,MEP,MEP,1
1666,10GMP,GMP,GMP,9
1667,14Mo,Mo,Mo,0
1668,3Ery,Ery,Ery,2
1669,4Ery,Ery,Ery,1
1670,13Baso,Baso,Baso,0
1671,15Mo,Mo,Mo,3
1672,11DC,DC,DC,7
1673,17Neu,Neu,Neu,4
1674,4Ery,Ery,Ery,1
1675,6Ery,Ery,Ery,1
1676,3Ery,Ery,Ery,2
1677,3Ery,Ery,Ery,2
1678,7MEP,MEP,MEP,5
1679,8Mk,Mk,Mk,4
1680,6Ery,Ery,Ery,1
1681,11DC,DC,DC,5
1682,16Neu,Neu,Neu,3
1683,3Ery,Ery,Ery,2
1684,14Mo,Mo,Mo,0
1685,4Ery,Ery,Ery,2
1686,4Ery,Ery,Ery,2
1687,11DC,DC,DC,7
1688,3Ery,Ery,Ery,1
1689,14Mo,Mo,Mo,0
1690,15Mo,Mo,Mo,0
1691,3Ery,Ery,Ery,2
1692,10GMP,GMP,GMP,9
1693,6Ery,Ery,Ery,1
1694,2Ery,Ery,Ery,6
1695,16Neu,Neu,Neu,3
1696,15Mo,Mo,Mo,3
1697,7MEP,MEP,MEP,5
1698,3Ery,Ery,Ery,2
1699,10GMP,GMP,GMP,4
1700,3Ery,Ery,Ery,2
1701,14Mo,Mo,Mo,8
1702,7MEP,MEP,MEP,5
1703,6Ery,Ery,Ery,1
1704,10GMP,GMP,GMP,9
1705,10GMP,GMP,GMP,9
1706,3Ery,Ery,Ery,2
1707,7MEP,MEP,MEP,5
1708,2Ery,Ery,Ery,2
1709,4Ery,Ery,Ery,2
1710,7MEP,MEP,MEP,5
1711,13Baso,Baso,Baso,9
1712,6Ery,Ery,Ery,1
1713,15Mo,Mo,Mo,3
1714,8Mk,Mk,Mk,5
1715,10GMP,GMP,GMP,9
1716,4Ery,Ery,Ery,1
1717,4Ery,Ery,Ery,2
1718,3Ery,Ery,Ery,2
1719,7MEP,MEP,MEP,1
1720,2Ery,Ery,Ery,6
1721,16Neu,Neu,Neu,3
1722,3Ery,Ery,Ery,6
1723,3Ery,Ery,Ery,2
1724,6Ery,Ery,Ery,1
1725,6Ery,Ery,Ery,1
1726,7MEP,MEP,MEP,5
1727,4Ery,Ery,Ery,1
1728,16Neu,Neu,Neu,3
1729,2Ery,Ery,Ery,2
1730,13Baso,Baso,Baso,9
1731,10GMP,GMP,GMP,9
1732,3Ery,Ery,Ery,2
1733,3Ery,Ery,Ery,2
1734,10GMP,GMP,GMP,4
1735,6Ery,Ery,Ery,1
1736,14Mo,Mo,Mo,9
1737,15Mo,Mo,Mo,3
1738,7MEP,MEP,MEP,5
1739,13Baso,Baso,Baso,4
1740,14Mo,Mo,Mo,0
1741,14Mo,Mo,Mo,0
1742,14Mo,Mo,Mo,8
1743,2Ery,Ery,Ery,2
1744,16Neu,Neu,Neu,3
1745,7MEP,MEP,MEP,5
1746,14Mo,Mo,Mo,0
1747,10GMP,GMP,GMP,9
1748,14Mo,Mo,Mo,0
1749,6Ery,Ery,Ery,1
1750,14Mo,Mo,Mo,0
1751,16Neu,Neu,Neu,3
1752,2Ery,Ery,Ery,2
1753,10GMP,GMP,GMP,9
1754,16Neu,Neu,Neu,3
1755,14Mo,Mo,Mo,4
1756,14Mo,Mo,Mo,0
1757,5Ery,Ery,Ery,1
1758,12Baso,Baso,Baso,4
1759,4Ery,Ery,Ery,2
1760,3Ery,Ery,Ery,2
1761,13Baso,Baso,Baso,9
1762,2Ery,Ery,Ery,2
1763,4Ery,Ery,Ery,6
1764,4Ery,Ery,Ery,1
1765,3Ery,Ery,Ery,6
1766,3Ery,Ery,Ery,1
1767,13Baso,Baso,Baso,9
1768,12Baso,Baso,Baso,5
1769,14Mo,Mo,Mo,8
1770,16Neu,Neu,Neu,3
1771,3Ery,Ery,Ery,1
1772,5Ery,Ery,Ery,1
1773,6Ery,Ery,Ery,1
1774,7MEP,MEP,MEP,5
1775,4Ery,Ery,Ery,2
1776,4Ery,Ery,Ery,1
1777,5Ery,Ery,Ery,6
1778,14Mo,Mo,Mo,8
1779,14Mo,Mo,Mo,9
1780,2Ery,Ery,Ery,6
1781,12Baso,Baso,Baso,5
1782,3Ery,Ery,Ery,2
1783,5Ery,Ery,Ery,6
1784,2Ery,Ery,Ery,6
1785,2Ery,Ery,Ery,6
1786,16Neu,Neu,Neu,3
1787,7MEP,MEP,MEP,5
1788,5Ery,Ery,Ery,1
1789,2Ery,Ery,Ery,6
1790,7MEP,MEP,MEP,5
1791,3Ery,Ery,Ery,1
1792,4Ery,Ery,Ery,6
1793,2Ery,Ery,Ery,2
1794,5Ery,Ery,Ery,1
1795,10GMP,GMP,GMP,4
1796,1Ery,Ery,Ery,6
1797,10GMP,GMP,GMP,4
1798,11DC,DC,DC,7
1799,16Neu,Neu,Neu,0
1800,2Ery,Ery,Ery,2
1801,2Ery,Ery,Ery,2
1802,2Ery,Ery,Ery,6
1803,5Ery,Ery,Ery,1
1804,5Ery,Ery,Ery,1
1805,14Mo,Mo,Mo,0
1806,14Mo,Mo,Mo,0
1807,16Neu,Neu,Neu,3
1808,10GMP,GMP,GMP,5
1809,14Mo,Mo,Mo,0
1810,14Mo,Mo,Mo,8
1811,4Ery,Ery,Ery,6
1812,2Ery,Ery,Ery,6
1813,6Ery,Ery,Ery,1
1814,2Ery,Ery,Ery,6
1815,19Lymph,Lymph,Lymph,4
1816,16Neu,Neu,Neu,3
1817,1Ery,Ery,Ery,6
1818,13Baso,Baso,Baso,9
1819,3Ery,Ery,Ery,2
1820,15Mo,Mo,Mo,3
1821,3Ery,Ery,Ery,2
1822,5Ery,Ery,Ery,6
1823,2Ery,Ery,Ery,6
1824,2Ery,Ery,Ery,6
1825,16Neu,Neu,Neu,3
1826,4Ery,Ery,Ery,2
1827,12Baso,Baso,Baso,4
1828,3Ery,Ery,Ery,2
1829,12Baso,Baso,Baso,4
1830,14Mo,Mo,Mo,0
1831,15Mo,Mo,Mo,3
1832,14Mo,Mo,Mo,0
1833,10GMP,GMP,GMP,9
1834,6Ery,Ery,Ery,1
1835,12Baso,Baso,Baso,4
1836,2Ery,Ery,Ery,6
1837,3Ery,Ery,Ery,2
1838,4Ery,Ery,Ery,6
1839,7MEP,MEP,MEP,5
1840,4Ery,Ery,Ery,2
1841,15Mo,Mo,Mo,3
1842,2Ery,Ery,Ery,2
1843,7MEP,MEP,MEP,4
1844,14Mo,Mo,Mo,0
1845,3Ery,Ery,Ery,2
1846,13Baso,Baso,Baso,0
1847,3Ery,Ery,Ery,2
1848,15Mo,Mo,Mo,3
1849,15Mo,Mo,Mo,3
1850,13Baso,Baso,Baso,0
1851,14Mo,Mo,Mo,9
1852,4Ery,Ery,Ery,2
1853,14Mo,Mo,Mo,0
1854,6Ery,Ery,Ery,5
1855,3Ery,Ery,Ery,2
1856,14Mo,Mo,Mo,0
1857,8Mk,Mk,Mk,1
1858,8Mk,Mk,Mk,5
1859,7MEP,MEP,MEP,5
1860,15Mo,Mo,Mo,3
1861,15Mo,Mo,Mo,3
1862,13Baso,Baso,Baso,8
1863,16Neu,Neu,Neu,3
1864,6Ery,Ery,Ery,5
1865,3Ery,Ery,Ery,2
1866,2Ery,Ery,Ery,6
1867,13Baso,Baso,Baso,9
1868,3Ery,Ery,Ery,2
1869,3Ery,Ery,Ery,2
1870,13Baso,Baso,Baso,0
1871,11DC,DC,DC,7
1872,10GMP,GMP,GMP,9
1873,4Ery,Ery,Ery,2
1874,2Ery,Ery,Ery,6
1875,7MEP,MEP,MEP,1
1876,7MEP,MEP,MEP,5
1877,6Ery,Ery,Ery,1
1878,3Ery,Ery,Ery,2
1879,16Neu,Neu,Neu,3
1880,7MEP,MEP,MEP,5
1881,14Mo,Mo,Mo,9
1882,3Ery,Ery,Ery,1
1883,6Ery,Ery,Ery,6
1884,9GMP,GMP,GMP,9
1885,12Baso,Baso,Baso,4
1886,3Ery,Ery,Ery,2
1887,14Mo,Mo,Mo,0
1888,10GMP,GMP,GMP,4
1889,4Ery,Ery,Ery,6
1890,7MEP,MEP,MEP,1
1891,6Ery,Ery,Ery,1
1892,14Mo,Mo,Mo,0
1893,14Mo,Mo,Mo,0
1894,4Ery,Ery,Ery,6
1895,3Ery,Ery,Ery,6
1896,3Ery,Ery,Ery,2
1897,2Ery,Ery,Ery,2
1898,16Neu,Neu,Neu,3
1899,3Ery,Ery,Ery,2
1900,7MEP,MEP,MEP,5
1901,18Eos,Eos,Eos,4
1902,6Ery,Ery,Ery,1
1903,13Baso,Baso,Baso,0
1904,4Ery,Ery,Ery,6
1905,10GMP,GMP,GMP,4
1906,6Ery,Ery,Ery,1
1907,2Ery,Ery,Ery,6
1908,12Baso,Baso,Baso,5
1909,1Ery,Ery,Ery,6
1910,4Ery,Ery,Ery,1
1911,13Baso,Baso,Baso,0
1912,14Mo,Mo,Mo,0
1913,14Mo,Mo,Mo,3
1914,13Baso,Baso,Baso,9
1915,3Ery,Ery,Ery,2
1916,3Ery,Ery,Ery,2
1917,16Neu,Neu,Neu,3
1918,15Mo,Mo,Mo,3
1919,14Mo,Mo,Mo,9
1920,3Ery,Ery,Ery,1
1921,6Ery,Ery,Ery,1
1922,2Ery,Ery,Ery,2
1923,10GMP,GMP,GMP,9
1924,14Mo,Mo,Mo,3
1925,5Ery,Ery,Ery,1
1926,4Ery,Ery,Ery,6
1927,15Mo,Mo,Mo,3
1928,13Baso,Baso,Baso,0
1929,15Mo,Mo,Mo,0
1930,13Baso,Baso,Baso,8
1931,14Mo,Mo,Mo,0
1932,12Baso,Baso,Baso,4
1933,16Neu,Neu,Neu,3
1934,13Baso,Baso,Baso,4
1935,6Ery,Ery,Ery,1
1936,15Mo,Mo,Mo,3
1937,4Ery,Ery,Ery,6
1938,14Mo,Mo,Mo,9
1939,13Baso,Baso,Baso,4
1940,15Mo,Mo,Mo,3
1941,3Ery,Ery,Ery,2
1942,10GMP,GMP,GMP,5
1943,13Baso,Baso,Baso,9
1944,4Ery,Ery,Ery,2
1945,8Mk,Mk,Mk,5
1946,3Ery,Ery,Ery,6
1947,14Mo,Mo,Mo,8
1948,15Mo,Mo,Mo,0
1949,16Neu,Neu,Neu,3
1950,15Mo,Mo,Mo,9
1951,9GMP,GMP,GMP,4
1952,16Neu,Neu,Neu,3
1953,12Baso,Baso,Baso,4
1954,10GMP,GMP,GMP,5
1955,14Mo,Mo,Mo,3
1956,14Mo,Mo,Mo,0
1957,14Mo,Mo,Mo,8
1958,7MEP,MEP,MEP,1
1959,15Mo,Mo,Mo,0
1960,17Neu,Neu,Neu,4
1961,2Ery,Ery,Ery,2
1962,14Mo,Mo,Mo,3
1963,14Mo,Mo,Mo,9
1964,4Ery,Ery,Ery,2
1965,6Ery,Ery,Ery,1
1966,15Mo,Mo,Mo,3
1967,2Ery,Ery,Ery,6
1968,2Ery,Ery,Ery,6
1969,5Ery,Ery,Ery,1
1970,2Ery,Ery,Ery,6
1971,2Ery,Ery,Ery,6
1972,14Mo,Mo,Mo,8
1973,2Ery,Ery,Ery,6
1974,14Mo,Mo,Mo,8
1975,15Mo,Mo,Mo,0
1976,5Ery,Ery,Ery,1
1977,6Ery,Ery,Ery,1
1978,13Baso,Baso,Baso,4
1979,6Ery,Ery,Ery,5
1980,13Baso,Baso,Baso,8
1981,5Ery,Ery,Ery,1
1982,15Mo,Mo,Mo,0
1983,3Ery,Ery,Ery,6
1984,10GMP,GMP,GMP,4
1985,2Ery,Ery,Ery,6
1986,14Mo,Mo,Mo,8
1987,2Ery,Ery,Ery,1
1988,14Mo,Mo,Mo,4
1989,2Ery,Ery,Ery,6
1990,2Ery,Ery,Ery,2
1991,2Ery,Ery,Ery,6
1992,5Ery,Ery,Ery,6
1993,14Mo,Mo,Mo,8
1994,1Ery,Ery,Ery,6
1995,5Ery,Ery,Ery,6
1996,4Ery,Ery,Ery,6
1997,2Ery,Ery,Ery,6
1998,10GMP,GMP,GMP,9
1999,2Ery,Ery,Ery,6
2000,2Ery,Ery,Ery,6
2001,7MEP,MEP,MEP,5
2002,2Ery,Ery,Ery,6
2003,7MEP,MEP,MEP,5
2004,1Ery,Ery,Ery,6
2005,7MEP,MEP,MEP,1
2006,9GMP,GMP,GMP,4
2007,2Ery,Ery,Ery,6
2008,17Neu,Neu,Neu,5
2009,14Mo,Mo,Mo,8
2010,14Mo,Mo,Mo,0
2011,13Baso,Baso,Baso,0
2012,7MEP,MEP,MEP,5
2013,16Neu,Neu,Neu,3
2014,2Ery,Ery,Ery,6
2015,2Ery,Ery,Ery,6
2016,7MEP,MEP,MEP,5
2017,6Ery,Ery,Ery,5
2018,14Mo,Mo,Mo,0
2019,4Ery,Ery,Ery,2
2020,6Ery,Ery,Ery,5
2021,2Ery,Ery,Ery,6
2022,4Ery,Ery,Ery,6
2023,1Ery,Ery,Ery,2
2024,5Ery,Ery,Ery,1
2025,19Lymph,Lymph,Lymph,4
2026,8Mk,Mk,Mk,5
2027,4Ery,Ery,Ery,6
2028,6Ery,Ery,Ery,5
2029,13Baso,Baso,Baso,0
2030,6Ery,Ery,Ery,1
2031,13Baso,Baso,Baso,0
2032,7MEP,MEP,MEP,5
2033,3Ery,Ery,Ery,2
2034,3Ery,Ery,Ery,2
2035,13Baso,Baso,Baso,0
2036,3Ery,Ery,Ery,1
2037,15Mo,Mo,Mo,3
2038,14Mo,Mo,Mo,0
2039,6Ery,Ery,Ery,1
2040,10GMP,GMP,GMP,9
2041,16Neu,Neu,Neu,3
2042,4Ery,Ery,Ery,2
2043,14Mo,Mo,Mo,0
2044,14Mo,Mo,Mo,0
2045,10GMP,GMP,GMP,9
2046,3Ery,Ery,Ery,6
2047,10GMP,GMP,GMP,9
2048,14Mo,Mo,Mo,3
2049,3Ery,Ery,Ery,1
2050,4Ery,Ery,Ery,2
2051,19Lymph,Lymph,Lymph,4
2052,14Mo,Mo,Mo,8
2053,3Ery,Ery,Ery,6
2054,15Mo,Mo,Mo,9
2055,15Mo,Mo,Mo,3
2056,10GMP,GMP,GMP,9
2057,15Mo,Mo,Mo,3
2058,15Mo,Mo,Mo,3
2059,14Mo,Mo,Mo,0
2060,13Baso,Baso,Baso,8
2061,16Neu,Neu,Neu,3
2062,14Mo,Mo,Mo,8
2063,4Ery,Ery,Ery,2
2064,14Mo,Mo,Mo,3
2065,9GMP,GMP,GMP,5
2066,3Ery,Ery,Ery,2
2067,14Mo,Mo,Mo,0
2068,3Ery,Ery,Ery,2
2069,10GMP,GMP,GMP,4
2070,16Neu,Neu,Neu,3
2071,16Neu,Neu,Neu,3
2072,13Baso,Baso,Baso,8
2073,1Ery,Ery,Ery,2
2074,6Ery,Ery,Ery,5
2075,2Ery,Ery,Ery,6
2076,14Mo,Mo,Mo,4
2077,2Ery,Ery,Ery,6
2078,14Mo,Mo,Mo,3
2079,5Ery,Ery,Ery,1
2080,2Ery,Ery,Ery,6
2081,9GMP,GMP,GMP,9
2082,13Baso,Baso,Baso,0
2083,2Ery,Ery,Ery,6
2084,3Ery,Ery,Ery,6
2085,16Neu,Neu,Neu,3
2086,13Baso,Baso,Baso,9
2087,14Mo,Mo,Mo,8
2088,4Ery,Ery,Ery,6
2089,3Ery,Ery,Ery,2
2090,6Ery,Ery,Ery,1
2091,7MEP,MEP,MEP,5
2092,10GMP,GMP,GMP,4
2093,4Ery,Ery,Ery,1
2094,2Ery,Ery,Ery,6
2095,16Neu,Neu,Neu,3
2096,12Baso,Baso,Baso,4
2097,19Lymph,Lymph,Lymph,4
2098,7MEP,MEP,MEP,5
2099,13Baso,Baso,Baso,8
2100,4Ery,Ery,Ery,6
2101,7MEP,MEP,MEP,5
2102,4Ery,Ery,Ery,2
2103,12Baso,Baso,Baso,4
2104,5Ery,Ery,Ery,1
2105,2Ery,Ery,Ery,6
2106,2Ery,Ery,Ery,6
2107,9GMP,GMP,GMP,4
2108,1Ery,Ery,Ery,6
2109,11DC,DC,DC,7
2110,3Ery,Ery,Ery,2
2111,14Mo,Mo,Mo,8
2112,16Neu,Neu,Neu,3
2113,2Ery,Ery,Ery,6
2114,5Ery,Ery,Ery,6
2115,14Mo,Mo,Mo,8
2116,15Mo,Mo,Mo,0
2117,9GMP,GMP,GMP,4
2118,9GMP,GMP,GMP,4
2119,14Mo,Mo,Mo,0
2120,2Ery,Ery,Ery,6
2121,4Ery,Ery,Ery,2
2122,5Ery,Ery,Ery,6
2123,4Ery,Ery,Ery,6
2124,3Ery,Ery,Ery,2
2125,16Neu,Neu,Neu,3
2126,2Ery,Ery,Ery,6
2127,16Neu,Neu,Neu,3
2128,2Ery,Ery,Ery,6
2129,13Baso,Baso,Baso,9
2130,2Ery,Ery,Ery,6
2131,6Ery,Ery,Ery,1
2132,6Ery,Ery,Ery,1
2133,14Mo,Mo,Mo,8
2134,2Ery,Ery,Ery,6
2135,2Ery,Ery,Ery,6
2136,8Mk,Mk,Mk,5
2137,8Mk,Mk,Mk,5
2138,14Mo,Mo,Mo,8
2139,14Mo,Mo,Mo,8
2140,1Ery,Ery,Ery,6
2141,4Ery,Ery,Ery,2
2142,7MEP,MEP,MEP,5
2143,16Neu,Neu,Neu,3
2144,16Neu,Neu,Neu,3
2145,14Mo,Mo,Mo,8
2146,3Ery,Ery,Ery,6
2147,2Ery,Ery,Ery,6
2148,16Neu,Neu,Neu,8
2149,17Neu,Neu,Neu,4
2150,6Ery,Ery,Ery,1
2151,2Ery,Ery,Ery,6
2152,14Mo,Mo,Mo,8
2153,16Neu,Neu,Neu,3
2154,7MEP,MEP,MEP,5
2155,2Ery,Ery,Ery,2
2156,3Ery,Ery,Ery,2
2157,2Ery,Ery,Ery,6
2158,6Ery,Ery,Ery,5
2159,6Ery,Ery,Ery,1
2160,6Ery,Ery,Ery,1
2161,10GMP,GMP,GMP,4
2162,12Baso,Baso,Baso,4
2163,12Baso,Baso,Baso,4
2164,4Ery,Ery,Ery,6
2165,2Ery,Ery,Ery,6
2166,4Ery,Ery,Ery,1
2167,2Ery,Ery,Ery,6
2168,14Mo,Mo,Mo,8
2169,3Ery,Ery,Ery,6
2170,6Ery,Ery,Ery,1
2171,3Ery,Ery,Ery,2
2172,10GMP,GMP,GMP,4
2173,2Ery,Ery,Ery,6
2174,14Mo,Mo,Mo,8
2175,16Neu,Neu,Neu,3
2176,18Eos,Eos,Eos,4
2177,13Baso,Baso,Baso,0
2178,6Ery,Ery,Ery,1
2179,14Mo,Mo,Mo,0
2180,13Baso,Baso,Baso,8
2181,2Ery,Ery,Ery,6
2182,2Ery,Ery,Ery,6
2183,5Ery,Ery,Ery,1
2184,10GMP,GMP,GMP,9
2185,5Ery,Ery,Ery,6
2186,14Mo,Mo,Mo,8
2187,13Baso,Baso,Baso,4
2188,14Mo,Mo,Mo,8
2189,16Neu,Neu,Neu,3
2190,2Ery,Ery,Ery,6
2191,10GMP,GMP,GMP,5
2192,4Ery,Ery,Ery,6
2193,16Neu,Neu,Neu,3
2194,6Ery,Ery,Ery,1
2195,15Mo,Mo,Mo,3
2196,14Mo,Mo,Mo,9
2197,12Baso,Baso,Baso,4
2198,7MEP,MEP,MEP,5
2199,10GMP,GMP,GMP,4
2200,15Mo,Mo,Mo,0
2201,3Ery,Ery,Ery,2
2202,15Mo,Mo,Mo,3
2203,3Ery,Ery,Ery,2
2204,9GMP,GMP,GMP,4
2205,2Ery,Ery,Ery,6
2206,7MEP,MEP,MEP,5
2207,3Ery,Ery,Ery,2
2208,13Baso,Baso,Baso,0
2209,16Neu,Neu,Neu,3
2210,13Baso,Baso,Baso,0
2211,2Ery,Ery,Ery,2
2212,15Mo,Mo,Mo,3
2213,7MEP,MEP,MEP,5
2214,6Ery,Ery,Ery,1
2215,5Ery,Ery,Ery,1
2216,13Baso,Baso,Baso,0
2217,10GMP,GMP,GMP,9
2218,9GMP,GMP,GMP,4
2219,13Baso,Baso,Baso,8
2220,13Baso,Baso,Baso,0
2221,12Baso,Baso,Baso,4
2222,5Ery,Ery,Ery,6
2223,13Baso,Baso,Baso,8
2224,15Mo,Mo,Mo,3
2225,14Mo,Mo,Mo,0
2226,10GMP,GMP,GMP,4
2227,15Mo,Mo,Mo,8
2228,4Ery,Ery,Ery,6
2229,5Ery,Ery,Ery,6
2230,8Mk,Mk,Mk,5
2231,13Baso,Baso,Baso,0
2232,7MEP,MEP,MEP,5
2233,14Mo,Mo,Mo,8
2234,14Mo,Mo,Mo,0
2235,2Ery,Ery,Ery,6
2236,6Ery,Ery,Ery,5
2237,2Ery,Ery,Ery,6
2238,13Baso,Baso,Baso,9
2239,7MEP,MEP,MEP,5
2240,16Neu,Neu,Neu,3
2241,14Mo,Mo,Mo,8
2242,3Ery,Ery,Ery,1
2243,16Neu,Neu,Neu,3
2244,19Lymph,Lymph,Lymph,4
2245,10GMP,GMP,GMP,9
2246,12Baso,Baso,Baso,4
2247,10GMP,GMP,GMP,4
2248,13Baso,Baso,Baso,8
2249,1Ery,Ery,Ery,6
2250,16Neu,Neu,Neu,3
2251,6Ery,Ery,Ery,5
2252,14Mo,Mo,Mo,0
2253,2Ery,Ery,Ery,6
2254,14Mo,Mo,Mo,8
2255,10GMP,GMP,GMP,4
2256,14Mo,Mo,Mo,4
2257,16Neu,Neu,Neu,3
2258,9GMP,GMP,GMP,5
2259,3Ery,Ery,Ery,1
2260,3Ery,Ery,Ery,2
2261,14Mo,Mo,Mo,3
2262,2Ery,Ery,Ery,6
2263,12Baso,Baso,Baso,4
2264,9GMP,GMP,GMP,4
2265,1Ery,Ery,Ery,6
2266,3Ery,Ery,Ery,6
2267,5Ery,Ery,Ery,1
2268,2Ery,Ery,Ery,6
2269,8Mk,Mk,Mk,5
2270,2Ery,Ery,Ery,6
2271,16Neu,Neu,Neu,3
2272,5Ery,Ery,Ery,1
2273,10GMP,GMP,GMP,5
2274,13Baso,Baso,Baso,0
2275,16Neu,Neu,Neu,3
2276,14Mo,Mo,Mo,8
2277,2Ery,Ery,Ery,6
2278,5Ery,Ery,Ery,6
2279,15Mo,Mo,Mo,0
2280,7MEP,MEP,MEP,5
2281,15Mo,Mo,Mo,3
2282,5Ery,Ery,Ery,6
2283,6Ery,Ery,Ery,1
2284,5Ery,Ery,Ery,1
2285,2Ery,Ery,Ery,6
2286,3Ery,Ery,Ery,2
2287,15Mo,Mo,Mo,3
2288,7MEP,MEP,MEP,5
2289,3Ery,Ery,Ery,2
2290,15Mo,Mo,Mo,0
2291,16Neu,Neu,Neu,3
2292,6Ery,Ery,Ery,1
2293,7MEP,MEP,MEP,5
2294,6Ery,Ery,Ery,1
2295,6Ery,Ery,Ery,1
2296,10GMP,GMP,GMP,4
2297,4Ery,Ery,Ery,2
2298,13Baso,Baso,Baso,8
2299,14Mo,Mo,Mo,3
2300,13Baso,Baso,Baso,8
2301,3Ery,Ery,Ery,2
2302,6Ery,Ery,Ery,1
2303,8Mk,Mk,Mk,5
2304,14Mo,Mo,Mo,8
2305,2Ery,Ery,Ery,6
2306,9GMP,GMP,GMP,9
2307,6Ery,Ery,Ery,1
2308,15Mo,Mo,Mo,3
2309,13Baso,Baso,Baso,9
2310,3Ery,Ery,Ery,1
2311,16Neu,Neu,Neu,3
2312,2Ery,Ery,Ery,6
2313,9GMP,GMP,GMP,4
2314,14Mo,Mo,Mo,3
2315,3Ery,Ery,Ery,2
2316,14Mo,Mo,Mo,8
2317,14Mo,Mo,Mo,8
2318,16Neu,Neu,Neu,8
2319,14Mo,Mo,Mo,8
2320,9GMP,GMP,GMP,4
2321,3Ery,Ery,Ery,6
2322,13Baso,Baso,Baso,0
2323,10GMP,GMP,GMP,5
2324,14Mo,Mo,Mo,8
2325,3Ery,Ery,Ery,1
2326,6Ery,Ery,Ery,1
2327,14Mo,Mo,Mo,8
2328,4Ery,Ery,Ery,6
2329,3Ery,Ery,Ery,2
2330,2Ery,Ery,Ery,6
2331,2Ery,Ery,Ery,6
2332,14Mo,Mo,Mo,8
2333,2Ery,Ery,Ery,6
2334,8Mk,Mk,Mk,5
2335,10GMP,GMP,GMP,4
2336,10GMP,GMP,GMP,4
2337,14Mo,Mo,Mo,8
2338,10GMP,GMP,GMP,4
2339,16Neu,Neu,Neu,3
2340,10GMP,GMP,GMP,9
2341,10GMP,GMP,GMP,9
2342,13Baso,Baso,Baso,0
2343,16Neu,Neu,Neu,3
2344,2Ery,Ery,Ery,1
2345,16Neu,Neu,Neu,3
2346,2Ery,Ery,Ery,6
2347,14Mo,Mo,Mo,0
2348,11DC,DC,DC,7
2349,14Mo,Mo,Mo,8
2350,11DC,DC,DC,7
2351,14Mo,Mo,Mo,4
2352,13Baso,Baso,Baso,0
2353,2Ery,Ery,Ery,6
2354,2Ery,Ery,Ery,2
2355,16Neu,Neu,Neu,3
2356,2Ery,Ery,Ery,6
2357,2Ery,Ery,Ery,6
2358,14Mo,Mo,Mo,8
2359,5Ery,Ery,Ery,6
2360,2Ery,Ery,Ery,6
2361,7MEP,MEP,MEP,5
2362,9GMP,GMP,GMP,4
2363,2Ery,Ery,Ery,6
2364,10GMP,GMP,GMP,4
2365,7MEP,MEP,MEP,5
2366,6Ery,Ery,Ery,5
2367,15Mo,Mo,Mo,0
2368,5Ery,Ery,Ery,1
2369,5Ery,Ery,Ery,6
2370,15Mo,Mo,Mo,3
2371,14Mo,Mo,Mo,8
2372,8Mk,Mk,Mk,5
2373,14Mo,Mo,Mo,0
2374,15Mo,Mo,Mo,3
2375,4Ery,Ery,Ery,1
2376,14Mo,Mo,Mo,0
2377,13Baso,Baso,Baso,4
2378,6Ery,Ery,Ery,5
2379,4Ery,Ery,Ery,2
2380,13Baso,Baso,Baso,0
2381,4Ery,Ery,Ery,2
2382,9GMP,GMP,GMP,9
2383,3Ery,Ery,Ery,2
2384,8Mk,Mk,Mk,5
2385,8Mk,Mk,Mk,5
2386,15Mo,Mo,Mo,3
2387,2Ery,Ery,Ery,6
2388,12Baso,Baso,Baso,4
2389,3Ery,Ery,Ery,1
2390,15Mo,Mo,Mo,3
2391,15Mo,Mo,Mo,3
2392,9GMP,GMP,GMP,4
2393,3Ery,Ery,Ery,2
2394,10GMP,GMP,GMP,9
2395,15Mo,Mo,Mo,3
2396,16Neu,Neu,Neu,3
2397,4Ery,Ery,Ery,1
2398,3Ery,Ery,Ery,1
2399,14Mo,Mo,Mo,0
2400,3Ery,Ery,Ery,1
2401,16Neu,Neu,Neu,3
2402,6Ery,Ery,Ery,1
2403,5Ery,Ery,Ery,1
2404,13Baso,Baso,Baso,9
2405,13Baso,Baso,Baso,9
2406,11DC,DC,DC,7
2407,13Baso,Baso,Baso,0
2408,8Mk,Mk,Mk,5
2409,2Ery,Ery,Ery,2
2410,13Baso,Baso,Baso,8
2411,13Baso,Baso,Baso,0
2412,8Mk,Mk,Mk,5
2413,8Mk,Mk,Mk,5
2414,15Mo,Mo,Mo,3
2415,14Mo,Mo,Mo,8
2416,14Mo,Mo,Mo,3
2417,19Lymph,Lymph,Lymph,4
2418,6Ery,Ery,Ery,5
2419,5Ery,Ery,Ery,6
2420,15Mo,Mo,Mo,3
2421,7MEP,MEP,MEP,1
2422,15Mo,Mo,Mo,3
2423,15Mo,Mo,Mo,3
2424,6Ery,Ery,Ery,1
2425,12Baso,Baso,Baso,4
2426,2Ery,Ery,Ery,6
2427,13Baso,Baso,Baso,0
2428,3Ery,Ery,Ery,5
2429,4Ery,Ery,Ery,2
2430,14Mo,Mo,Mo,3
2431,10GMP,GMP,GMP,4
2432,16Neu,Neu,Neu,3
2433,15Mo,Mo,Mo,3
2434,6Ery,Ery,Ery,5
2435,13Baso,Baso,Baso,0
2436,19Lymph,Lymph,Lymph,4
2437,15Mo,Mo,Mo,3
2438,6Ery,Ery,Ery,1
2439,2Ery,Ery,Ery,6
2440,15Mo,Mo,Mo,3
2441,3Ery,Ery,Ery,2
2442,13Baso,Baso,Baso,4
2443,6Ery,Ery,Ery,1
2444,13Baso,Baso,Baso,8
2445,9GMP,GMP,GMP,4
2446,10GMP,GMP,GMP,9
2447,10GMP,GMP,GMP,9
2448,14Mo,Mo,Mo,8
2449,2Ery,Ery,Ery,6
2450,6Ery,Ery,Ery,5
2451,10GMP,GMP,GMP,9
2452,7MEP,MEP,MEP,5
2453,6Ery,Ery,Ery,5
2454,14Mo,Mo,Mo,8
2455,2Ery,Ery,Ery,2
2456,2Ery,Ery,Ery,6
2457,7MEP,MEP,MEP,5
2458,5Ery,Ery,Ery,6
2459,13Baso,Baso,Baso,0
2460,13Baso,Baso,Baso,0
2461,14Mo,Mo,Mo,8
2462,3Ery,Ery,Ery,2
2463,13Baso,Baso,Baso,0
2464,4Ery,Ery,Ery,6
2465,3Ery,Ery,Ery,2
2466,2Ery,Ery,Ery,6
2467,15Mo,Mo,Mo,3
2468,7MEP,MEP,MEP,5
2469,1Ery,Ery,Ery,6
2470,15Mo,Mo,Mo,3
2471,2Ery,Ery,Ery,6
2472,13Baso,Baso,Baso,4
2473,8Mk,Mk,Mk,5
2474,9GMP,GMP,GMP,9
2475,19Lymph,Lymph,Lymph,4
2476,11DC,DC,DC,7
2477,8Mk,Mk,Mk,5
2478,17Neu,Neu,Neu,4
2479,13Baso,Baso,Baso,9
2480,13Baso,Baso,Baso,9
2481,13Baso,Baso,Baso,4
2482,3Ery,Ery,Ery,2
2483,12Baso,Baso,Baso,5
2484,16Neu,Neu,Neu,3
2485,10GMP,GMP,GMP,9
2486,15Mo,Mo,Mo,3
2487,7MEP,MEP,MEP,5
2488,13Baso,Baso,Baso,9
2489,13Baso,Baso,Baso,8
2490,14Mo,Mo,Mo,3
2491,16Neu,Neu,Neu,3
2492,3Ery,Ery,Ery,2
2493,7MEP,MEP,MEP,5
2494,13Baso,Baso,Baso,0
2495,13Baso,Baso,Baso,8
2496,3Ery,Ery,Ery,6
2497,1Ery,Ery,Ery,2
2498,14Mo,Mo,Mo,0
2499,15Mo,Mo,Mo,3
2500,10GMP,GMP,GMP,4
2501,15Mo,Mo,Mo,3
2502,4Ery,Ery,Ery,2
2503,9GMP,GMP,GMP,4
2504,14Mo,Mo,Mo,3
2505,9GMP,GMP,GMP,9
2506,13Baso,Baso,Baso,9
2507,10GMP,GMP,GMP,4
2508,9GMP,GMP,GMP,9
2509,5Ery,Ery,Ery,1
2510,2Ery,Ery,Ery,6
2511,7MEP,MEP,MEP,5
2512,13Baso,Baso,Baso,0
2513,6Ery,Ery,Ery,1
2514,7MEP,MEP,MEP,5
2515,10GMP,GMP,GMP,5
2516,7MEP,MEP,MEP,5
2517,10GMP,GMP,GMP,9
2518,3Ery,Ery,Ery,6
2519,5Ery,Ery,Ery,2
2520,10GMP,GMP,GMP,5
2521,6Ery,Ery,Ery,5
2522,19Lymph,Lymph,Lymph,4
2523,8Mk,Mk,Mk,5
2524,4Ery,Ery,Ery,6
2525,14Mo,Mo,Mo,0
2526,16Neu,Neu,Neu,3
2527,14Mo,Mo,Mo,8
2528,10GMP,GMP,GMP,4
2529,10GMP,GMP,GMP,4
2530,13Baso,Baso,Baso,0
2531,7MEP,MEP,MEP,5
2532,15Mo,Mo,Mo,3
2533,10GMP,GMP,GMP,9
2534,15Mo,Mo,Mo,3
2535,15Mo,Mo,Mo,3
2536,14Mo,Mo,Mo,3
2537,5Ery,Ery,Ery,1
2538,13Baso,Baso,Baso,0
2539,9GMP,GMP,GMP,4
2540,7MEP,MEP,MEP,5
2541,14Mo,Mo,Mo,3
2542,6Ery,Ery,Ery,1
2543,2Ery,Ery,Ery,6
2544,8Mk,Mk,Mk,5
2545,7MEP,MEP,MEP,5
2546,5Ery,Ery,Ery,1
2547,7MEP,MEP,MEP,5
2548,13Baso,Baso,Baso,0
2549,7MEP,MEP,MEP,5
2550,5Ery,Ery,Ery,1
2551,8Mk,Mk,Mk,5
2552,2Ery,Ery,Ery,6
2553,2Ery,Ery,Ery,2
2554,4Ery,Ery,Ery,2
2555,14Mo,Mo,Mo,8
2556,15Mo,Mo,Mo,3
2557,13Baso,Baso,Baso,9
2558,3Ery,Ery,Ery,2
2559,2Ery,Ery,Ery,2
2560,5Ery,Ery,Ery,1
2561,13Baso,Baso,Baso,8
2562,3Ery,Ery,Ery,6
2563,6Ery,Ery,Ery,5
2564,8Mk,Mk,Mk,5
2565,6Ery,Ery,Ery,5
2566,15Mo,Mo,Mo,3
2567,2Ery,Ery,Ery,2
2568,5Ery,Ery,Ery,6
2569,6Ery,Ery,Ery,5
2570,9GMP,GMP,GMP,4
2571,8Mk,Mk,Mk,5
2572,15Mo,Mo,Mo,3
2573,13Baso,Baso,Baso,0
2574,10GMP,GMP,GMP,4
2575,15Mo,Mo,Mo,3
2576,15Mo,Mo,Mo,3
2577,2Ery,Ery,Ery,6
2578,13Baso,Baso,Baso,8
2579,14Mo,Mo,Mo,0
2580,9GMP,GMP,GMP,5
2581,2Ery,Ery,Ery,6
2582,3Ery,Ery,Ery,2
2583,17Neu,Neu,Neu,4
2584,16Neu,Neu,Neu,3
2585,13Baso,Baso,Baso,0
2586,6Ery,Ery,Ery,1
2587,13Baso,Baso,Baso,0
2588,10GMP,GMP,GMP,9
2589,13Baso,Baso,Baso,0
2590,13Baso,Baso,Baso,0
2591,2Ery,Ery,Ery,6
2592,6Ery,Ery,Ery,5
2593,15Mo,Mo,Mo,3
2594,14Mo,Mo,Mo,3
2595,14Mo,Mo,Mo,0
2596,13Baso,Baso,Baso,9
2597,14Mo,Mo,Mo,8
2598,6Ery,Ery,Ery,1
2599,13Baso,Baso,Baso,0
2600,17Neu,Neu,Neu,4
2601,2Ery,Ery,Ery,6
2602,6Ery,Ery,Ery,1
2603,7MEP,MEP,MEP,5
2604,10GMP,GMP,GMP,9
2605,10GMP,GMP,GMP,9
2606,6Ery,Ery,Ery,1
2607,15Mo,Mo,Mo,3
2608,15Mo,Mo,Mo,3
2609,6Ery,Ery,Ery,5
2610,4Ery,Ery,Ery,1
2611,8Mk,Mk,Mk,5
2612,6Ery,Ery,Ery,5
2613,13Baso,Baso,Baso,3
2614,13Baso,Baso,Baso,9
2615,5Ery,Ery,Ery,6
2616,10GMP,GMP,GMP,4
2617,10GMP,GMP,GMP,5
2618,10GMP,GMP,GMP,9
2619,2Ery,Ery,Ery,6
2620,11DC,DC,DC,7
2621,16Neu,Neu,Neu,3
2622,14Mo,Mo,Mo,3
2623,5Ery,Ery,Ery,1
2624,10GMP,GMP,GMP,9
2625,6Ery,Ery,Ery,1
2626,2Ery,Ery,Ery,2
2627,10GMP,GMP,GMP,9
2628,15Mo,Mo,Mo,3
2629,16Neu,Neu,Neu,3
2630,6Ery,Ery,Ery,5
2631,19Lymph,Lymph,Lymph,4
2632,10GMP,GMP,GMP,9
2633,15Mo,Mo,Mo,3
2634,13Baso,Baso,Baso,0
2635,5Ery,Ery,Ery,1
2636,7MEP,MEP,MEP,5
2637,4Ery,Ery,Ery,6
2638,7MEP,MEP,MEP,5
2639,3Ery,Ery,Ery,1
2640,19Lymph,Lymph,Lymph,4
2641,13Baso,Baso,Baso,3
2642,13Baso,Baso,Baso,8
2643,13Baso,Baso,Baso,9
2644,3Ery,Ery,Ery,2
2645,1Ery,Ery,Ery,6
2646,15Mo,Mo,Mo,3
2647,8Mk,Mk,Mk,5
2648,7MEP,MEP,MEP,5
2649,7MEP,MEP,MEP,5
2650,13Baso,Baso,Baso,4
2651,13Baso,Baso,Baso,8
2652,5Ery,Ery,Ery,6
2653,6Ery,Ery,Ery,5
2654,15Mo,Mo,Mo,3
2655,13Baso,Baso,Baso,0
2656,14Mo,Mo,Mo,0
2657,10GMP,GMP,GMP,5
2658,13Baso,Baso,Baso,8
2659,7MEP,MEP,MEP,5
2660,15Mo,Mo,Mo,3
2661,8Mk,Mk,Mk,5
2662,9GMP,GMP,GMP,9
2663,4Ery,Ery,Ery,1
2664,17Neu,Neu,Neu,4
2665,2Ery,Ery,Ery,6
2666,14Mo,Mo,Mo,0
2667,15Mo,Mo,Mo,3
2668,14Mo,Mo,Mo,3
2669,6Ery,Ery,Ery,1
2670,6Ery,Ery,Ery,5
2671,10GMP,GMP,GMP,9
2672,6Ery,Ery,Ery,5
2673,13Baso,Baso,Baso,8
2674,6Ery,Ery,Ery,5
2675,12Baso,Baso,Baso,4
2676,3Ery,Ery,Ery,2
2677,13Baso,Baso,Baso,8
2678,13Baso,Baso,Baso,8
2679,16Neu,Neu,Neu,3
2680,10GMP,GMP,GMP,9
2681,16Neu,Neu,Neu,3
2682,13Baso,Baso,Baso,8
2683,5Ery,Ery,Ery,1
2684,2Ery,Ery,Ery,2
2685,9GMP,GMP,GMP,4
2686,16Neu,Neu,Neu,3
2687,8Mk,Mk,Mk,5
2688,11DC,DC,DC,7
2689,13Baso,Baso,Baso,4
2690,10GMP,GMP,GMP,4
2691,5Ery,Ery,Ery,1
2692,15Mo,Mo,Mo,3
2693,13Baso,Baso,Baso,0
2694,9GMP,GMP,GMP,4
2695,14Mo,Mo,Mo,3
2696,13Baso,Baso,Baso,9
2697,14Mo,Mo,Mo,8
2698,15Mo,Mo,Mo,3
2699,15Mo,Mo,Mo,3
2700,10GMP,GMP,GMP,4
2701,15Mo,Mo,Mo,3
2702,16Neu,Neu,Neu,3
2703,6Ery,Ery,Ery,1
2704,2Ery,Ery,Ery,2
2705,13Baso,Baso,Baso,0
2706,5Ery,Ery,Ery,1
2707,7MEP,MEP,MEP,5
2708,19Lymph,Lymph,Lymph,4
2709,6Ery,Ery,Ery,1
2710,13Baso,Baso,Baso,8
2711,2Ery,Ery,Ery,6
2712,11DC,DC,DC,7
2713,7MEP,MEP,MEP,5
2714,13Baso,Baso,Baso,4
2715,2Ery,Ery,Ery,6
2716,14Mo,Mo,Mo,8
2717,13Baso,Baso,Baso,8
2718,8Mk,Mk,Mk,5
2719,13Baso,Baso,Baso,3
2720,7MEP,MEP,MEP,1
2721,10GMP,GMP,GMP,4
2722,10GMP,GMP,GMP,9
2723,14Mo,Mo,Mo,3
2724,16Neu,Neu,Neu,3
2725,2Ery,Ery,Ery,6
2726,13Baso,Baso,Baso,0
2727,7MEP,MEP,MEP,5
2728,15Mo,Mo,Mo,3
2729,3Ery,Ery,Ery,2
