,paul15_clusters,paul15_label,celltype,SC3,CIDR,Seurat,tsne,SIMLR,SAFE,SAME,ctec_db_labels
0,7MEP,MEP,MEP,6,1,2,3,2,3,3,2
1,15Mo,Mo,Mo,3,2,1,2,6,2,7,1
2,3Ery,Ery,Ery,1,3,5,1,7,1,6,0
3,15Mo,Mo,Mo,4,3,4,2,5,2,1,1
4,3Ery,Ery,Ery,1,3,5,1,7,1,6,0
5,15Mo,Mo,Mo,5,4,4,2,5,2,1,1
6,4Ery,Ery,Ery,2,5,5,1,1,1,6,0
7,2Ery,Ery,Ery,6,5,2,3,2,3,3,2
8,3Ery,Ery,Ery,2,3,2,1,7,1,5,0
9,2Ery,Ery,Ery,1,5,3,1,1,1,5,0
10,2Ery,Ery,Ery,1,1,3,1,1,1,5,0
11,17Neu,Neu,Neu,6,6,6,3,2,3,4,2
12,14Mo,Mo,Mo,7,4,1,2,6,2,7,1
13,13Baso,Baso,Baso,8,7,6,3,6,3,4,1
14,3Ery,Ery,Ery,1,8,3,1,1,1,5,0
15,7MEP,MEP,MEP,6,6,2,3,2,3,3,2
16,3Ery,Ery,Ery,1,1,5,1,7,1,6,0
17,3Ery,Ery,Ery,1,8,3,1,7,1,5,0
18,2Ery,Ery,Ery,1,1,3,1,1,1,5,0
19,8Mk,Mk,Mk,6,3,7,3,2,3,4,2
20,3Ery,Ery,Ery,2,3,2,1,1,1,5,0
21,9GMP,GMP,GMP,8,1,6,2,6,3,7,1
22,8Mk,Mk,Mk,6,1,7,3,2,3,4,2
23,10GMP,GMP,GMP,8,6,6,3,2,3,4,2
24,15Mo,Mo,Mo,3,2,1,2,6,2,7,1
25,16Neu,Neu,Neu,4,9,4,2,5,2,1,1
26,4Ery,Ery,Ery,2,10,3,1,1,1,5,0
27,13Baso,Baso,Baso,8,3,6,3,2,3,4,2
28,17Neu,Neu,Neu,8,6,6,3,2,3,4,2
29,3Ery,Ery,Ery,1,1,5,1,7,1,6,0
30,2Ery,Ery,Ery,1,8,5,1,7,1,6,0
31,3Ery,Ery,Ery,1,3,5,1,7,1,6,0
32,5Ery,Ery,Ery,2,1,2,1,1,1,5,0
33,3Ery,Ery,Ery,2,1,5,1,7,1,6,0
34,13Baso,Baso,Baso,7,11,1,2,6,2,7,1
35,1Ery,Ery,Ery,1,8,3,1,1,1,5,0
36,3Ery,Ery,Ery,1,8,5,1,1,1,6,0
37,6Ery,Ery,Ery,2,1,5,1,7,1,6,0
38,15Mo,Mo,Mo,4,2,4,2,5,2,1,1
39,3Ery,Ery,Ery,2,1,2,1,1,1,5,0
40,3Ery,Ery,Ery,1,3,3,1,1,1,5,0
41,14Mo,Mo,Mo,3,11,1,2,6,2,7,1
42,19Lymph,Lymph,Lymph,6,7,8,3,8,3,2,2
43,12Baso,Baso,Baso,8,4,6,3,2,3,4,2
44,3Ery,Ery,Ery,1,8,5,1,7,1,6,0
45,14Mo,Mo,Mo,3,11,1,2,6,2,7,1
46,6Ery,Ery,Ery,2,5,5,1,1,1,6,0
47,4Ery,Ery,Ery,1,3,5,1,7,1,6,0
48,7MEP,MEP,MEP,8,6,7,3,8,3,2,2
49,2Ery,Ery,Ery,1,5,3,1,1,1,5,0
50,13Baso,Baso,Baso,8,11,6,3,2,3,4,2
51,14Mo,Mo,Mo,4,3,4,2,5,2,1,1
52,6Ery,Ery,Ery,2,1,2,1,1,1,5,0
53,18Eos,Eos,Eos,5,7,6,3,2,3,4,2
54,4Ery,Ery,Ery,1,10,3,1,1,1,5,0
55,3Ery,Ery,Ery,2,3,3,1,1,1,5,0
56,3Ery,Ery,Ery,2,1,5,1,1,1,6,0
57,14Mo,Mo,Mo,3,9,1,2,6,2,7,1
58,2Ery,Ery,Ery,1,1,3,1,1,1,5,0
59,13Baso,Baso,Baso,3,4,1,2,6,2,7,1
60,2Ery,Ery,Ery,1,3,3,1,1,1,5,0
61,13Baso,Baso,Baso,3,3,1,2,6,2,7,1
62,13Baso,Baso,Baso,3,4,1,2,6,2,7,1
63,14Mo,Mo,Mo,3,9,1,2,6,2,7,1
64,7MEP,MEP,MEP,6,6,2,3,2,3,3,2
65,7MEP,MEP,MEP,2,3,5,1,7,1,6,0
66,7MEP,MEP,MEP,6,6,2,3,2,3,3,2
67,10GMP,GMP,GMP,8,6,6,3,2,3,4,2
68,12Baso,Baso,Baso,6,7,6,3,2,3,4,2
69,6Ery,Ery,Ery,2,1,2,1,1,1,5,0
70,5Ery,Ery,Ery,2,1,2,1,1,1,5,0
71,5Ery,Ery,Ery,2,5,3,1,1,1,5,0
72,14Mo,Mo,Mo,4,3,4,2,5,2,1,1
73,4Ery,Ery,Ery,1,5,3,1,1,1,5,0
74,16Neu,Neu,Neu,4,2,4,2,5,2,1,1
75,16Neu,Neu,Neu,4,9,4,2,5,2,1,1
76,3Ery,Ery,Ery,1,3,5,1,7,1,6,0
77,2Ery,Ery,Ery,2,10,3,1,1,1,5,0
78,6Ery,Ery,Ery,1,8,3,1,1,1,5,0
79,13Baso,Baso,Baso,7,6,1,2,6,2,7,1
80,13Baso,Baso,Baso,8,11,6,3,6,3,4,1
81,10GMP,GMP,GMP,8,1,6,3,2,3,4,2
82,14Mo,Mo,Mo,4,11,4,2,5,2,1,1
83,5Ery,Ery,Ery,2,5,3,1,1,1,5,0
84,7MEP,MEP,MEP,6,1,2,3,2,3,3,2
85,7MEP,MEP,MEP,6,4,2,3,2,3,3,2
86,5Ery,Ery,Ery,2,5,3,1,1,1,5,0
87,6Ery,Ery,Ery,2,3,2,1,1,1,5,0
88,2Ery,Ery,Ery,1,8,3,1,1,1,5,0
89,10GMP,GMP,GMP,6,1,2,3,2,3,3,2
90,10GMP,GMP,GMP,8,4,6,3,6,3,4,1
91,2Ery,Ery,Ery,1,1,3,1,1,1,5,0
92,7MEP,MEP,MEP,6,6,2,3,2,3,3,2
93,6Ery,Ery,Ery,6,1,2,1,1,1,5,0
94,7MEP,MEP,MEP,2,7,2,3,2,3,3,2
95,14Mo,Mo,Mo,3,9,1,2,6,2,7,1
96,16Neu,Neu,Neu,3,9,1,2,5,2,1,1
97,10GMP,GMP,GMP,8,4,6,3,6,3,4,1
98,3Ery,Ery,Ery,2,8,3,1,1,1,5,0
99,3Ery,Ery,Ery,1,8,5,1,7,1,6,0
100,13Baso,Baso,Baso,3,4,1,2,6,2,7,1
101,1Ery,Ery,Ery,1,8,3,1,1,1,5,0
102,14Mo,Mo,Mo,3,2,1,2,6,2,7,1
103,15Mo,Mo,Mo,3,2,1,2,5,2,1,1
104,2Ery,Ery,Ery,1,1,3,1,1,1,5,0
105,5Ery,Ery,Ery,2,5,2,3,2,1,3,2
106,2Ery,Ery,Ery,1,8,3,1,1,1,5,0
107,5Ery,Ery,Ery,2,5,2,1,1,1,5,0
108,3Ery,Ery,Ery,1,1,5,1,7,1,6,0
109,14Mo,Mo,Mo,3,9,1,2,6,2,7,1
110,10GMP,GMP,GMP,8,6,6,3,6,3,4,1
111,2Ery,Ery,Ery,1,1,3,1,1,1,5,0
112,7MEP,MEP,MEP,6,1,2,3,2,3,3,2
113,4Ery,Ery,Ery,1,1,3,1,1,1,5,0
114,9GMP,GMP,GMP,8,1,7,3,2,3,4,2
115,7MEP,MEP,MEP,6,7,2,3,2,3,3,2
116,3Ery,Ery,Ery,1,8,3,1,1,1,5,0
117,16Neu,Neu,Neu,4,2,4,2,5,2,1,1
118,11DC,DC,DC,6,6,9,3,3,3,2,2
119,10GMP,GMP,GMP,8,7,6,3,2,3,4,2
120,6Ery,Ery,Ery,2,1,5,1,7,1,6,0
121,3Ery,Ery,Ery,2,6,2,1,2,1,3,2
122,2Ery,Ery,Ery,1,5,3,1,1,1,5,0
123,5Ery,Ery,Ery,1,5,3,1,1,1,5,0
124,2Ery,Ery,Ery,1,10,3,1,1,1,5,0
125,2Ery,Ery,Ery,1,1,3,1,1,1,5,0
126,5Ery,Ery,Ery,2,5,3,1,1,1,5,0
127,14Mo,Mo,Mo,3,3,1,2,6,2,7,1
128,5Ery,Ery,Ery,2,1,5,1,1,1,6,0
129,14Mo,Mo,Mo,3,3,1,2,6,2,7,1
130,3Ery,Ery,Ery,2,1,5,1,7,1,6,0
131,2Ery,Ery,Ery,1,5,3,1,1,1,5,0
132,16Neu,Neu,Neu,4,2,4,2,5,2,1,1
133,2Ery,Ery,Ery,1,1,3,1,1,1,5,0
134,13Baso,Baso,Baso,8,6,6,3,2,3,4,2
135,16Neu,Neu,Neu,4,2,4,2,5,2,1,1
136,2Ery,Ery,Ery,1,3,3,1,1,1,5,0
137,3Ery,Ery,Ery,1,8,3,1,1,1,5,0
138,3Ery,Ery,Ery,1,1,5,1,7,1,6,0
139,14Mo,Mo,Mo,3,9,1,2,6,2,7,1
140,5Ery,Ery,Ery,2,10,3,1,1,1,5,0
141,16Neu,Neu,Neu,4,2,4,2,5,2,1,1
142,14Mo,Mo,Mo,3,11,1,2,6,2,7,1
143,14Mo,Mo,Mo,5,11,6,3,5,2,4,1
144,13Baso,Baso,Baso,3,4,1,2,6,2,7,1
145,3Ery,Ery,Ery,1,8,3,1,1,1,5,0
146,14Mo,Mo,Mo,3,2,1,2,5,2,1,1
147,7MEP,MEP,MEP,6,1,2,3,2,3,3,2
148,14Mo,Mo,Mo,8,4,4,2,6,2,7,1
149,10GMP,GMP,GMP,8,11,6,3,2,3,4,2
150,2Ery,Ery,Ery,2,5,2,3,2,1,3,2
151,14Mo,Mo,Mo,8,3,6,3,5,3,4,1
152,15Mo,Mo,Mo,4,2,6,2,5,2,1,1
153,14Mo,Mo,Mo,3,2,1,2,6,2,7,1
154,16Neu,Neu,Neu,4,9,4,2,5,2,1,1
155,10GMP,GMP,GMP,8,11,6,3,2,3,4,2
156,7MEP,MEP,MEP,6,6,2,3,2,3,3,2
157,5Ery,Ery,Ery,2,5,2,3,1,1,3,0
158,16Neu,Neu,Neu,4,2,4,2,5,2,1,1
159,2Ery,Ery,Ery,2,1,3,1,1,1,5,0
160,16Neu,Neu,Neu,4,9,4,2,5,2,1,1
161,14Mo,Mo,Mo,5,2,4,2,6,2,7,1
162,10GMP,GMP,GMP,8,6,6,3,6,3,4,1
163,16Neu,Neu,Neu,4,9,4,2,5,2,1,1
164,8Mk,Mk,Mk,6,1,7,3,2,3,4,2
165,7MEP,MEP,MEP,6,6,2,3,2,3,3,2
166,14Mo,Mo,Mo,3,11,1,2,6,2,7,1
167,7MEP,MEP,MEP,6,1,2,3,2,3,3,2
168,2Ery,Ery,Ery,1,10,3,1,1,1,5,0
169,14Mo,Mo,Mo,3,11,1,2,6,2,7,1
170,14Mo,Mo,Mo,3,11,6,3,2,3,4,2
171,4Ery,Ery,Ery,1,10,3,1,1,1,5,0
172,5Ery,Ery,Ery,2,3,3,1,1,1,5,0
173,14Mo,Mo,Mo,4,11,6,2,6,2,7,1
174,14Mo,Mo,Mo,3,11,6,2,6,2,7,1
175,10GMP,GMP,GMP,6,7,7,3,2,3,4,2
176,6Ery,Ery,Ery,6,6,2,3,2,3,3,2
177,5Ery,Ery,Ery,2,10,3,1,1,1,5,0
178,14Mo,Mo,Mo,3,11,1,2,6,2,7,1
179,3Ery,Ery,Ery,1,8,3,1,1,1,5,0
180,5Ery,Ery,Ery,2,5,3,1,1,1,5,0
181,15Mo,Mo,Mo,4,2,4,2,5,2,1,1
182,5Ery,Ery,Ery,2,5,3,1,1,1,5,0
183,14Mo,Mo,Mo,3,4,1,2,5,2,1,1
184,16Neu,Neu,Neu,3,2,1,2,5,2,1,1
185,8Mk,Mk,Mk,6,6,2,3,2,3,3,2
186,3Ery,Ery,Ery,1,8,5,1,7,1,6,0
187,14Mo,Mo,Mo,5,3,4,2,6,2,7,1
188,12Baso,Baso,Baso,6,6,6,3,2,3,4,2
189,14Mo,Mo,Mo,8,3,6,2,5,3,1,1
190,3Ery,Ery,Ery,1,3,5,1,7,1,6,0
191,5Ery,Ery,Ery,2,1,2,3,1,1,3,0
192,16Neu,Neu,Neu,5,2,6,3,6,2,4,1
193,15Mo,Mo,Mo,4,3,4,2,5,2,1,1
194,13Baso,Baso,Baso,3,4,1,2,6,2,7,1
195,5Ery,Ery,Ery,2,5,5,1,1,1,6,0
196,3Ery,Ery,Ery,1,1,5,1,7,1,6,0
197,13Baso,Baso,Baso,7,4,1,2,6,2,7,1
198,12Baso,Baso,Baso,6,7,6,3,2,3,4,2
199,8Mk,Mk,Mk,6,6,2,3,2,3,3,2
200,7MEP,MEP,MEP,6,1,7,3,2,3,4,2
201,6Ery,Ery,Ery,2,1,2,1,1,1,5,0
202,2Ery,Ery,Ery,1,1,3,1,1,1,5,0
203,3Ery,Ery,Ery,1,3,5,1,1,1,6,0
204,3Ery,Ery,Ery,1,8,5,1,7,1,6,0
205,15Mo,Mo,Mo,3,3,1,2,6,2,7,1
206,3Ery,Ery,Ery,2,1,2,3,1,1,3,0
207,3Ery,Ery,Ery,1,1,5,1,1,1,6,0
208,3Ery,Ery,Ery,2,1,5,1,7,1,6,0
209,8Mk,Mk,Mk,6,6,2,3,2,3,3,2
210,2Ery,Ery,Ery,1,3,3,1,1,1,5,0
211,2Ery,Ery,Ery,1,8,3,1,1,1,5,0
212,14Mo,Mo,Mo,5,3,4,2,5,2,1,1
213,3Ery,Ery,Ery,2,1,5,1,7,1,6,0
214,15Mo,Mo,Mo,3,9,4,2,6,2,7,1
215,14Mo,Mo,Mo,3,3,1,2,6,2,7,1
216,7MEP,MEP,MEP,6,1,2,3,2,3,3,2
217,15Mo,Mo,Mo,4,9,4,2,5,2,1,1
218,3Ery,Ery,Ery,1,1,3,1,1,1,5,0
219,3Ery,Ery,Ery,1,3,3,1,1,1,5,0
220,13Baso,Baso,Baso,5,6,6,3,2,3,4,2
221,15Mo,Mo,Mo,3,4,4,2,5,2,1,1
222,3Ery,Ery,Ery,1,8,3,1,1,1,5,0
223,15Mo,Mo,Mo,4,9,4,2,6,2,7,1
224,13Baso,Baso,Baso,3,3,1,2,6,2,7,1
225,3Ery,Ery,Ery,2,1,2,1,1,1,5,0
226,15Mo,Mo,Mo,4,4,4,2,5,2,1,1
227,15Mo,Mo,Mo,4,9,4,2,5,2,1,1
228,13Baso,Baso,Baso,3,3,1,2,6,2,7,1
229,19Lymph,Lymph,Lymph,6,3,8,3,8,3,2,2
230,4Ery,Ery,Ery,2,8,5,1,1,1,6,0
231,3Ery,Ery,Ery,2,1,3,1,7,1,5,0
232,14Mo,Mo,Mo,3,3,1,2,6,2,7,1
233,4Ery,Ery,Ery,1,5,3,1,1,1,5,0
234,6Ery,Ery,Ery,6,1,2,3,1,3,3,0
235,16Neu,Neu,Neu,4,9,4,2,5,2,1,1
236,14Mo,Mo,Mo,3,4,1,2,6,2,7,1
237,3Ery,Ery,Ery,1,8,3,1,1,1,5,0
238,17Neu,Neu,Neu,6,7,6,3,2,3,4,2
239,15Mo,Mo,Mo,4,9,4,2,6,2,7,1
240,4Ery,Ery,Ery,2,10,3,1,1,1,5,0
241,3Ery,Ery,Ery,1,5,5,1,7,1,6,0
242,6Ery,Ery,Ery,2,1,2,3,1,1,3,0
243,14Mo,Mo,Mo,3,9,1,2,6,2,7,1
244,3Ery,Ery,Ery,2,3,5,1,7,1,6,0
245,16Neu,Neu,Neu,4,2,4,2,5,2,1,1
246,14Mo,Mo,Mo,3,11,1,2,6,2,7,1
247,15Mo,Mo,Mo,4,2,4,2,5,2,1,1
248,7MEP,MEP,MEP,6,1,2,3,2,3,3,2
249,13Baso,Baso,Baso,8,7,1,2,6,2,7,1
250,15Mo,Mo,Mo,4,11,4,2,5,2,1,1
251,14Mo,Mo,Mo,3,4,1,2,6,2,7,1
252,3Ery,Ery,Ery,1,3,5,1,7,1,6,0
253,2Ery,Ery,Ery,1,8,3,1,1,1,5,0
254,2Ery,Ery,Ery,1,8,3,1,7,1,5,0
255,14Mo,Mo,Mo,5,4,4,2,6,2,7,1
256,2Ery,Ery,Ery,1,8,5,1,7,1,6,0
257,13Baso,Baso,Baso,8,11,6,2,2,3,4,2
258,2Ery,Ery,Ery,1,8,3,1,7,1,5,0
259,3Ery,Ery,Ery,2,3,5,1,7,1,6,0
260,13Baso,Baso,Baso,8,3,6,3,6,3,4,1
261,12Baso,Baso,Baso,8,7,2,3,2,3,3,2
262,2Ery,Ery,Ery,1,8,3,1,1,1,5,0
263,10GMP,GMP,GMP,8,1,6,3,2,3,4,2
264,5Ery,Ery,Ery,2,5,3,1,1,1,5,0
265,13Baso,Baso,Baso,3,4,1,2,6,2,7,1
266,3Ery,Ery,Ery,2,3,5,1,7,1,6,0
267,9GMP,GMP,GMP,8,6,6,3,6,3,4,1
268,15Mo,Mo,Mo,4,2,4,2,5,2,1,1
269,2Ery,Ery,Ery,1,10,3,1,1,1,5,0
270,10GMP,GMP,GMP,8,11,6,3,2,3,4,2
271,5Ery,Ery,Ery,2,5,3,1,1,1,5,0
272,5Ery,Ery,Ery,2,3,3,1,1,1,5,0
273,2Ery,Ery,Ery,1,8,3,1,1,1,5,0
274,14Mo,Mo,Mo,8,3,1,3,6,3,7,1
275,13Baso,Baso,Baso,7,7,1,2,6,2,7,1
276,2Ery,Ery,Ery,1,8,3,1,1,1,5,0
277,14Mo,Mo,Mo,3,2,1,2,6,2,7,1
278,16Neu,Neu,Neu,4,9,4,2,5,2,1,1
279,12Baso,Baso,Baso,6,6,2,3,2,3,3,2
280,14Mo,Mo,Mo,3,3,1,2,6,2,7,1
281,14Mo,Mo,Mo,3,4,1,2,6,2,7,1
282,3Ery,Ery,Ery,1,1,3,1,1,1,5,0
283,14Mo,Mo,Mo,3,4,1,2,6,2,7,1
284,13Baso,Baso,Baso,8,4,1,2,6,2,7,1
285,12Baso,Baso,Baso,8,7,6,3,2,3,4,2
286,5Ery,Ery,Ery,2,5,3,1,1,1,5,0
287,10GMP,GMP,GMP,6,6,7,3,2,3,4,2
288,14Mo,Mo,Mo,3,11,1,2,6,2,7,1
289,4Ery,Ery,Ery,2,10,3,1,1,1,5,0
290,15Mo,Mo,Mo,3,9,1,2,6,2,7,1
291,11DC,DC,DC,6,7,9,3,3,3,2,2
292,3Ery,Ery,Ery,2,1,5,1,7,1,6,0
293,4Ery,Ery,Ery,1,5,3,1,1,1,5,0
294,4Ery,Ery,Ery,2,3,2,1,1,1,5,0
295,4Ery,Ery,Ery,2,10,3,1,1,1,5,0
296,4Ery,Ery,Ery,1,3,3,1,1,1,5,0
297,5Ery,Ery,Ery,2,5,2,3,1,1,3,0
298,1Ery,Ery,Ery,1,8,3,1,1,1,5,0
299,16Neu,Neu,Neu,4,2,4,2,5,2,1,1
300,14Mo,Mo,Mo,3,3,1,2,6,2,7,1
301,2Ery,Ery,Ery,1,1,3,1,1,1,5,0
302,5Ery,Ery,Ery,2,1,3,1,1,1,5,0
303,15Mo,Mo,Mo,4,2,4,2,5,2,1,1
304,5Ery,Ery,Ery,2,5,5,1,7,1,6,0
305,2Ery,Ery,Ery,2,5,3,1,1,1,5,0
306,5Ery,Ery,Ery,2,5,3,1,1,1,5,0
307,1Ery,Ery,Ery,1,8,3,1,1,1,5,0
308,7MEP,MEP,MEP,6,7,2,3,2,3,3,2
309,2Ery,Ery,Ery,1,1,3,1,1,1,5,0
310,14Mo,Mo,Mo,4,2,4,2,6,2,7,1
311,10GMP,GMP,GMP,6,1,7,3,2,3,4,2
312,2Ery,Ery,Ery,1,8,3,1,1,1,5,0
313,14Mo,Mo,Mo,3,11,1,2,6,2,7,1
314,6Ery,Ery,Ery,6,1,2,3,2,3,3,2
315,9GMP,GMP,GMP,6,7,7,3,2,3,4,2
316,3Ery,Ery,Ery,1,3,5,1,7,1,6,0
317,2Ery,Ery,Ery,1,10,3,1,1,1,5,0
318,3Ery,Ery,Ery,1,1,3,1,1,1,5,0
319,12Baso,Baso,Baso,6,6,2,3,2,3,3,2
320,2Ery,Ery,Ery,2,10,3,1,1,1,5,0
321,18Eos,Eos,Eos,5,11,6,3,2,3,4,2
322,5Ery,Ery,Ery,2,5,3,1,1,1,5,0
323,3Ery,Ery,Ery,2,3,3,1,1,1,5,0
324,15Mo,Mo,Mo,3,2,1,2,5,2,1,1
325,14Mo,Mo,Mo,8,11,6,2,2,3,4,2
326,2Ery,Ery,Ery,1,1,3,1,1,1,5,0
327,6Ery,Ery,Ery,6,3,2,3,2,3,3,2
328,14Mo,Mo,Mo,8,11,6,2,6,2,7,1
329,2Ery,Ery,Ery,1,5,3,1,1,1,5,0
330,5Ery,Ery,Ery,2,10,3,1,1,1,5,0
331,12Baso,Baso,Baso,6,6,6,3,2,3,4,2
332,7MEP,MEP,MEP,6,7,2,3,2,3,3,2
333,17Neu,Neu,Neu,6,6,6,3,2,3,4,2
334,14Mo,Mo,Mo,3,11,1,2,6,2,7,1
335,2Ery,Ery,Ery,2,8,3,1,1,1,5,0
336,5Ery,Ery,Ery,2,5,2,3,1,1,3,0
337,2Ery,Ery,Ery,1,1,3,1,1,1,5,0
338,14Mo,Mo,Mo,3,2,1,2,6,2,7,1
339,13Baso,Baso,Baso,3,11,1,2,5,2,1,1
340,15Mo,Mo,Mo,3,9,1,2,6,2,7,1
341,2Ery,Ery,Ery,1,10,3,1,1,1,5,0
342,13Baso,Baso,Baso,8,6,1,2,6,2,7,1
343,16Neu,Neu,Neu,4,9,4,2,5,2,1,1
344,5Ery,Ery,Ery,1,10,3,1,1,1,5,0
345,14Mo,Mo,Mo,3,3,1,2,6,2,7,1
346,16Neu,Neu,Neu,4,2,4,2,5,2,1,1
347,14Mo,Mo,Mo,5,11,1,2,5,2,1,1
348,16Neu,Neu,Neu,4,2,4,2,5,2,1,1
349,14Mo,Mo,Mo,3,9,1,2,6,2,7,1
350,8Mk,Mk,Mk,6,1,7,3,2,3,4,2
351,10GMP,GMP,GMP,8,1,6,3,2,3,4,2
352,14Mo,Mo,Mo,3,9,1,2,5,2,1,1
353,5Ery,Ery,Ery,2,1,3,1,1,1,5,0
354,7MEP,MEP,MEP,6,1,2,3,2,3,3,2
355,2Ery,Ery,Ery,1,8,3,1,1,1,5,0
356,14Mo,Mo,Mo,4,11,6,3,5,2,4,1
357,13Baso,Baso,Baso,3,3,1,2,6,2,7,1
358,2Ery,Ery,Ery,2,8,3,1,1,1,5,0
359,5Ery,Ery,Ery,2,5,3,1,1,1,5,0
360,14Mo,Mo,Mo,3,11,1,2,6,2,7,1
361,14Mo,Mo,Mo,3,11,1,2,6,2,7,1
362,9GMP,GMP,GMP,8,4,6,3,6,3,4,1
363,4Ery,Ery,Ery,1,8,3,1,1,1,5,0
364,10GMP,GMP,GMP,8,6,6,3,2,3,4,2
365,13Baso,Baso,Baso,4,11,4,2,5,2,1,1
366,10GMP,GMP,GMP,8,3,6,3,2,3,4,2
367,7MEP,MEP,MEP,6,6,2,3,2,3,3,2
368,10GMP,GMP,GMP,8,6,6,3,6,3,4,1
369,3Ery,Ery,Ery,2,1,5,1,7,1,6,0
370,2Ery,Ery,Ery,1,10,3,1,1,1,5,0
371,14Mo,Mo,Mo,3,3,1,2,6,2,7,1
372,10GMP,GMP,GMP,8,7,6,3,2,3,4,2
373,15Mo,Mo,Mo,4,11,4,2,5,2,1,1
374,13Baso,Baso,Baso,4,3,4,2,6,2,7,1
375,7MEP,MEP,MEP,6,7,2,3,2,3,3,2
376,6Ery,Ery,Ery,6,1,2,3,2,3,3,2
377,7MEP,MEP,MEP,6,3,2,3,1,3,3,0
378,5Ery,Ery,Ery,2,3,3,1,1,1,5,0
379,14Mo,Mo,Mo,3,11,1,2,6,2,7,1
380,13Baso,Baso,Baso,3,11,1,2,6,2,7,1
381,10GMP,GMP,GMP,8,1,6,3,6,3,4,1
382,7MEP,MEP,MEP,6,6,2,3,2,3,3,2
383,3Ery,Ery,Ery,1,5,5,1,7,1,6,0
384,7MEP,MEP,MEP,6,1,2,3,2,3,3,2
385,13Baso,Baso,Baso,8,6,1,2,6,2,7,1
386,1Ery,Ery,Ery,1,8,3,1,1,1,5,0
387,14Mo,Mo,Mo,3,4,1,2,6,2,7,1
388,13Baso,Baso,Baso,3,11,1,2,6,2,7,1
389,10GMP,GMP,GMP,8,6,6,3,2,3,4,2
390,9GMP,GMP,GMP,8,6,6,2,6,3,7,1
391,3Ery,Ery,Ery,2,8,5,1,7,1,6,0
392,13Baso,Baso,Baso,3,3,1,2,6,2,7,1
393,2Ery,Ery,Ery,1,10,3,1,1,1,5,0
394,13Baso,Baso,Baso,3,11,1,2,2,2,7,2
395,2Ery,Ery,Ery,1,10,3,1,1,1,5,0
396,6Ery,Ery,Ery,6,1,2,3,2,3,3,2
397,6Ery,Ery,Ery,6,3,2,3,2,3,3,2
398,13Baso,Baso,Baso,3,11,1,2,6,2,7,1
399,3Ery,Ery,Ery,2,5,5,1,7,1,6,0
400,13Baso,Baso,Baso,7,3,1,2,6,2,7,1
401,11DC,DC,DC,6,7,9,3,3,3,2,2
402,14Mo,Mo,Mo,4,3,4,2,5,2,1,1
403,10GMP,GMP,GMP,8,7,6,3,2,3,4,2
404,8Mk,Mk,Mk,6,1,7,3,2,3,4,2
405,9GMP,GMP,GMP,8,11,6,3,2,3,4,2
406,2Ery,Ery,Ery,1,8,3,1,1,1,5,0
407,13Baso,Baso,Baso,7,4,6,3,2,3,4,2
408,14Mo,Mo,Mo,3,11,1,2,6,2,7,1
409,13Baso,Baso,Baso,7,4,6,3,2,3,4,2
410,14Mo,Mo,Mo,3,11,1,2,6,2,7,1
411,5Ery,Ery,Ery,2,5,3,1,1,1,5,0
412,14Mo,Mo,Mo,7,11,1,2,6,2,7,1
413,5Ery,Ery,Ery,2,5,2,1,1,1,5,0
414,13Baso,Baso,Baso,3,11,1,2,6,2,7,1
415,12Baso,Baso,Baso,6,11,6,3,2,3,4,2
416,16Neu,Neu,Neu,4,9,4,2,5,2,1,1
417,11DC,DC,DC,6,7,9,3,8,3,2,2
418,13Baso,Baso,Baso,8,3,6,3,2,3,4,2
419,13Baso,Baso,Baso,3,3,1,2,6,2,7,1
420,2Ery,Ery,Ery,1,8,3,1,1,1,5,0
421,2Ery,Ery,Ery,2,8,3,1,1,1,5,0
422,14Mo,Mo,Mo,8,4,1,2,6,2,7,1
423,7MEP,MEP,MEP,6,6,2,3,2,3,3,2
424,4Ery,Ery,Ery,2,10,3,1,1,1,5,0
425,6Ery,Ery,Ery,2,8,2,3,2,1,3,2
426,13Baso,Baso,Baso,3,3,1,2,6,2,7,1
427,14Mo,Mo,Mo,7,9,6,2,5,2,1,1
428,14Mo,Mo,Mo,3,11,1,2,6,2,7,1
429,6Ery,Ery,Ery,6,5,2,3,2,3,3,2
430,12Baso,Baso,Baso,6,6,6,3,2,3,4,2
431,6Ery,Ery,Ery,2,5,2,1,1,1,5,0
432,14Mo,Mo,Mo,8,9,6,3,6,3,4,1
433,2Ery,Ery,Ery,1,8,3,1,1,1,5,0
434,13Baso,Baso,Baso,5,11,1,3,6,2,7,1
435,13Baso,Baso,Baso,3,11,1,2,6,2,7,1
436,14Mo,Mo,Mo,3,2,1,2,6,2,7,1
437,7MEP,MEP,MEP,6,6,2,3,2,3,3,2
438,7MEP,MEP,MEP,6,1,2,3,2,3,3,2
439,15Mo,Mo,Mo,4,2,4,2,5,2,1,1
440,5Ery,Ery,Ery,2,5,2,1,1,1,5,0
441,5Ery,Ery,Ery,2,5,2,1,1,1,5,0
442,5Ery,Ery,Ery,2,5,2,3,2,1,3,2
443,5Ery,Ery,Ery,2,5,3,1,1,1,5,0
444,15Mo,Mo,Mo,4,4,4,2,5,2,1,1
445,1Ery,Ery,Ery,1,8,3,1,1,1,5,0
446,13Baso,Baso,Baso,7,3,1,2,6,2,7,1
447,10GMP,GMP,GMP,8,6,6,3,6,3,4,1
448,12Baso,Baso,Baso,6,7,2,3,2,3,3,2
449,4Ery,Ery,Ery,1,10,5,1,7,1,6,0
450,7MEP,MEP,MEP,6,1,6,3,2,3,4,2
451,15Mo,Mo,Mo,4,2,4,2,5,2,1,1
452,19Lymph,Lymph,Lymph,6,7,8,3,8,3,2,2
453,13Baso,Baso,Baso,3,11,1,2,6,2,7,1
454,13Baso,Baso,Baso,3,4,1,2,6,2,7,1
455,3Ery,Ery,Ery,1,8,5,1,7,1,6,0
456,3Ery,Ery,Ery,2,8,3,1,1,1,5,0
457,15Mo,Mo,Mo,4,2,4,2,5,2,1,1
458,16Neu,Neu,Neu,4,2,4,2,5,2,1,1
459,13Baso,Baso,Baso,3,4,1,2,6,2,7,1
460,2Ery,Ery,Ery,1,8,3,1,1,1,5,0
461,15Mo,Mo,Mo,4,3,4,2,5,2,1,1
462,17Neu,Neu,Neu,6,1,6,3,2,3,4,2
463,15Mo,Mo,Mo,4,4,4,2,5,2,1,1
464,13Baso,Baso,Baso,8,11,1,3,6,2,7,1
465,16Neu,Neu,Neu,4,2,4,2,5,2,1,1
466,6Ery,Ery,Ery,6,8,2,3,2,3,3,2
467,5Ery,Ery,Ery,2,1,2,1,7,1,5,0
468,15Mo,Mo,Mo,3,9,1,2,6,2,7,1
469,9GMP,GMP,GMP,8,4,7,3,2,3,4,2
470,13Baso,Baso,Baso,3,4,1,2,6,2,7,1
471,15Mo,Mo,Mo,4,9,4,2,5,2,1,1
472,13Baso,Baso,Baso,3,4,1,2,6,2,7,1
473,6Ery,Ery,Ery,8,1,2,3,2,3,3,2
474,7MEP,MEP,MEP,6,7,2,3,2,3,3,2
475,12Baso,Baso,Baso,8,1,6,3,2,3,4,2
476,15Mo,Mo,Mo,4,9,4,2,5,2,1,1
477,2Ery,Ery,Ery,1,8,3,1,1,1,5,0
478,13Baso,Baso,Baso,8,6,6,3,2,3,4,2
479,10GMP,GMP,GMP,8,3,6,3,2,3,4,2
480,14Mo,Mo,Mo,4,2,4,2,5,2,1,1
481,14Mo,Mo,Mo,3,11,1,2,6,2,7,1
482,14Mo,Mo,Mo,4,11,4,2,5,2,1,1
483,15Mo,Mo,Mo,4,9,4,2,5,2,1,1
484,5Ery,Ery,Ery,2,5,2,1,1,1,5,0
485,16Neu,Neu,Neu,4,2,4,2,5,2,1,1
486,5Ery,Ery,Ery,2,10,2,1,1,1,5,0
487,14Mo,Mo,Mo,5,2,4,2,6,2,7,1
488,13Baso,Baso,Baso,3,11,1,2,6,2,7,1
489,15Mo,Mo,Mo,4,2,4,2,5,2,1,1
490,2Ery,Ery,Ery,1,10,3,1,1,1,5,0
491,2Ery,Ery,Ery,1,8,3,1,1,1,5,0
492,2Ery,Ery,Ery,1,8,3,1,1,1,5,0
493,13Baso,Baso,Baso,3,4,1,2,6,2,7,1
494,13Baso,Baso,Baso,7,11,1,2,6,2,7,1
495,5Ery,Ery,Ery,2,5,2,1,1,1,5,0
496,5Ery,Ery,Ery,2,5,2,1,2,1,3,2
497,9GMP,GMP,GMP,8,7,6,3,2,3,4,2
498,14Mo,Mo,Mo,3,2,1,2,6,2,7,1
499,7MEP,MEP,MEP,6,7,2,3,2,3,3,2
500,14Mo,Mo,Mo,8,4,6,3,5,3,4,1
501,11DC,DC,DC,6,7,9,3,3,3,2,2
502,16Neu,Neu,Neu,4,2,4,2,5,2,1,1
503,2Ery,Ery,Ery,1,8,3,1,7,1,5,0
504,2Ery,Ery,Ery,2,8,3,1,1,1,5,0
505,10GMP,GMP,GMP,6,6,2,3,2,3,3,2
506,8Mk,Mk,Mk,6,7,7,3,2,3,4,2
507,2Ery,Ery,Ery,1,10,3,1,1,1,5,0
508,5Ery,Ery,Ery,2,8,3,1,1,1,5,0
509,13Baso,Baso,Baso,3,4,1,2,6,2,7,1
510,13Baso,Baso,Baso,3,11,1,2,6,2,7,1
511,12Baso,Baso,Baso,8,7,6,3,6,3,4,1
512,7MEP,MEP,MEP,6,6,2,3,2,3,3,2
513,7MEP,MEP,MEP,6,5,2,3,2,3,3,2
514,13Baso,Baso,Baso,3,11,1,2,6,2,7,1
515,6Ery,Ery,Ery,6,5,2,3,2,3,3,2
516,5Ery,Ery,Ery,2,10,3,1,1,1,5,0
517,16Neu,Neu,Neu,4,2,4,2,5,2,1,1
518,14Mo,Mo,Mo,3,11,1,2,6,2,7,1
519,13Baso,Baso,Baso,3,3,1,2,6,2,7,1
520,2Ery,Ery,Ery,1,3,3,1,1,1,5,0
521,14Mo,Mo,Mo,3,2,1,2,5,2,1,1
522,5Ery,Ery,Ery,2,10,3,1,1,1,5,0
523,7MEP,MEP,MEP,6,6,2,3,2,3,3,2
524,10GMP,GMP,GMP,8,7,1,2,6,2,7,1
525,19Lymph,Lymph,Lymph,6,1,8,3,8,3,2,2
526,14Mo,Mo,Mo,8,11,6,3,2,3,4,2
527,4Ery,Ery,Ery,2,10,5,1,1,1,5,0
528,14Mo,Mo,Mo,4,9,4,2,5,2,1,1
529,12Baso,Baso,Baso,6,7,6,3,2,3,4,2
530,9GMP,GMP,GMP,8,3,6,3,2,3,4,2
531,15Mo,Mo,Mo,4,11,4,2,5,2,1,1
532,17Neu,Neu,Neu,6,7,6,3,2,3,4,2
533,7MEP,MEP,MEP,6,1,2,3,2,3,3,2
534,16Neu,Neu,Neu,4,9,4,2,5,2,1,1
535,13Baso,Baso,Baso,3,11,1,2,6,2,7,1
536,3Ery,Ery,Ery,2,3,5,1,7,1,6,0
537,15Mo,Mo,Mo,4,2,4,2,5,2,1,1
538,3Ery,Ery,Ery,1,8,3,1,1,1,5,0
539,7MEP,MEP,MEP,6,11,2,3,2,3,3,2
540,8Mk,Mk,Mk,6,1,7,3,2,3,4,2
541,19Lymph,Lymph,Lymph,6,4,8,3,8,3,2,2
542,3Ery,Ery,Ery,2,8,3,1,1,1,5,0
543,13Baso,Baso,Baso,3,11,1,2,6,2,7,1
544,9GMP,GMP,GMP,8,1,6,3,2,3,4,2
545,3Ery,Ery,Ery,2,3,5,1,7,1,6,0
546,3Ery,Ery,Ery,2,8,3,1,1,1,5,0
547,2Ery,Ery,Ery,1,10,3,1,1,1,5,0
548,16Neu,Neu,Neu,4,2,4,2,5,2,1,1
549,14Mo,Mo,Mo,3,2,1,2,6,2,7,1
550,16Neu,Neu,Neu,4,2,4,2,5,2,1,1
551,6Ery,Ery,Ery,6,5,2,3,2,3,3,2
552,14Mo,Mo,Mo,3,3,1,2,6,2,7,1
553,5Ery,Ery,Ery,2,5,2,3,1,1,3,0
554,14Mo,Mo,Mo,3,3,1,2,6,2,7,1
555,14Mo,Mo,Mo,4,4,4,2,5,2,1,1
556,19Lymph,Lymph,Lymph,6,6,6,3,2,3,4,2
557,15Mo,Mo,Mo,4,2,4,2,5,2,1,1
558,13Baso,Baso,Baso,8,11,6,3,2,3,4,2
559,14Mo,Mo,Mo,4,11,4,2,5,2,1,1
560,13Baso,Baso,Baso,3,3,1,2,6,2,7,1
561,17Neu,Neu,Neu,6,7,6,3,2,3,4,2
562,14Mo,Mo,Mo,3,2,1,2,6,2,7,1
563,1Ery,Ery,Ery,1,8,3,1,1,1,5,0
564,2Ery,Ery,Ery,2,8,3,1,1,1,5,0
565,5Ery,Ery,Ery,2,10,2,1,7,1,5,0
566,6Ery,Ery,Ery,6,5,2,3,2,3,3,2
567,15Mo,Mo,Mo,4,3,4,2,6,2,7,1
568,10GMP,GMP,GMP,8,1,6,3,2,3,4,2
569,6Ery,Ery,Ery,6,5,2,3,2,3,3,2
570,10GMP,GMP,GMP,8,6,6,3,2,3,4,2
571,7MEP,MEP,MEP,6,1,2,3,2,3,3,2
572,14Mo,Mo,Mo,3,11,1,2,5,2,1,1
573,13Baso,Baso,Baso,7,6,1,2,6,2,7,1
574,2Ery,Ery,Ery,1,3,3,1,1,1,5,0
575,14Mo,Mo,Mo,4,4,4,2,5,2,1,1
576,14Mo,Mo,Mo,3,2,1,2,6,2,7,1
577,6Ery,Ery,Ery,6,3,2,3,2,3,3,2
578,13Baso,Baso,Baso,8,6,6,3,2,3,4,2
579,14Mo,Mo,Mo,3,4,1,2,6,2,7,1
580,14Mo,Mo,Mo,3,11,6,3,6,2,4,1
581,2Ery,Ery,Ery,2,10,3,1,1,1,5,0
582,6Ery,Ery,Ery,2,3,2,1,1,1,5,0
583,13Baso,Baso,Baso,8,3,1,2,6,2,7,1
584,10GMP,GMP,GMP,8,11,6,3,2,3,4,2
585,15Mo,Mo,Mo,4,9,4,2,5,2,1,1
586,16Neu,Neu,Neu,4,2,4,2,5,2,1,1
587,10GMP,GMP,GMP,8,6,6,3,6,3,4,1
588,1Ery,Ery,Ery,1,8,3,1,1,1,5,0
589,14Mo,Mo,Mo,3,9,1,2,6,2,7,1
590,12Baso,Baso,Baso,6,7,6,3,2,3,4,2
591,10GMP,GMP,GMP,8,6,6,3,6,3,4,1
592,12Baso,Baso,Baso,6,7,2,3,2,3,3,2
593,16Neu,Neu,Neu,4,9,4,2,5,2,1,1
594,10GMP,GMP,GMP,8,11,6,3,2,3,4,2
595,13Baso,Baso,Baso,3,4,1,2,6,2,7,1
596,16Neu,Neu,Neu,4,2,4,2,5,2,1,1
597,6Ery,Ery,Ery,6,3,2,3,1,3,3,0
598,5Ery,Ery,Ery,6,10,2,3,2,3,3,2
599,10GMP,GMP,GMP,8,7,6,3,6,3,4,1
600,13Baso,Baso,Baso,3,11,1,2,6,2,7,1
601,19Lymph,Lymph,Lymph,6,7,8,3,8,3,2,2
602,14Mo,Mo,Mo,4,2,1,2,5,2,1,1
603,5Ery,Ery,Ery,2,8,2,1,1,1,5,0
604,13Baso,Baso,Baso,3,4,1,2,6,2,7,1
605,13Baso,Baso,Baso,3,3,1,2,6,2,7,1
606,13Baso,Baso,Baso,3,3,1,2,6,2,7,1
607,19Lymph,Lymph,Lymph,6,1,8,3,8,3,2,2
608,13Baso,Baso,Baso,7,3,4,2,6,2,7,1
609,4Ery,Ery,Ery,1,5,5,1,7,1,6,0
610,12Baso,Baso,Baso,8,6,6,3,2,3,4,2
611,10GMP,GMP,GMP,8,4,6,3,2,3,4,2
612,11DC,DC,DC,6,7,9,3,3,3,2,2
613,1Ery,Ery,Ery,1,8,3,1,1,1,5,0
614,19Lymph,Lymph,Lymph,6,6,8,3,8,3,2,2
615,3Ery,Ery,Ery,1,8,3,1,1,1,5,0
616,6Ery,Ery,Ery,6,1,2,3,2,3,3,2
617,6Ery,Ery,Ery,6,5,2,3,2,3,3,2
618,2Ery,Ery,Ery,1,8,3,1,1,1,5,0
619,2Ery,Ery,Ery,1,8,3,1,1,1,5,0
620,13Baso,Baso,Baso,3,3,1,2,6,2,7,1
621,3Ery,Ery,Ery,2,1,2,1,1,1,5,0
622,15Mo,Mo,Mo,4,9,4,2,5,2,1,1
623,2Ery,Ery,Ery,1,8,3,1,1,1,5,0
624,10GMP,GMP,GMP,8,11,6,3,2,3,4,2
625,5Ery,Ery,Ery,2,5,2,3,1,1,3,0
626,13Baso,Baso,Baso,3,4,1,2,6,2,7,1
627,9GMP,GMP,GMP,8,6,6,3,2,3,4,2
628,9GMP,GMP,GMP,8,7,6,3,6,3,4,1
629,12Baso,Baso,Baso,8,6,6,3,2,3,4,2
630,17Neu,Neu,Neu,6,6,6,3,2,3,4,2
631,6Ery,Ery,Ery,6,1,2,3,2,3,3,2
632,7MEP,MEP,MEP,6,6,2,3,2,3,3,2
633,6Ery,Ery,Ery,2,3,2,1,1,1,5,0
634,14Mo,Mo,Mo,3,3,1,2,6,2,7,1
635,14Mo,Mo,Mo,3,3,1,2,6,2,7,1
636,19Lymph,Lymph,Lymph,6,6,8,3,8,3,2,2
637,13Baso,Baso,Baso,3,11,1,2,6,2,7,1
638,13Baso,Baso,Baso,3,3,1,2,6,2,7,1
639,2Ery,Ery,Ery,2,5,3,1,1,1,5,0
640,13Baso,Baso,Baso,7,1,1,3,6,2,7,1
641,7MEP,MEP,MEP,6,7,2,3,2,3,3,2
642,3Ery,Ery,Ery,2,8,3,1,1,1,5,0
643,13Baso,Baso,Baso,8,6,6,2,2,3,4,2
644,15Mo,Mo,Mo,4,11,4,2,5,2,1,1
645,13Baso,Baso,Baso,3,11,1,3,2,2,4,2
646,11DC,DC,DC,6,6,9,3,3,3,2,2
647,17Neu,Neu,Neu,6,11,6,3,2,3,4,2
648,13Baso,Baso,Baso,7,4,1,2,6,2,7,1
649,14Mo,Mo,Mo,3,3,1,2,6,2,7,1
650,2Ery,Ery,Ery,2,8,3,1,1,1,5,0
651,11DC,DC,DC,6,7,9,3,3,3,2,2
652,13Baso,Baso,Baso,8,4,6,3,6,3,4,1
653,13Baso,Baso,Baso,3,4,1,2,6,2,7,1
654,2Ery,Ery,Ery,1,8,3,1,1,1,5,0
655,2Ery,Ery,Ery,1,10,3,1,1,1,5,0
656,16Neu,Neu,Neu,4,9,4,2,5,2,1,1
657,14Mo,Mo,Mo,3,11,1,2,6,2,7,1
658,10GMP,GMP,GMP,8,11,6,3,2,3,4,2
659,16Neu,Neu,Neu,4,9,4,2,5,2,1,1
660,13Baso,Baso,Baso,3,4,1,2,6,2,7,1
661,10GMP,GMP,GMP,7,4,1,2,6,2,7,1
662,16Neu,Neu,Neu,4,9,4,2,5,2,1,1
663,2Ery,Ery,Ery,2,8,2,3,2,1,3,2
664,14Mo,Mo,Mo,3,3,1,2,6,2,7,1
665,12Baso,Baso,Baso,6,7,6,3,2,3,4,2
666,9GMP,GMP,GMP,8,6,6,3,2,3,4,2
667,2Ery,Ery,Ery,1,8,3,1,1,1,5,0
668,2Ery,Ery,Ery,1,3,3,1,7,1,5,0
669,2Ery,Ery,Ery,1,8,3,1,1,1,5,0
670,6Ery,Ery,Ery,2,1,2,1,1,1,5,0
671,13Baso,Baso,Baso,3,7,1,2,6,2,7,1
672,14Mo,Mo,Mo,8,3,6,3,6,3,4,1
673,2Ery,Ery,Ery,1,8,3,1,1,1,5,0
674,5Ery,Ery,Ery,2,10,3,1,7,1,5,0
675,16Neu,Neu,Neu,4,9,4,2,5,2,1,1
676,6Ery,Ery,Ery,6,1,2,3,2,3,3,2
677,13Baso,Baso,Baso,8,11,6,3,6,3,4,1
678,14Mo,Mo,Mo,3,11,1,2,6,2,7,1
679,5Ery,Ery,Ery,2,5,2,1,1,1,5,0
680,5Ery,Ery,Ery,2,10,3,3,1,1,5,0
681,2Ery,Ery,Ery,1,10,3,1,1,1,5,0
682,4Ery,Ery,Ery,2,8,5,1,7,1,6,0
683,2Ery,Ery,Ery,1,10,3,1,1,1,5,0
684,10GMP,GMP,GMP,8,11,6,3,2,3,4,2
685,5Ery,Ery,Ery,2,8,2,1,1,1,5,0
686,13Baso,Baso,Baso,7,11,6,2,6,2,7,1
687,13Baso,Baso,Baso,3,11,1,2,6,2,7,1
688,2Ery,Ery,Ery,1,5,3,1,1,1,5,0
689,12Baso,Baso,Baso,6,7,6,3,2,3,4,2
690,12Baso,Baso,Baso,6,3,6,3,2,3,4,2
691,15Mo,Mo,Mo,4,9,6,2,5,2,1,1
692,13Baso,Baso,Baso,3,3,1,2,6,2,7,1
693,13Baso,Baso,Baso,3,3,1,2,6,2,7,1
694,13Baso,Baso,Baso,3,11,1,2,6,2,7,1
695,13Baso,Baso,Baso,7,4,1,2,6,2,7,1
696,10GMP,GMP,GMP,8,4,6,3,6,3,4,1
697,14Mo,Mo,Mo,4,2,4,2,5,2,1,1
698,13Baso,Baso,Baso,3,11,1,2,6,2,7,1
699,7MEP,MEP,MEP,6,1,2,3,2,3,3,2
700,13Baso,Baso,Baso,7,11,1,2,6,2,7,1
701,9GMP,GMP,GMP,6,7,2,3,2,3,3,2
702,14Mo,Mo,Mo,3,3,1,2,6,2,7,1
703,1Ery,Ery,Ery,1,8,5,1,1,1,6,0
704,3Ery,Ery,Ery,2,3,5,1,7,1,6,0
705,13Baso,Baso,Baso,3,11,1,2,6,2,7,1
706,13Baso,Baso,Baso,3,4,1,2,6,2,7,1
707,15Mo,Mo,Mo,4,9,4,2,5,2,1,1
708,2Ery,Ery,Ery,1,1,3,1,1,1,5,0
709,13Baso,Baso,Baso,5,3,6,2,6,2,7,1
710,5Ery,Ery,Ery,1,5,5,1,7,1,6,0
711,14Mo,Mo,Mo,3,4,1,2,6,2,7,1
712,3Ery,Ery,Ery,1,8,5,1,7,1,6,0
713,6Ery,Ery,Ery,2,5,2,3,2,1,3,2
714,2Ery,Ery,Ery,1,10,5,1,7,1,6,0
715,19Lymph,Lymph,Lymph,6,6,8,3,8,3,2,2
716,15Mo,Mo,Mo,4,2,4,2,5,2,1,1
717,12Baso,Baso,Baso,8,7,6,3,2,3,4,2
718,7MEP,MEP,MEP,6,6,2,3,2,3,3,2
719,2Ery,Ery,Ery,1,8,3,1,1,1,5,0
720,8Mk,Mk,Mk,6,7,7,3,2,3,4,2
721,14Mo,Mo,Mo,3,3,1,2,6,2,7,1
722,14Mo,Mo,Mo,3,11,1,2,6,2,7,1
723,8Mk,Mk,Mk,6,7,7,3,2,3,4,2
724,5Ery,Ery,Ery,2,5,2,1,1,1,5,0
725,14Mo,Mo,Mo,5,11,4,2,5,2,1,1
726,2Ery,Ery,Ery,1,8,3,1,1,1,5,0
727,3Ery,Ery,Ery,2,8,5,1,7,1,6,0
728,9GMP,GMP,GMP,8,1,6,3,2,3,4,2
729,5Ery,Ery,Ery,2,8,3,1,1,1,5,0
730,3Ery,Ery,Ery,1,8,3,1,1,1,5,0
731,5Ery,Ery,Ery,2,5,5,1,1,1,6,0
732,14Mo,Mo,Mo,3,3,1,2,6,2,7,1
733,2Ery,Ery,Ery,1,10,5,1,7,1,6,0
734,2Ery,Ery,Ery,1,5,5,1,7,1,6,0
735,14Mo,Mo,Mo,4,9,4,2,5,2,1,1
736,16Neu,Neu,Neu,4,2,4,2,5,2,1,1
737,9GMP,GMP,GMP,6,6,2,3,2,3,3,2
738,16Neu,Neu,Neu,4,2,4,2,5,2,1,1
739,15Mo,Mo,Mo,4,9,4,2,5,2,1,1
740,10GMP,GMP,GMP,8,1,1,3,6,3,7,1
741,3Ery,Ery,Ery,1,8,5,1,7,1,6,0
742,14Mo,Mo,Mo,3,4,1,2,6,2,7,1
743,8Mk,Mk,Mk,6,6,7,3,2,3,4,2
744,14Mo,Mo,Mo,7,4,4,2,5,2,1,1
745,15Mo,Mo,Mo,3,9,1,2,5,2,1,1
746,16Neu,Neu,Neu,4,2,4,2,5,2,1,1
747,5Ery,Ery,Ery,2,5,3,1,1,1,5,0
748,14Mo,Mo,Mo,3,11,1,2,6,2,7,1
749,16Neu,Neu,Neu,4,2,4,2,5,2,1,1
750,4Ery,Ery,Ery,2,1,3,1,1,1,5,0
751,2Ery,Ery,Ery,1,8,3,1,1,1,5,0
752,13Baso,Baso,Baso,3,3,1,2,6,2,7,1
753,14Mo,Mo,Mo,3,4,1,2,6,2,7,1
754,13Baso,Baso,Baso,8,3,1,2,6,2,7,1
755,5Ery,Ery,Ery,2,1,2,1,1,1,5,0
756,13Baso,Baso,Baso,7,3,1,2,6,2,7,1
757,7MEP,MEP,MEP,6,7,2,3,2,3,3,2
758,15Mo,Mo,Mo,4,9,4,2,5,2,1,1
759,6Ery,Ery,Ery,6,1,2,3,2,3,3,2
760,16Neu,Neu,Neu,4,2,4,2,5,2,1,1
761,15Mo,Mo,Mo,4,9,4,2,5,2,1,1
762,12Baso,Baso,Baso,6,11,6,3,2,3,4,2
763,6Ery,Ery,Ery,6,1,2,3,2,3,3,2
764,13Baso,Baso,Baso,3,11,1,2,6,2,7,1
765,14Mo,Mo,Mo,4,11,4,2,5,2,1,1
766,16Neu,Neu,Neu,4,2,4,2,5,2,1,1
767,14Mo,Mo,Mo,3,11,1,2,6,2,7,1
768,14Mo,Mo,Mo,3,2,1,2,6,2,7,1
769,2Ery,Ery,Ery,1,10,3,1,1,1,5,0
770,6Ery,Ery,Ery,6,1,2,3,2,3,3,2
771,6Ery,Ery,Ery,6,5,2,3,2,3,3,2
772,13Baso,Baso,Baso,8,11,1,2,6,2,7,1
773,14Mo,Mo,Mo,3,3,1,2,6,2,7,1
774,16Neu,Neu,Neu,4,2,4,2,5,2,1,1
775,2Ery,Ery,Ery,1,10,5,1,7,1,6,0
776,2Ery,Ery,Ery,1,8,3,1,1,1,5,0
777,5Ery,Ery,Ery,2,1,3,1,1,1,5,0
778,2Ery,Ery,Ery,1,10,3,1,1,1,5,0
779,5Ery,Ery,Ery,2,5,2,1,7,1,5,0
780,1Ery,Ery,Ery,1,8,3,1,1,1,5,0
781,13Baso,Baso,Baso,3,11,1,2,6,2,7,1
782,14Mo,Mo,Mo,3,3,1,2,6,2,7,1
783,14Mo,Mo,Mo,3,2,1,2,6,2,7,1
784,16Neu,Neu,Neu,4,2,4,2,5,2,1,1
785,1Ery,Ery,Ery,1,8,3,1,1,1,5,0
786,6Ery,Ery,Ery,2,5,5,1,7,1,6,0
787,14Mo,Mo,Mo,5,4,4,2,6,2,7,1
788,14Mo,Mo,Mo,3,4,1,2,6,2,7,1
789,15Mo,Mo,Mo,4,3,4,2,5,2,1,1
790,13Baso,Baso,Baso,3,11,1,2,6,2,7,1
791,15Mo,Mo,Mo,5,3,4,2,5,2,1,1
792,1Ery,Ery,Ery,1,8,5,1,1,1,6,0
793,8Mk,Mk,Mk,6,7,7,3,2,3,4,2
794,15Mo,Mo,Mo,4,2,4,2,5,2,1,1
795,14Mo,Mo,Mo,3,11,1,2,6,2,7,1
796,10GMP,GMP,GMP,8,7,6,3,2,3,4,2
797,9GMP,GMP,GMP,8,1,6,3,2,3,4,2
798,4Ery,Ery,Ery,2,1,2,1,1,1,5,0
799,15Mo,Mo,Mo,4,3,4,2,5,2,1,1
800,4Ery,Ery,Ery,2,7,2,3,2,3,3,2
801,11DC,DC,DC,6,6,9,3,3,3,2,2
802,2Ery,Ery,Ery,1,8,5,1,1,1,6,0
803,14Mo,Mo,Mo,7,4,1,2,6,2,7,1
804,14Mo,Mo,Mo,7,4,1,2,6,2,7,1
805,8Mk,Mk,Mk,6,7,7,3,2,3,4,2
806,13Baso,Baso,Baso,8,11,6,2,6,2,7,1
807,6Ery,Ery,Ery,2,5,2,1,1,1,5,0
808,13Baso,Baso,Baso,8,1,1,2,6,2,7,1
809,4Ery,Ery,Ery,2,1,3,1,1,1,5,0
810,13Baso,Baso,Baso,8,6,6,3,2,3,4,2
811,15Mo,Mo,Mo,3,9,1,2,6,2,7,1
812,13Baso,Baso,Baso,8,6,1,2,6,2,7,1
813,4Ery,Ery,Ery,1,8,5,1,7,1,6,0
814,2Ery,Ery,Ery,1,8,3,1,1,1,5,0
815,16Neu,Neu,Neu,4,2,4,2,5,2,1,1
816,2Ery,Ery,Ery,1,5,3,1,1,1,5,0
817,5Ery,Ery,Ery,2,5,2,1,1,1,5,0
818,2Ery,Ery,Ery,1,8,5,1,1,1,6,0
819,5Ery,Ery,Ery,2,5,2,1,1,1,5,0
820,10GMP,GMP,GMP,8,11,6,2,6,2,7,1
821,13Baso,Baso,Baso,3,3,1,2,6,2,7,1
822,13Baso,Baso,Baso,3,11,1,2,6,2,7,1
823,8Mk,Mk,Mk,6,1,7,3,2,3,4,2
824,16Neu,Neu,Neu,4,2,4,2,5,2,1,1
825,13Baso,Baso,Baso,7,4,1,2,6,2,7,1
826,7MEP,MEP,MEP,6,7,2,3,2,3,3,2
827,4Ery,Ery,Ery,1,10,3,1,1,1,5,0
828,13Baso,Baso,Baso,8,4,1,2,6,2,7,1
829,6Ery,Ery,Ery,6,1,2,3,2,3,3,2
830,2Ery,Ery,Ery,1,7,3,1,1,1,5,0
831,14Mo,Mo,Mo,7,11,6,3,2,3,4,2
832,16Neu,Neu,Neu,4,9,4,2,5,2,1,1
833,2Ery,Ery,Ery,1,8,3,1,1,1,5,0
834,13Baso,Baso,Baso,8,4,4,3,5,3,1,1
835,14Mo,Mo,Mo,4,11,4,2,5,2,1,1
836,6Ery,Ery,Ery,2,5,2,1,1,1,5,0
837,2Ery,Ery,Ery,1,8,3,1,1,1,5,0
838,2Ery,Ery,Ery,2,8,3,1,1,1,5,0
839,2Ery,Ery,Ery,1,10,3,1,1,1,5,0
840,8Mk,Mk,Mk,6,4,7,3,2,3,4,2
841,2Ery,Ery,Ery,1,10,3,1,1,1,5,0
842,4Ery,Ery,Ery,1,5,5,1,7,1,6,0
843,14Mo,Mo,Mo,3,11,1,2,5,2,1,1
844,17Neu,Neu,Neu,6,6,6,3,2,3,4,2
845,5Ery,Ery,Ery,2,5,2,1,1,1,5,0
846,13Baso,Baso,Baso,3,3,1,2,6,2,7,1
847,7MEP,MEP,MEP,6,3,2,3,2,3,3,2
848,3Ery,Ery,Ery,2,3,5,1,7,1,6,0
849,5Ery,Ery,Ery,2,10,5,1,7,1,6,0
850,13Baso,Baso,Baso,3,3,1,2,6,2,7,1
851,8Mk,Mk,Mk,6,1,7,3,2,3,4,2
852,6Ery,Ery,Ery,6,3,2,3,2,3,3,2
853,5Ery,Ery,Ery,2,8,3,1,1,1,5,0
854,5Ery,Ery,Ery,2,5,2,1,1,1,5,0
855,11DC,DC,DC,6,1,9,3,3,3,2,2
856,5Ery,Ery,Ery,1,10,3,1,1,1,5,0
857,15Mo,Mo,Mo,4,11,6,2,5,2,1,1
858,2Ery,Ery,Ery,1,3,3,1,1,1,5,0
859,2Ery,Ery,Ery,1,8,3,1,1,1,5,0
860,15Mo,Mo,Mo,4,2,4,2,5,2,1,1
861,15Mo,Mo,Mo,4,9,4,2,5,2,1,1
862,13Baso,Baso,Baso,5,3,4,2,6,2,7,1
863,14Mo,Mo,Mo,3,3,1,2,6,2,7,1
864,14Mo,Mo,Mo,3,2,1,2,6,2,7,1
865,14Mo,Mo,Mo,3,9,1,2,6,2,7,1
866,5Ery,Ery,Ery,2,5,3,1,1,1,5,0
867,7MEP,MEP,MEP,6,1,2,3,2,3,3,2
868,3Ery,Ery,Ery,2,3,5,1,1,1,6,0
869,2Ery,Ery,Ery,1,8,5,1,1,1,6,0
870,7MEP,MEP,MEP,6,1,2,3,2,3,3,2
871,1Ery,Ery,Ery,1,8,3,1,1,1,5,0
872,14Mo,Mo,Mo,3,3,1,2,6,2,7,1
873,2Ery,Ery,Ery,1,1,3,1,1,1,5,0
874,15Mo,Mo,Mo,4,3,4,2,5,2,1,1
875,13Baso,Baso,Baso,3,3,1,2,6,2,7,1
876,4Ery,Ery,Ery,2,5,3,1,1,1,5,0
877,13Baso,Baso,Baso,5,3,4,2,6,2,7,1
878,6Ery,Ery,Ery,2,1,2,3,1,1,3,0
879,9GMP,GMP,GMP,8,4,6,3,2,3,4,2
880,3Ery,Ery,Ery,1,8,5,1,7,1,6,0
881,6Ery,Ery,Ery,2,5,2,1,1,1,5,0
882,1Ery,Ery,Ery,1,8,3,1,1,1,5,0
883,4Ery,Ery,Ery,2,3,5,1,7,1,6,0
884,13Baso,Baso,Baso,3,3,1,2,6,2,7,1
885,9GMP,GMP,GMP,8,3,6,2,6,3,7,1
886,7MEP,MEP,MEP,6,11,2,3,2,3,3,2
887,14Mo,Mo,Mo,3,2,1,2,6,2,7,1
888,13Baso,Baso,Baso,5,3,6,2,5,2,1,1
889,13Baso,Baso,Baso,3,3,1,2,6,2,7,1
890,19Lymph,Lymph,Lymph,6,6,8,3,8,3,2,2
891,10GMP,GMP,GMP,8,6,6,3,2,3,4,2
892,9GMP,GMP,GMP,6,1,6,3,2,3,4,2
893,5Ery,Ery,Ery,2,5,2,1,1,1,5,0
894,16Neu,Neu,Neu,4,2,4,2,5,2,1,1
895,14Mo,Mo,Mo,3,4,1,2,6,2,7,1
896,15Mo,Mo,Mo,4,2,4,2,5,2,1,1
897,2Ery,Ery,Ery,1,8,3,1,1,1,5,0
898,3Ery,Ery,Ery,1,3,5,1,7,1,6,0
899,13Baso,Baso,Baso,5,3,4,2,6,2,7,1
900,6Ery,Ery,Ery,2,1,2,1,1,1,5,0
901,4Ery,Ery,Ery,1,10,3,1,1,1,5,0
902,3Ery,Ery,Ery,1,8,5,1,7,1,6,0
903,16Neu,Neu,Neu,4,9,4,2,5,2,1,1
904,9GMP,GMP,GMP,8,7,6,3,2,3,4,2
905,9GMP,GMP,GMP,8,6,6,3,2,3,4,2
906,12Baso,Baso,Baso,6,11,2,3,2,3,3,2
907,7MEP,MEP,MEP,6,6,2,3,2,3,3,2
908,16Neu,Neu,Neu,4,9,4,2,5,2,1,1
909,6Ery,Ery,Ery,2,1,2,1,1,1,5,0
910,13Baso,Baso,Baso,5,11,4,2,5,2,1,1
911,17Neu,Neu,Neu,6,4,6,3,2,3,4,2
912,14Mo,Mo,Mo,3,2,1,2,6,2,7,1
913,3Ery,Ery,Ery,1,8,5,1,7,1,6,0
914,16Neu,Neu,Neu,4,2,4,2,5,2,1,1
915,13Baso,Baso,Baso,8,11,1,2,6,2,7,1
916,14Mo,Mo,Mo,3,2,1,2,6,2,7,1
917,3Ery,Ery,Ery,1,8,5,1,7,1,6,0
918,14Mo,Mo,Mo,7,9,1,2,6,2,7,1
919,16Neu,Neu,Neu,4,9,4,2,5,2,1,1
920,2Ery,Ery,Ery,1,8,5,1,7,1,6,0
921,18Eos,Eos,Eos,5,3,6,3,2,3,4,2
922,7MEP,MEP,MEP,6,6,2,3,2,3,3,2
923,7MEP,MEP,MEP,6,5,2,3,2,3,3,2
924,5Ery,Ery,Ery,2,5,5,1,1,1,6,0
925,16Neu,Neu,Neu,3,9,1,2,6,2,7,1
926,2Ery,Ery,Ery,1,3,3,1,1,1,5,0
927,5Ery,Ery,Ery,2,1,3,1,1,1,5,0
928,13Baso,Baso,Baso,3,3,1,2,6,2,7,1
929,6Ery,Ery,Ery,6,1,2,3,2,3,3,2
930,14Mo,Mo,Mo,3,11,1,2,6,2,7,1
931,12Baso,Baso,Baso,6,11,6,3,2,3,4,2
932,13Baso,Baso,Baso,8,11,1,2,6,2,7,1
933,5Ery,Ery,Ery,1,5,5,1,7,1,6,0
934,2Ery,Ery,Ery,2,8,3,1,1,1,5,0
935,2Ery,Ery,Ery,1,1,5,1,7,1,6,0
936,14Mo,Mo,Mo,3,3,1,2,6,2,7,1
937,16Neu,Neu,Neu,4,9,4,2,5,2,1,1
938,14Mo,Mo,Mo,8,11,1,2,6,2,7,1
939,1Ery,Ery,Ery,1,3,5,1,1,1,6,0
940,11DC,DC,DC,6,11,9,3,3,3,2,2
941,1Ery,Ery,Ery,1,8,5,1,1,1,6,0
942,13Baso,Baso,Baso,8,3,1,2,6,2,7,1
943,3Ery,Ery,Ery,2,8,3,1,1,1,5,0
944,5Ery,Ery,Ery,2,8,5,1,1,1,6,0
945,16Neu,Neu,Neu,4,9,4,2,5,2,1,1
946,16Neu,Neu,Neu,4,9,4,2,5,2,1,1
947,6Ery,Ery,Ery,2,1,2,1,1,1,5,0
948,1Ery,Ery,Ery,1,8,3,1,1,1,5,0
949,14Mo,Mo,Mo,7,4,1,2,6,2,7,1
950,16Neu,Neu,Neu,4,9,4,2,5,2,1,1
951,2Ery,Ery,Ery,1,5,5,1,1,1,6,0
952,10GMP,GMP,GMP,6,3,2,3,2,3,3,2
953,5Ery,Ery,Ery,2,5,3,1,1,1,5,0
954,14Mo,Mo,Mo,3,4,1,2,6,2,7,1
955,2Ery,Ery,Ery,1,5,3,1,1,1,5,0
956,6Ery,Ery,Ery,2,1,2,1,1,1,5,0
957,5Ery,Ery,Ery,2,8,5,1,7,1,6,0
958,1Ery,Ery,Ery,1,8,3,1,1,1,5,0
959,5Ery,Ery,Ery,6,5,2,3,2,3,3,2
960,15Mo,Mo,Mo,4,9,4,2,5,2,1,1
961,19Lymph,Lymph,Lymph,6,6,8,3,8,3,2,2
962,10GMP,GMP,GMP,8,11,6,3,2,3,4,2
963,2Ery,Ery,Ery,1,3,5,1,7,1,6,0
964,5Ery,Ery,Ery,2,1,5,1,7,1,6,0
965,7MEP,MEP,MEP,6,1,2,3,2,3,3,2
966,6Ery,Ery,Ery,2,5,5,1,7,1,6,0
967,11DC,DC,DC,6,6,9,3,4,3,2,2
968,4Ery,Ery,Ery,2,5,5,1,7,1,6,0
969,15Mo,Mo,Mo,3,11,1,2,6,2,7,1
970,3Ery,Ery,Ery,1,8,5,1,7,1,6,0
971,2Ery,Ery,Ery,1,8,3,1,1,1,5,0
972,7MEP,MEP,MEP,6,3,2,3,2,3,3,2
973,1Ery,Ery,Ery,1,1,5,1,1,1,6,0
974,7MEP,MEP,MEP,6,1,2,3,2,3,3,2
975,5Ery,Ery,Ery,2,5,2,1,1,1,5,0
976,3Ery,Ery,Ery,1,8,5,1,7,1,6,0
977,3Ery,Ery,Ery,2,8,3,1,1,1,5,0
978,13Baso,Baso,Baso,7,3,4,2,6,2,7,1
979,3Ery,Ery,Ery,2,8,5,1,7,1,6,0
980,15Mo,Mo,Mo,4,9,4,2,5,2,1,1
981,15Mo,Mo,Mo,3,9,1,2,6,2,7,1
982,4Ery,Ery,Ery,1,8,3,1,1,1,5,0
983,14Mo,Mo,Mo,3,11,1,2,6,2,7,1
984,2Ery,Ery,Ery,1,10,3,1,1,1,5,0
985,2Ery,Ery,Ery,1,8,3,1,1,1,5,0
986,16Neu,Neu,Neu,4,2,4,2,5,2,1,1
987,13Baso,Baso,Baso,3,3,1,2,6,2,7,1
988,14Mo,Mo,Mo,7,4,1,2,6,2,7,1
989,5Ery,Ery,Ery,2,1,2,1,1,1,5,0
990,16Neu,Neu,Neu,4,9,4,2,5,2,1,1
991,14Mo,Mo,Mo,3,4,1,2,6,2,7,1
992,16Neu,Neu,Neu,4,2,4,2,5,2,1,1
993,8Mk,Mk,Mk,6,3,7,3,2,3,4,2
994,7MEP,MEP,MEP,6,5,2,3,2,3,3,2
995,8Mk,Mk,Mk,6,11,2,3,2,3,3,2
996,14Mo,Mo,Mo,3,4,1,2,6,2,7,1
997,10GMP,GMP,GMP,8,4,1,2,6,2,7,1
998,5Ery,Ery,Ery,2,8,5,1,7,1,6,0
999,10GMP,GMP,GMP,6,1,2,3,2,3,3,2
1000,3Ery,Ery,Ery,2,8,3,1,1,1,5,0
1001,13Baso,Baso,Baso,8,11,4,2,6,2,7,1
1002,14Mo,Mo,Mo,3,11,1,2,6,2,7,1
1003,3Ery,Ery,Ery,1,3,5,1,7,1,6,0
1004,2Ery,Ery,Ery,2,3,3,1,1,1,5,0
1005,2Ery,Ery,Ery,1,10,3,1,1,1,5,0
1006,14Mo,Mo,Mo,4,9,4,2,5,2,1,1
1007,2Ery,Ery,Ery,1,8,3,1,1,1,5,0
1008,6Ery,Ery,Ery,2,5,2,3,1,1,3,0
1009,4Ery,Ery,Ery,1,8,5,1,7,1,6,0
1010,15Mo,Mo,Mo,4,9,4,2,5,2,1,1
1011,13Baso,Baso,Baso,3,3,1,2,6,2,7,1
1012,6Ery,Ery,Ery,2,5,2,3,2,1,3,2
1013,12Baso,Baso,Baso,6,6,6,3,2,3,4,2
1014,16Neu,Neu,Neu,4,2,4,2,5,2,1,1
1015,14Mo,Mo,Mo,3,9,1,2,6,2,7,1
1016,15Mo,Mo,Mo,4,4,4,2,5,2,1,1
1017,13Baso,Baso,Baso,3,3,1,2,6,2,7,1
1018,2Ery,Ery,Ery,1,8,3,1,7,1,5,0
1019,14Mo,Mo,Mo,3,2,1,2,6,2,7,1
1020,14Mo,Mo,Mo,3,2,1,2,6,2,7,1
1021,12Baso,Baso,Baso,6,6,6,3,2,3,4,2
1022,10GMP,GMP,GMP,8,11,6,3,2,3,4,2
1023,7MEP,MEP,MEP,6,3,2,3,2,3,3,2
1024,2Ery,Ery,Ery,1,10,3,1,1,1,5,0
1025,4Ery,Ery,Ery,2,1,3,1,1,1,5,0
1026,3Ery,Ery,Ery,1,1,3,1,1,1,5,0
1027,16Neu,Neu,Neu,4,2,4,2,5,2,1,1
1028,5Ery,Ery,Ery,2,5,2,1,1,1,5,0
1029,2Ery,Ery,Ery,1,5,3,1,1,1,5,0
1030,3Ery,Ery,Ery,2,3,5,1,7,1,6,0
1031,2Ery,Ery,Ery,1,10,3,1,1,1,5,0
1032,14Mo,Mo,Mo,3,2,1,2,6,2,7,1
1033,14Mo,Mo,Mo,3,2,1,2,6,2,7,1
1034,8Mk,Mk,Mk,6,7,7,3,2,3,4,2
1035,5Ery,Ery,Ery,1,5,3,1,1,1,5,0
1036,7MEP,MEP,MEP,2,3,2,3,2,3,3,2
1037,7MEP,MEP,MEP,6,6,2,3,2,3,3,2
1038,16Neu,Neu,Neu,4,2,4,2,5,2,1,1
1039,2Ery,Ery,Ery,1,8,3,1,1,1,5,0
1040,13Baso,Baso,Baso,7,3,1,2,6,2,7,1
1041,5Ery,Ery,Ery,1,3,5,1,7,1,6,0
1042,5Ery,Ery,Ery,2,5,3,1,1,1,5,0
1043,14Mo,Mo,Mo,4,2,1,2,5,2,1,1
1044,6Ery,Ery,Ery,6,5,2,3,1,1,3,0
1045,14Mo,Mo,Mo,3,2,1,2,6,2,7,1
1046,7MEP,MEP,MEP,6,11,2,3,2,3,3,2
1047,2Ery,Ery,Ery,1,3,3,1,1,1,5,0
1048,13Baso,Baso,Baso,8,7,1,2,6,2,7,1
1049,2Ery,Ery,Ery,1,8,3,1,1,1,5,0
1050,14Mo,Mo,Mo,7,11,6,2,6,2,7,1
1051,2Ery,Ery,Ery,1,10,3,1,1,1,5,0
1052,15Mo,Mo,Mo,4,9,4,2,5,2,1,1
1053,3Ery,Ery,Ery,2,3,3,1,1,1,5,0
1054,5Ery,Ery,Ery,2,5,5,1,7,1,6,0
1055,10GMP,GMP,GMP,6,1,7,3,2,3,4,2
1056,6Ery,Ery,Ery,2,5,2,3,1,1,3,0
1057,15Mo,Mo,Mo,3,3,6,3,2,3,4,2
1058,1Ery,Ery,Ery,1,8,5,1,7,1,6,0
1059,4Ery,Ery,Ery,2,5,3,1,1,1,5,0
1060,12Baso,Baso,Baso,6,6,6,3,2,3,4,2
1061,4Ery,Ery,Ery,2,3,3,1,1,1,5,0
1062,13Baso,Baso,Baso,3,3,1,2,6,2,7,1
1063,6Ery,Ery,Ery,2,3,5,1,7,1,6,0
1064,3Ery,Ery,Ery,2,8,2,3,2,1,3,2
1065,8Mk,Mk,Mk,6,3,2,1,1,1,5,0
1066,6Ery,Ery,Ery,2,5,5,1,7,1,6,0
1067,3Ery,Ery,Ery,1,8,3,1,1,1,5,0
1068,3Ery,Ery,Ery,1,8,5,1,1,1,6,0
1069,4Ery,Ery,Ery,1,3,5,1,7,1,6,0
1070,16Neu,Neu,Neu,4,9,4,2,5,2,1,1
1071,7MEP,MEP,MEP,6,1,2,3,2,3,3,2
1072,3Ery,Ery,Ery,1,8,5,1,7,1,6,0
1073,15Mo,Mo,Mo,4,9,4,2,5,2,1,1
1074,10GMP,GMP,GMP,8,1,6,3,6,3,4,1
1075,12Baso,Baso,Baso,8,1,6,2,2,3,4,2
1076,3Ery,Ery,Ery,1,3,5,1,7,1,6,0
1077,3Ery,Ery,Ery,1,8,5,1,7,1,6,0
1078,14Mo,Mo,Mo,3,3,1,2,6,2,7,1
1079,9GMP,GMP,GMP,8,3,6,3,2,3,4,2
1080,12Baso,Baso,Baso,6,11,6,3,2,3,4,2
1081,15Mo,Mo,Mo,4,9,4,2,5,2,1,1
1082,15Mo,Mo,Mo,4,9,4,2,5,2,1,1
1083,2Ery,Ery,Ery,1,8,3,1,1,1,5,0
1084,14Mo,Mo,Mo,3,4,1,2,6,2,7,1
1085,4Ery,Ery,Ery,1,10,3,1,1,1,5,0
1086,3Ery,Ery,Ery,1,8,5,1,7,1,6,0
1087,14Mo,Mo,Mo,3,3,1,2,6,2,7,1
1088,14Mo,Mo,Mo,3,4,1,2,6,2,7,1
1089,8Mk,Mk,Mk,6,3,7,2,7,3,4,0
1090,16Neu,Neu,Neu,4,9,4,2,5,2,1,1
1091,10GMP,GMP,GMP,8,7,6,3,2,3,4,2
1092,2Ery,Ery,Ery,1,8,3,1,1,1,5,0
1093,2Ery,Ery,Ery,1,10,3,1,1,1,5,0
1094,3Ery,Ery,Ery,1,1,5,1,7,1,6,0
1095,9GMP,GMP,GMP,6,6,2,3,2,3,3,2
1096,15Mo,Mo,Mo,4,9,4,2,5,2,1,1
1097,14Mo,Mo,Mo,3,3,1,2,6,2,7,1
1098,5Ery,Ery,Ery,2,10,3,1,7,1,5,0
1099,14Mo,Mo,Mo,7,11,1,2,6,2,7,1
1100,2Ery,Ery,Ery,1,8,3,1,1,1,5,0
1101,13Baso,Baso,Baso,3,3,1,2,6,2,7,1
1102,14Mo,Mo,Mo,3,3,1,2,6,2,7,1
1103,14Mo,Mo,Mo,3,2,1,2,6,2,7,1
1104,14Mo,Mo,Mo,8,3,4,2,6,2,7,1
1105,2Ery,Ery,Ery,1,1,5,1,7,1,6,0
1106,2Ery,Ery,Ery,1,10,3,1,1,1,5,0
1107,13Baso,Baso,Baso,3,4,1,2,6,2,7,1
1108,6Ery,Ery,Ery,2,1,2,3,2,3,3,2
1109,7MEP,MEP,MEP,6,6,2,3,2,3,3,2
1110,7MEP,MEP,MEP,6,1,2,3,2,3,3,2
1111,13Baso,Baso,Baso,8,3,1,2,6,2,7,1
1112,3Ery,Ery,Ery,2,3,5,1,7,1,6,0
1113,3Ery,Ery,Ery,2,1,2,1,1,1,5,0
1114,14Mo,Mo,Mo,3,3,1,2,6,2,7,1
1115,2Ery,Ery,Ery,6,8,2,3,2,3,3,2
1116,2Ery,Ery,Ery,1,10,3,1,1,1,5,0
1117,8Mk,Mk,Mk,6,4,7,3,2,3,4,2
1118,7MEP,MEP,MEP,6,3,2,3,2,3,3,2
1119,16Neu,Neu,Neu,4,2,4,2,5,2,1,1
1120,5Ery,Ery,Ery,2,5,2,1,1,1,5,0
1121,14Mo,Mo,Mo,3,11,1,2,6,2,7,1
1122,2Ery,Ery,Ery,2,3,3,1,1,1,5,0
1123,14Mo,Mo,Mo,3,9,1,2,5,2,1,1
1124,8Mk,Mk,Mk,6,7,7,3,2,3,4,2
1125,7MEP,MEP,MEP,6,3,2,3,2,3,3,2
1126,19Lymph,Lymph,Lymph,6,1,8,3,8,3,2,2
1127,14Mo,Mo,Mo,4,3,4,2,5,2,1,1
1128,12Baso,Baso,Baso,6,6,2,3,2,3,3,2
1129,13Baso,Baso,Baso,3,4,1,2,6,2,7,1
1130,12Baso,Baso,Baso,6,1,7,3,2,3,4,2
1131,13Baso,Baso,Baso,3,3,1,2,6,2,7,1
1132,4Ery,Ery,Ery,1,5,5,1,7,1,6,0
1133,14Mo,Mo,Mo,5,3,4,2,5,2,1,1
1134,2Ery,Ery,Ery,1,1,5,1,7,1,6,0
1135,5Ery,Ery,Ery,1,5,3,1,1,1,5,0
1136,11DC,DC,DC,6,1,9,3,3,3,2,2
1137,16Neu,Neu,Neu,4,2,4,2,5,2,1,1
1138,3Ery,Ery,Ery,1,3,5,1,7,1,6,0
1139,11DC,DC,DC,6,1,9,3,4,3,2,2
1140,3Ery,Ery,Ery,2,1,5,1,7,1,6,0
1141,4Ery,Ery,Ery,1,5,5,1,7,1,6,0
1142,3Ery,Ery,Ery,1,5,3,1,7,1,5,0
1143,6Ery,Ery,Ery,2,1,2,1,1,1,5,0
1144,15Mo,Mo,Mo,4,9,4,2,5,2,1,1
1145,17Neu,Neu,Neu,6,11,6,3,2,3,4,2
1146,14Mo,Mo,Mo,3,4,1,2,6,2,7,1
1147,4Ery,Ery,Ery,1,10,5,1,7,1,6,0
1148,9GMP,GMP,GMP,8,3,6,2,6,3,7,1
1149,7MEP,MEP,MEP,6,6,2,3,2,3,3,2
1150,7MEP,MEP,MEP,6,3,2,3,2,3,3,2
1151,14Mo,Mo,Mo,4,2,4,2,5,2,1,1
1152,13Baso,Baso,Baso,3,3,1,2,6,2,7,1
1153,4Ery,Ery,Ery,2,5,5,1,7,1,6,0
1154,13Baso,Baso,Baso,8,4,6,3,2,3,4,2
1155,14Mo,Mo,Mo,3,3,1,2,6,2,7,1
1156,3Ery,Ery,Ery,2,8,3,1,1,1,5,0
1157,2Ery,Ery,Ery,1,8,3,1,1,1,5,0
1158,3Ery,Ery,Ery,1,3,5,1,7,1,6,0
1159,14Mo,Mo,Mo,3,9,1,2,6,2,7,1
1160,6Ery,Ery,Ery,2,5,2,1,1,1,5,0
1161,2Ery,Ery,Ery,1,10,3,1,1,1,5,0
1162,10GMP,GMP,GMP,8,7,1,2,6,2,7,1
1163,13Baso,Baso,Baso,3,11,1,2,6,2,7,1
1164,5Ery,Ery,Ery,2,5,2,1,1,1,5,0
1165,7MEP,MEP,MEP,6,1,2,3,2,3,3,2
1166,13Baso,Baso,Baso,3,3,1,2,6,2,7,1
1167,3Ery,Ery,Ery,1,3,3,1,1,1,5,0
1168,2Ery,Ery,Ery,1,10,3,1,1,1,5,0
1169,14Mo,Mo,Mo,3,11,1,2,6,2,7,1
1170,3Ery,Ery,Ery,1,1,5,1,1,1,6,0
1171,2Ery,Ery,Ery,1,8,3,1,1,1,5,0
1172,10GMP,GMP,GMP,6,1,2,3,2,3,3,2
1173,13Baso,Baso,Baso,3,3,1,2,6,2,7,1
1174,14Mo,Mo,Mo,3,9,1,2,6,2,7,1
1175,4Ery,Ery,Ery,1,5,5,1,7,1,6,0
1176,5Ery,Ery,Ery,2,8,3,1,1,1,5,0
1177,18Eos,Eos,Eos,6,11,6,3,2,3,4,2
1178,2Ery,Ery,Ery,2,8,3,1,2,1,5,2
1179,14Mo,Mo,Mo,4,9,4,2,5,2,1,1
1180,3Ery,Ery,Ery,1,3,5,1,7,1,6,0
1181,13Baso,Baso,Baso,8,4,1,2,6,2,7,1
1182,5Ery,Ery,Ery,2,5,5,1,7,1,6,0
1183,12Baso,Baso,Baso,8,1,6,2,2,3,4,2
1184,5Ery,Ery,Ery,2,3,2,3,1,1,3,0
1185,2Ery,Ery,Ery,1,8,5,1,7,1,6,0
1186,7MEP,MEP,MEP,6,7,2,3,2,3,3,2
1187,5Ery,Ery,Ery,6,5,2,3,2,3,3,2
1188,16Neu,Neu,Neu,4,2,4,2,5,2,1,1
1189,15Mo,Mo,Mo,4,9,4,2,5,2,1,1
1190,14Mo,Mo,Mo,4,3,4,2,5,2,1,1
1191,5Ery,Ery,Ery,2,5,3,1,1,1,5,0
1192,16Neu,Neu,Neu,4,9,4,2,5,2,1,1
1193,2Ery,Ery,Ery,1,8,3,1,1,1,5,0
1194,2Ery,Ery,Ery,1,8,3,1,1,1,5,0
1195,6Ery,Ery,Ery,2,8,2,1,7,1,5,0
1196,2Ery,Ery,Ery,1,5,3,1,1,1,5,0
1197,5Ery,Ery,Ery,2,5,3,1,1,1,5,0
1198,14Mo,Mo,Mo,7,3,1,2,6,2,7,1
1199,2Ery,Ery,Ery,1,3,5,1,1,1,6,0
1200,3Ery,Ery,Ery,2,3,5,1,7,1,6,0
1201,5Ery,Ery,Ery,2,5,5,1,7,1,6,0
1202,16Neu,Neu,Neu,4,9,4,2,5,2,1,1
1203,10GMP,GMP,GMP,8,7,6,2,6,3,7,1
1204,14Mo,Mo,Mo,3,9,1,2,6,2,7,1
1205,1Ery,Ery,Ery,1,8,3,1,1,1,5,0
1206,2Ery,Ery,Ery,1,10,3,1,1,1,5,0
1207,3Ery,Ery,Ery,1,8,5,1,7,1,6,0
1208,15Mo,Mo,Mo,4,2,4,2,5,2,1,1
1209,7MEP,MEP,MEP,6,1,7,3,2,3,4,2
1210,4Ery,Ery,Ery,2,8,3,1,7,1,5,0
1211,7MEP,MEP,MEP,6,1,2,3,2,3,3,2
1212,5Ery,Ery,Ery,2,3,2,1,1,1,5,0
1213,2Ery,Ery,Ery,2,8,3,1,1,1,5,0
1214,13Baso,Baso,Baso,8,6,1,2,6,2,7,1
1215,14Mo,Mo,Mo,3,9,1,2,6,2,7,1
1216,15Mo,Mo,Mo,3,9,1,2,6,2,7,1
1217,2Ery,Ery,Ery,1,5,3,1,7,1,5,0
1218,14Mo,Mo,Mo,4,9,4,2,5,2,1,1
1219,6Ery,Ery,Ery,2,5,2,1,1,1,5,0
1220,12Baso,Baso,Baso,8,11,6,2,6,2,7,1
1221,2Ery,Ery,Ery,1,8,5,1,7,1,6,0
1222,19Lymph,Lymph,Lymph,6,6,8,3,8,3,2,2
1223,6Ery,Ery,Ery,2,3,2,1,1,1,5,0
1224,14Mo,Mo,Mo,3,11,4,2,6,2,7,1
1225,6Ery,Ery,Ery,6,3,2,3,2,3,3,2
1226,17Neu,Neu,Neu,6,3,6,3,2,3,4,2
1227,6Ery,Ery,Ery,2,1,2,1,1,1,5,0
1228,6Ery,Ery,Ery,6,5,2,3,2,3,3,2
1229,9GMP,GMP,GMP,8,6,6,3,2,3,4,2
1230,3Ery,Ery,Ery,1,8,5,1,7,1,6,0
1231,14Mo,Mo,Mo,3,3,1,2,6,2,7,1
1232,6Ery,Ery,Ery,2,3,5,1,7,1,6,0
1233,15Mo,Mo,Mo,4,3,4,2,5,2,1,1
1234,15Mo,Mo,Mo,3,9,1,2,6,2,7,1
1235,13Baso,Baso,Baso,3,3,1,2,6,2,7,1
1236,3Ery,Ery,Ery,1,8,3,1,1,1,5,0
1237,16Neu,Neu,Neu,4,9,4,2,5,2,1,1
1238,7MEP,MEP,MEP,6,1,2,3,2,3,3,2
1239,3Ery,Ery,Ery,1,3,5,1,7,1,6,0
1240,13Baso,Baso,Baso,3,4,4,2,6,2,7,1
1241,3Ery,Ery,Ery,1,8,5,1,1,1,6,0
1242,14Mo,Mo,Mo,7,9,4,2,6,2,7,1
1243,14Mo,Mo,Mo,3,3,1,2,6,2,7,1
1244,8Mk,Mk,Mk,6,7,7,3,2,3,4,2
1245,16Neu,Neu,Neu,4,9,4,2,5,2,1,1
1246,14Mo,Mo,Mo,5,4,4,2,6,2,7,1
1247,17Neu,Neu,Neu,6,7,6,3,2,3,4,2
1248,3Ery,Ery,Ery,1,3,5,1,7,1,6,0
1249,5Ery,Ery,Ery,2,5,2,1,1,1,5,0
1250,10GMP,GMP,GMP,8,7,6,3,6,3,4,1
1251,16Neu,Neu,Neu,4,9,4,2,5,2,1,1
1252,2Ery,Ery,Ery,2,8,3,1,1,1,5,0
1253,14Mo,Mo,Mo,7,11,1,2,6,2,7,1
1254,6Ery,Ery,Ery,2,1,2,3,1,1,3,0
1255,14Mo,Mo,Mo,3,3,1,2,6,2,7,1
1256,13Baso,Baso,Baso,3,3,1,2,6,2,7,1
1257,5Ery,Ery,Ery,2,10,2,1,1,1,5,0
1258,10GMP,GMP,GMP,8,1,6,3,2,3,4,2
1259,7MEP,MEP,MEP,6,5,2,3,2,3,3,2
1260,2Ery,Ery,Ery,1,8,3,1,1,1,5,0
1261,2Ery,Ery,Ery,1,3,3,1,1,1,5,0
1262,2Ery,Ery,Ery,1,3,3,1,1,1,5,0
1263,14Mo,Mo,Mo,4,3,4,2,5,2,1,1
1264,7MEP,MEP,MEP,6,3,2,3,2,3,3,2
1265,8Mk,Mk,Mk,6,4,7,3,2,3,4,2
1266,14Mo,Mo,Mo,3,3,1,2,6,2,7,1
1267,2Ery,Ery,Ery,1,10,3,1,1,1,5,0
1268,2Ery,Ery,Ery,1,10,3,1,1,1,5,0
1269,14Mo,Mo,Mo,7,11,4,2,6,2,7,1
1270,13Baso,Baso,Baso,8,4,4,2,6,2,7,1
1271,7MEP,MEP,MEP,6,1,2,3,2,3,3,2
1272,4Ery,Ery,Ery,1,5,5,1,7,1,6,0
1273,13Baso,Baso,Baso,3,4,1,2,6,2,7,1
1274,13Baso,Baso,Baso,3,11,1,2,6,2,7,1
1275,5Ery,Ery,Ery,2,3,2,1,1,1,5,0
1276,2Ery,Ery,Ery,1,8,3,1,1,1,5,0
1277,18Eos,Eos,Eos,6,1,6,3,2,3,4,2
1278,15Mo,Mo,Mo,4,9,4,2,5,2,1,1
1279,5Ery,Ery,Ery,2,1,5,1,7,1,6,0
1280,7MEP,MEP,MEP,6,1,2,3,2,3,3,2
1281,2Ery,Ery,Ery,1,10,3,1,1,1,5,0
1282,13Baso,Baso,Baso,3,4,1,2,6,2,7,1
1283,14Mo,Mo,Mo,3,11,1,2,6,2,7,1
1284,6Ery,Ery,Ery,2,5,2,3,1,1,3,0
1285,5Ery,Ery,Ery,2,5,3,1,1,1,5,0
1286,4Ery,Ery,Ery,2,5,5,1,7,1,6,0
1287,13Baso,Baso,Baso,3,7,1,2,6,2,7,1
1288,7MEP,MEP,MEP,6,7,2,3,2,3,3,2
1289,5Ery,Ery,Ery,2,5,2,3,1,1,3,0
1290,5Ery,Ery,Ery,1,5,3,1,1,1,5,0
1291,10GMP,GMP,GMP,8,7,6,3,2,3,4,2
1292,16Neu,Neu,Neu,4,9,4,2,5,2,1,1
1293,2Ery,Ery,Ery,1,8,5,1,7,1,6,0
1294,14Mo,Mo,Mo,4,9,4,2,5,2,1,1
1295,3Ery,Ery,Ery,1,1,5,1,7,1,6,0
1296,2Ery,Ery,Ery,1,5,3,1,7,1,5,0
1297,10GMP,GMP,GMP,8,11,6,2,6,2,7,1
1298,16Neu,Neu,Neu,4,2,4,2,5,2,1,1
1299,8Mk,Mk,Mk,6,1,7,3,2,3,4,2
1300,6Ery,Ery,Ery,2,1,2,1,1,1,5,0
1301,15Mo,Mo,Mo,5,9,4,2,5,2,1,1
1302,5Ery,Ery,Ery,2,5,5,1,1,1,6,0
1303,10GMP,GMP,GMP,8,3,6,3,6,3,4,1
1304,7MEP,MEP,MEP,6,3,2,3,2,3,3,2
1305,14Mo,Mo,Mo,3,11,1,2,6,2,7,1
1306,19Lymph,Lymph,Lymph,6,4,8,3,8,3,2,2
1307,2Ery,Ery,Ery,1,3,5,1,7,1,6,0
1308,15Mo,Mo,Mo,4,9,4,2,5,2,1,1
1309,3Ery,Ery,Ery,1,8,5,1,1,1,6,0
1310,6Ery,Ery,Ery,2,3,2,1,1,1,5,0
1311,1Ery,Ery,Ery,1,8,3,1,1,1,5,0
1312,2Ery,Ery,Ery,1,8,5,1,7,1,6,0
1313,3Ery,Ery,Ery,1,8,5,1,7,1,6,0
1314,4Ery,Ery,Ery,1,5,5,1,7,1,6,0
1315,6Ery,Ery,Ery,2,5,2,1,1,1,5,0
1316,13Baso,Baso,Baso,3,4,1,2,6,2,7,1
1317,3Ery,Ery,Ery,2,1,5,1,7,1,6,0
1318,5Ery,Ery,Ery,2,1,2,1,7,1,5,0
1319,14Mo,Mo,Mo,7,11,6,3,2,3,4,2
1320,13Baso,Baso,Baso,5,3,4,2,6,2,7,1
1321,13Baso,Baso,Baso,7,11,1,2,6,2,7,1
1322,3Ery,Ery,Ery,1,8,5,1,7,1,6,0
1323,4Ery,Ery,Ery,2,5,5,1,7,1,6,0
1324,7MEP,MEP,MEP,6,6,2,3,2,3,3,2
1325,10GMP,GMP,GMP,8,11,6,3,2,3,4,2
1326,11DC,DC,DC,6,1,9,3,3,3,2,2
1327,3Ery,Ery,Ery,1,8,5,1,7,1,6,0
1328,13Baso,Baso,Baso,8,11,4,2,6,2,7,1
1329,2Ery,Ery,Ery,1,8,3,1,1,1,5,0
1330,13Baso,Baso,Baso,3,7,1,2,6,2,7,1
1331,2Ery,Ery,Ery,1,8,5,1,7,1,6,0
1332,4Ery,Ery,Ery,2,5,5,1,7,1,6,0
1333,10GMP,GMP,GMP,8,4,6,3,6,3,4,1
1334,16Neu,Neu,Neu,4,9,4,2,5,2,1,1
1335,14Mo,Mo,Mo,4,2,6,3,5,2,4,1
1336,16Neu,Neu,Neu,4,9,4,2,5,2,1,1
1337,10GMP,GMP,GMP,8,7,6,3,2,3,4,2
1338,2Ery,Ery,Ery,2,8,3,1,1,1,5,0
1339,2Ery,Ery,Ery,1,10,3,1,1,1,5,0
1340,6Ery,Ery,Ery,2,3,2,3,2,3,3,2
1341,3Ery,Ery,Ery,1,8,5,1,7,1,6,0
1342,14Mo,Mo,Mo,3,9,1,2,6,2,7,1
1343,14Mo,Mo,Mo,7,4,1,2,6,2,7,1
1344,15Mo,Mo,Mo,4,9,4,2,5,2,1,1
1345,10GMP,GMP,GMP,8,4,6,2,6,3,7,1
1346,13Baso,Baso,Baso,3,11,1,2,6,2,7,1
1347,3Ery,Ery,Ery,2,3,5,1,7,1,6,0
1348,7MEP,MEP,MEP,6,1,2,3,2,3,3,2
1349,13Baso,Baso,Baso,3,3,1,2,6,2,7,1
1350,2Ery,Ery,Ery,1,10,3,1,1,1,5,0
1351,14Mo,Mo,Mo,8,3,1,2,6,2,7,1
1352,14Mo,Mo,Mo,3,11,1,2,6,2,7,1
1353,15Mo,Mo,Mo,3,9,1,2,6,2,7,1
1354,4Ery,Ery,Ery,1,5,3,1,7,1,5,0
1355,15Mo,Mo,Mo,4,9,4,2,5,2,1,1
1356,14Mo,Mo,Mo,3,3,1,2,6,2,7,1
1357,10GMP,GMP,GMP,8,6,6,3,2,3,4,2
1358,13Baso,Baso,Baso,8,6,1,2,6,2,7,1
1359,16Neu,Neu,Neu,4,9,4,2,5,2,1,1
1360,8Mk,Mk,Mk,6,3,7,3,2,3,4,2
1361,13Baso,Baso,Baso,3,3,1,2,6,2,7,1
1362,5Ery,Ery,Ery,2,5,5,1,1,1,6,0
1363,6Ery,Ery,Ery,2,1,2,3,1,1,3,0
1364,14Mo,Mo,Mo,3,9,1,2,6,2,7,1
1365,2Ery,Ery,Ery,1,3,3,1,1,1,5,0
1366,6Ery,Ery,Ery,2,3,2,1,1,1,5,0
1367,3Ery,Ery,Ery,2,3,5,1,7,1,6,0
1368,14Mo,Mo,Mo,7,2,6,3,5,2,4,1
1369,7MEP,MEP,MEP,2,3,2,1,2,1,3,2
1370,7MEP,MEP,MEP,6,7,2,3,2,3,3,2
1371,14Mo,Mo,Mo,3,2,1,2,6,2,7,1
1372,5Ery,Ery,Ery,2,5,2,3,1,1,3,0
1373,13Baso,Baso,Baso,3,11,1,2,6,2,7,1
1374,2Ery,Ery,Ery,1,8,3,1,1,1,5,0
1375,16Neu,Neu,Neu,4,9,4,2,5,2,1,1
1376,12Baso,Baso,Baso,6,1,2,3,2,3,3,2
1377,14Mo,Mo,Mo,5,2,4,2,5,2,1,1
1378,8Mk,Mk,Mk,6,7,7,3,2,3,4,2
1379,4Ery,Ery,Ery,2,10,3,1,7,1,5,0
1380,3Ery,Ery,Ery,2,3,5,1,7,1,6,0
1381,2Ery,Ery,Ery,1,10,5,1,7,1,6,0
1382,14Mo,Mo,Mo,3,2,1,2,6,2,7,1
1383,7MEP,MEP,MEP,6,1,2,3,2,3,3,2
1384,19Lymph,Lymph,Lymph,6,3,8,3,8,3,2,2
1385,7MEP,MEP,MEP,6,3,7,3,2,3,4,2
1386,10GMP,GMP,GMP,6,11,6,3,2,3,4,2
1387,13Baso,Baso,Baso,3,11,1,2,6,2,7,1
1388,2Ery,Ery,Ery,1,8,3,1,1,1,5,0
1389,2Ery,Ery,Ery,1,8,3,1,1,1,5,0
1390,3Ery,Ery,Ery,1,8,5,1,1,1,6,0
1391,3Ery,Ery,Ery,1,8,5,1,7,1,6,0
1392,6Ery,Ery,Ery,6,10,2,3,2,3,3,2
1393,7MEP,MEP,MEP,6,6,2,3,2,3,3,2
1394,8Mk,Mk,Mk,6,1,6,3,2,3,4,2
1395,2Ery,Ery,Ery,2,5,2,3,2,1,3,2
1396,1Ery,Ery,Ery,1,8,5,1,1,1,6,0
1397,9GMP,GMP,GMP,8,6,6,3,2,3,4,2
1398,13Baso,Baso,Baso,3,4,1,2,6,2,7,1
1399,15Mo,Mo,Mo,3,2,6,2,6,2,7,1
1400,6Ery,Ery,Ery,6,1,2,3,2,3,3,2
1401,13Baso,Baso,Baso,7,11,1,2,6,2,7,1
1402,3Ery,Ery,Ery,1,8,5,1,7,1,6,0
1403,16Neu,Neu,Neu,4,2,4,2,5,2,1,1
1404,14Mo,Mo,Mo,3,3,1,2,6,2,7,1
1405,5Ery,Ery,Ery,1,8,3,1,1,1,5,0
1406,7MEP,MEP,MEP,6,6,2,3,2,3,3,2
1407,13Baso,Baso,Baso,3,4,1,2,6,2,7,1
1408,4Ery,Ery,Ery,2,5,5,1,7,1,6,0
1409,13Baso,Baso,Baso,3,3,1,2,6,2,7,1
1410,2Ery,Ery,Ery,1,10,5,1,7,1,6,0
1411,15Mo,Mo,Mo,4,2,4,2,6,2,7,1
1412,7MEP,MEP,MEP,6,6,6,3,2,3,4,2
1413,3Ery,Ery,Ery,1,8,5,1,7,1,6,0
1414,10GMP,GMP,GMP,8,7,6,3,2,3,4,2
1415,13Baso,Baso,Baso,3,3,1,2,6,2,7,1
1416,3Ery,Ery,Ery,2,8,5,1,7,1,6,0
1417,1Ery,Ery,Ery,1,8,5,1,1,1,6,0
1418,13Baso,Baso,Baso,8,3,6,2,6,3,7,1
1419,13Baso,Baso,Baso,8,11,1,2,6,2,7,1
1420,7MEP,MEP,MEP,6,1,2,3,2,3,3,2
1421,16Neu,Neu,Neu,3,2,1,2,5,2,1,1
1422,14Mo,Mo,Mo,3,11,1,2,6,2,7,1
1423,3Ery,Ery,Ery,1,1,5,1,7,1,6,0
1424,2Ery,Ery,Ery,1,8,5,1,1,1,6,0
1425,1Ery,Ery,Ery,1,8,5,1,1,1,6,0
1426,13Baso,Baso,Baso,3,4,1,2,6,2,7,1
1427,15Mo,Mo,Mo,4,9,4,2,5,2,1,1
1428,8Mk,Mk,Mk,6,7,7,3,2,3,4,2
1429,2Ery,Ery,Ery,1,8,5,1,1,1,6,0
1430,14Mo,Mo,Mo,3,11,1,2,6,2,7,1
1431,14Mo,Mo,Mo,3,2,1,2,6,2,7,1
1432,14Mo,Mo,Mo,3,2,1,2,6,2,7,1
1433,9GMP,GMP,GMP,8,3,6,3,6,3,4,1
1434,14Mo,Mo,Mo,3,11,1,2,6,2,7,1
1435,14Mo,Mo,Mo,4,11,6,2,5,2,1,1
1436,2Ery,Ery,Ery,1,8,3,1,1,1,5,0
1437,7MEP,MEP,MEP,6,3,2,3,2,3,3,2
1438,2Ery,Ery,Ery,1,1,5,1,1,1,6,0
1439,16Neu,Neu,Neu,4,2,4,2,5,2,1,1
1440,10GMP,GMP,GMP,8,11,1,2,6,2,7,1
1441,6Ery,Ery,Ery,2,5,2,3,1,1,3,0
1442,2Ery,Ery,Ery,1,8,5,1,7,1,6,0
1443,15Mo,Mo,Mo,3,9,1,2,5,2,1,1
1444,14Mo,Mo,Mo,5,4,4,2,5,2,1,1
1445,15Mo,Mo,Mo,4,9,4,2,5,2,1,1
1446,3Ery,Ery,Ery,2,3,5,1,7,1,6,0
1447,12Baso,Baso,Baso,6,11,6,3,2,3,4,2
1448,2Ery,Ery,Ery,1,8,5,1,7,1,6,0
1449,13Baso,Baso,Baso,7,3,1,2,6,2,7,1
1450,13Baso,Baso,Baso,3,3,1,2,6,2,7,1
1451,7MEP,MEP,MEP,6,7,2,3,2,3,3,2
1452,6Ery,Ery,Ery,2,3,2,1,7,1,5,0
1453,5Ery,Ery,Ery,2,10,5,1,7,1,6,0
1454,2Ery,Ery,Ery,1,8,3,3,2,1,3,2
1455,19Lymph,Lymph,Lymph,6,7,8,3,8,3,2,2
1456,14Mo,Mo,Mo,4,2,4,2,5,2,1,1
1457,12Baso,Baso,Baso,6,7,2,3,2,3,3,2
1458,2Ery,Ery,Ery,1,8,3,1,1,1,5,0
1459,16Neu,Neu,Neu,4,9,4,2,5,2,1,1
1460,4Ery,Ery,Ery,2,10,5,1,1,1,5,0
1461,6Ery,Ery,Ery,2,5,2,3,1,1,3,0
1462,13Baso,Baso,Baso,8,11,1,2,6,2,7,1
1463,4Ery,Ery,Ery,2,5,3,1,7,1,5,0
1464,2Ery,Ery,Ery,1,5,5,1,7,1,6,0
1465,4Ery,Ery,Ery,1,8,3,1,1,1,5,0
1466,15Mo,Mo,Mo,5,11,6,3,2,3,4,2
1467,1Ery,Ery,Ery,1,8,5,1,1,1,6,0
1468,15Mo,Mo,Mo,4,11,4,2,5,2,1,1
1469,13Baso,Baso,Baso,3,11,1,2,6,2,7,1
1470,15Mo,Mo,Mo,4,9,4,2,5,2,1,1
1471,3Ery,Ery,Ery,1,1,3,1,2,1,5,2
1472,6Ery,Ery,Ery,2,1,2,1,1,1,5,0
1473,12Baso,Baso,Baso,6,7,6,3,2,3,4,2
1474,12Baso,Baso,Baso,6,1,6,3,2,3,4,2
1475,13Baso,Baso,Baso,8,11,6,3,2,3,4,2
1476,5Ery,Ery,Ery,2,3,5,1,1,1,6,0
1477,16Neu,Neu,Neu,4,2,6,3,5,2,4,1
1478,6Ery,Ery,Ery,2,3,5,1,1,1,6,0
1479,13Baso,Baso,Baso,3,7,1,2,6,2,7,1
1480,2Ery,Ery,Ery,1,10,5,1,7,1,6,0
1481,14Mo,Mo,Mo,3,11,1,2,6,2,7,1
1482,3Ery,Ery,Ery,2,10,2,1,2,1,5,2
1483,14Mo,Mo,Mo,3,2,1,2,6,2,7,1
1484,8Mk,Mk,Mk,6,7,7,3,2,3,4,2
1485,2Ery,Ery,Ery,1,8,3,1,1,1,5,0
1486,9GMP,GMP,GMP,8,6,6,3,2,3,4,2
1487,4Ery,Ery,Ery,2,3,5,1,7,1,6,0
1488,3Ery,Ery,Ery,2,3,5,1,7,1,6,0
1489,3Ery,Ery,Ery,2,3,5,1,1,1,6,0
1490,14Mo,Mo,Mo,3,11,1,2,6,2,7,1
1491,2Ery,Ery,Ery,2,1,3,1,2,1,5,2
1492,10GMP,GMP,GMP,7,11,1,2,6,2,7,1
1493,16Neu,Neu,Neu,4,2,4,2,5,2,1,1
1494,6Ery,Ery,Ery,2,1,2,1,1,1,5,0
1495,14Mo,Mo,Mo,3,11,1,2,6,2,7,1
1496,16Neu,Neu,Neu,4,2,4,2,5,2,1,1
1497,5Ery,Ery,Ery,2,5,5,1,7,1,6,0
1498,10GMP,GMP,GMP,8,6,6,3,2,3,4,2
1499,16Neu,Neu,Neu,3,9,1,2,6,2,7,1
1500,12Baso,Baso,Baso,6,7,2,3,2,3,3,2
1501,11DC,DC,DC,6,11,9,3,3,3,2,2
1502,15Mo,Mo,Mo,4,2,4,2,5,2,1,1
1503,2Ery,Ery,Ery,2,8,3,1,1,1,5,0
1504,13Baso,Baso,Baso,3,11,1,2,6,2,7,1
1505,7MEP,MEP,MEP,6,6,2,3,2,3,3,2
1506,13Baso,Baso,Baso,3,3,1,2,6,2,7,1
1507,13Baso,Baso,Baso,3,11,1,2,6,2,7,1
1508,2Ery,Ery,Ery,1,5,3,1,1,1,5,0
1509,6Ery,Ery,Ery,2,1,5,1,7,1,6,0
1510,14Mo,Mo,Mo,3,11,1,2,6,2,7,1
1511,5Ery,Ery,Ery,2,10,3,1,1,1,5,0
1512,16Neu,Neu,Neu,4,2,4,2,5,2,1,1
1513,5Ery,Ery,Ery,2,5,2,1,1,1,5,0
1514,6Ery,Ery,Ery,2,5,2,1,1,1,5,0
1515,18Eos,Eos,Eos,5,7,6,3,2,3,4,2
1516,14Mo,Mo,Mo,3,4,1,2,6,2,7,1
1517,14Mo,Mo,Mo,3,3,4,2,6,2,7,1
1518,13Baso,Baso,Baso,3,3,1,2,6,2,7,1
1519,15Mo,Mo,Mo,4,9,4,2,5,2,1,1
1520,2Ery,Ery,Ery,2,8,2,3,2,1,3,2
1521,2Ery,Ery,Ery,1,1,5,1,7,1,6,0
1522,13Baso,Baso,Baso,8,1,1,2,6,2,7,1
1523,3Ery,Ery,Ery,2,1,2,3,2,3,3,2
1524,2Ery,Ery,Ery,1,1,3,1,1,1,5,0
1525,15Mo,Mo,Mo,3,9,1,2,6,2,7,1
1526,12Baso,Baso,Baso,6,1,6,3,2,3,4,2
1527,7MEP,MEP,MEP,6,1,2,3,1,3,3,0
1528,3Ery,Ery,Ery,6,1,2,3,2,3,3,2
1529,4Ery,Ery,Ery,6,10,2,3,2,3,3,2
1530,15Mo,Mo,Mo,4,3,4,2,5,2,1,1
1531,14Mo,Mo,Mo,3,3,1,2,6,2,7,1
1532,4Ery,Ery,Ery,2,10,5,1,1,1,5,0
1533,4Ery,Ery,Ery,1,10,3,1,1,1,5,0
1534,13Baso,Baso,Baso,3,11,1,2,6,2,7,1
1535,9GMP,GMP,GMP,6,6,6,3,2,3,4,2
1536,12Baso,Baso,Baso,6,7,6,3,2,3,4,2
1537,2Ery,Ery,Ery,1,5,3,1,1,1,5,0
1538,4Ery,Ery,Ery,2,5,2,1,1,1,5,0
1539,9GMP,GMP,GMP,6,7,7,3,2,3,4,2
1540,16Neu,Neu,Neu,4,9,4,2,5,2,1,1
1541,16Neu,Neu,Neu,4,2,4,3,5,2,1,1
1542,2Ery,Ery,Ery,1,8,3,1,1,1,5,0
1543,2Ery,Ery,Ery,1,8,3,1,1,1,5,0
1544,16Neu,Neu,Neu,4,2,4,2,5,2,1,1
1545,7MEP,MEP,MEP,6,7,2,3,2,3,3,2
1546,14Mo,Mo,Mo,7,4,6,2,6,2,7,1
1547,14Mo,Mo,Mo,6,3,6,3,2,3,4,2
1548,14Mo,Mo,Mo,5,4,6,2,6,2,7,1
1549,5Ery,Ery,Ery,2,1,3,1,1,1,5,0
1550,5Ery,Ery,Ery,2,3,5,1,1,1,6,0
1551,3Ery,Ery,Ery,1,8,5,1,7,1,6,0
1552,3Ery,Ery,Ery,1,3,5,1,7,1,6,0
1553,2Ery,Ery,Ery,1,8,3,1,1,1,5,0
1554,18Eos,Eos,Eos,4,4,6,2,6,2,7,1
1555,14Mo,Mo,Mo,3,11,1,2,6,2,7,1
1556,3Ery,Ery,Ery,1,1,5,1,7,1,6,0
1557,14Mo,Mo,Mo,3,3,1,2,6,2,7,1
1558,14Mo,Mo,Mo,4,4,4,2,5,2,1,1
1559,12Baso,Baso,Baso,6,11,6,3,2,3,4,2
1560,14Mo,Mo,Mo,3,9,1,2,6,2,7,1
1561,4Ery,Ery,Ery,2,5,5,1,7,1,6,0
1562,3Ery,Ery,Ery,1,8,5,1,7,1,6,0
1563,14Mo,Mo,Mo,3,4,1,2,6,2,7,1
1564,7MEP,MEP,MEP,6,3,2,3,2,3,3,2
1565,5Ery,Ery,Ery,6,5,2,3,2,3,3,2
1566,12Baso,Baso,Baso,8,4,6,3,2,3,4,2
1567,2Ery,Ery,Ery,1,3,5,1,7,1,6,0
1568,15Mo,Mo,Mo,3,11,1,2,5,2,1,1
1569,14Mo,Mo,Mo,4,2,4,2,5,2,1,1
1570,3Ery,Ery,Ery,1,1,5,1,7,1,6,0
1571,14Mo,Mo,Mo,3,2,1,2,5,2,1,1
1572,2Ery,Ery,Ery,1,10,3,1,1,1,5,0
1573,3Ery,Ery,Ery,1,8,5,1,7,1,6,0
1574,2Ery,Ery,Ery,1,1,3,1,1,1,5,0
1575,16Neu,Neu,Neu,4,2,4,2,5,2,1,1
1576,7MEP,MEP,MEP,6,1,2,3,2,3,3,2
1577,2Ery,Ery,Ery,1,5,3,1,1,1,5,0
1578,10GMP,GMP,GMP,8,4,6,3,6,3,4,1
1579,7MEP,MEP,MEP,6,6,2,3,2,3,3,2
1580,5Ery,Ery,Ery,2,5,2,3,2,1,3,2
1581,5Ery,Ery,Ery,2,5,2,3,2,1,3,2
1582,13Baso,Baso,Baso,8,3,6,2,6,3,7,1
1583,6Ery,Ery,Ery,6,3,2,3,2,3,3,2
1584,7MEP,MEP,MEP,6,1,2,3,2,3,3,2
1585,3Ery,Ery,Ery,1,3,5,1,7,1,6,0
1586,10GMP,GMP,GMP,6,6,2,3,2,3,3,2
1587,5Ery,Ery,Ery,2,5,5,1,1,1,6,0
1588,5Ery,Ery,Ery,2,3,5,1,1,1,6,0
1589,1Ery,Ery,Ery,1,8,3,1,1,1,5,0
1590,13Baso,Baso,Baso,3,11,1,2,6,2,7,1
1591,15Mo,Mo,Mo,3,9,1,2,5,2,1,1
1592,3Ery,Ery,Ery,2,1,2,1,1,1,5,0
1593,6Ery,Ery,Ery,6,1,2,3,1,3,3,0
1594,14Mo,Mo,Mo,3,3,4,2,6,2,7,1
1595,11DC,DC,DC,6,6,9,3,3,3,2,2
1596,3Ery,Ery,Ery,1,1,3,1,1,1,5,0
1597,3Ery,Ery,Ery,2,1,5,1,7,1,6,0
1598,3Ery,Ery,Ery,1,3,5,1,7,1,6,0
1599,16Neu,Neu,Neu,4,9,4,2,5,2,1,1
1600,3Ery,Ery,Ery,2,1,5,1,1,1,6,0
1601,9GMP,GMP,GMP,8,6,6,2,6,3,7,1
1602,14Mo,Mo,Mo,7,11,1,2,6,2,7,1
1603,12Baso,Baso,Baso,6,1,6,3,2,3,4,2
1604,9GMP,GMP,GMP,6,4,6,3,2,3,4,2
1605,14Mo,Mo,Mo,3,4,1,2,6,2,7,1
1606,14Mo,Mo,Mo,3,11,1,2,5,2,1,1
1607,8Mk,Mk,Mk,6,6,7,3,2,3,4,2
1608,5Ery,Ery,Ery,2,5,2,1,2,1,3,2
1609,15Mo,Mo,Mo,4,2,4,2,5,2,1,1
1610,15Mo,Mo,Mo,3,9,1,2,5,2,1,1
1611,3Ery,Ery,Ery,1,8,5,1,7,1,6,0
1612,16Neu,Neu,Neu,4,2,4,2,5,2,1,1
1613,15Mo,Mo,Mo,6,9,6,3,2,3,4,2
1614,4Ery,Ery,Ery,2,1,3,1,1,1,5,0
1615,3Ery,Ery,Ery,1,1,3,1,1,1,5,0
1616,8Mk,Mk,Mk,6,7,7,3,2,3,4,2
1617,15Mo,Mo,Mo,3,9,1,2,5,2,1,1
1618,14Mo,Mo,Mo,5,9,4,2,5,2,1,1
1619,5Ery,Ery,Ery,2,5,2,3,1,1,3,0
1620,3Ery,Ery,Ery,2,1,2,3,1,1,3,0
1621,4Ery,Ery,Ery,2,10,2,3,2,1,3,2
1622,2Ery,Ery,Ery,1,5,3,1,1,1,5,0
1623,8Mk,Mk,Mk,6,7,6,3,2,3,4,2
1624,7MEP,MEP,MEP,6,3,2,3,1,3,3,0
1625,10GMP,GMP,GMP,8,6,1,2,6,2,7,1
1626,15Mo,Mo,Mo,4,11,4,2,5,2,1,1
1627,14Mo,Mo,Mo,3,11,1,2,6,2,7,1
1628,13Baso,Baso,Baso,7,4,1,2,6,2,7,1
1629,3Ery,Ery,Ery,1,1,5,1,1,1,6,0
1630,7MEP,MEP,MEP,6,6,2,3,2,3,3,2
1631,2Ery,Ery,Ery,1,1,5,1,1,1,6,0
1632,13Baso,Baso,Baso,3,4,1,2,6,2,7,1
1633,2Ery,Ery,Ery,2,1,2,3,2,3,3,2
1634,10GMP,GMP,GMP,8,6,6,2,6,3,7,1
1635,2Ery,Ery,Ery,1,3,3,1,1,1,5,0
1636,2Ery,Ery,Ery,1,5,3,1,1,1,5,0
1637,2Ery,Ery,Ery,1,3,3,1,1,1,5,0
1638,12Baso,Baso,Baso,6,4,6,3,2,3,4,2
1639,14Mo,Mo,Mo,3,11,1,2,6,2,7,1
1640,1Ery,Ery,Ery,1,3,5,1,1,1,6,0
1641,14Mo,Mo,Mo,3,2,6,3,2,3,4,2
1642,14Mo,Mo,Mo,5,11,6,2,6,2,7,1
1643,2Ery,Ery,Ery,1,8,5,1,1,1,6,0
1644,14Mo,Mo,Mo,4,9,4,2,5,2,1,1
1645,16Neu,Neu,Neu,4,9,4,2,5,2,1,1
1646,14Mo,Mo,Mo,3,11,1,2,6,2,7,1
1647,8Mk,Mk,Mk,6,7,7,3,2,3,4,2
1648,16Neu,Neu,Neu,3,2,1,2,5,2,1,1
1649,16Neu,Neu,Neu,4,2,4,2,5,2,1,1
1650,2Ery,Ery,Ery,1,5,3,1,1,1,5,0
1651,8Mk,Mk,Mk,6,3,7,3,2,3,4,2
1652,5Ery,Ery,Ery,2,1,5,1,7,1,6,0
1653,6Ery,Ery,Ery,2,1,2,1,1,1,5,0
1654,19Lymph,Lymph,Lymph,6,7,8,3,8,3,2,2
1655,15Mo,Mo,Mo,3,11,6,2,6,2,7,1
1656,13Baso,Baso,Baso,6,11,6,3,2,3,4,2
1657,5Ery,Ery,Ery,2,5,2,1,1,1,5,0
1658,14Mo,Mo,Mo,5,4,4,2,6,2,7,1
1659,5Ery,Ery,Ery,2,3,5,1,1,1,6,0
1660,6Ery,Ery,Ery,2,1,2,1,1,1,5,0
1661,16Neu,Neu,Neu,4,2,4,2,5,2,1,1
1662,3Ery,Ery,Ery,1,3,5,1,7,1,6,0
1663,15Mo,Mo,Mo,4,9,4,2,5,2,1,1
1664,7MEP,MEP,MEP,6,1,2,3,2,3,3,2
1665,7MEP,MEP,MEP,6,1,2,3,2,3,3,2
1666,10GMP,GMP,GMP,8,11,6,2,6,2,7,1
1667,14Mo,Mo,Mo,3,3,1,2,6,2,7,1
1668,3Ery,Ery,Ery,1,8,5,1,7,1,6,0
1669,4Ery,Ery,Ery,2,3,5,1,7,1,6,0
1670,13Baso,Baso,Baso,3,3,1,2,6,2,7,1
1671,15Mo,Mo,Mo,4,9,4,2,5,2,1,1
1672,11DC,DC,DC,6,3,9,3,4,3,2,2
1673,17Neu,Neu,Neu,6,6,6,3,2,3,4,2
1674,4Ery,Ery,Ery,2,5,5,1,7,1,6,0
1675,6Ery,Ery,Ery,2,1,5,1,7,1,6,0
1676,3Ery,Ery,Ery,1,8,5,1,1,1,6,0
1677,3Ery,Ery,Ery,1,1,5,1,7,1,6,0
1678,7MEP,MEP,MEP,6,5,2,3,2,3,3,2
1679,8Mk,Mk,Mk,6,4,7,3,2,3,4,2
1680,6Ery,Ery,Ery,2,1,2,1,1,1,5,0
1681,11DC,DC,DC,6,11,2,3,2,3,3,2
1682,16Neu,Neu,Neu,4,9,4,2,5,2,1,1
1683,3Ery,Ery,Ery,1,1,5,1,7,1,6,0
1684,14Mo,Mo,Mo,3,3,1,2,6,2,7,1
1685,4Ery,Ery,Ery,2,5,5,1,7,1,6,0
1686,4Ery,Ery,Ery,1,5,5,1,7,1,6,0
1687,11DC,DC,DC,6,4,9,3,4,3,2,2
1688,3Ery,Ery,Ery,2,1,2,1,2,1,3,2
1689,14Mo,Mo,Mo,3,4,1,2,6,2,7,1
1690,15Mo,Mo,Mo,3,3,1,2,6,2,7,1
1691,3Ery,Ery,Ery,1,3,5,1,7,1,6,0
1692,10GMP,GMP,GMP,7,11,1,2,6,2,7,1
1693,6Ery,Ery,Ery,2,1,2,1,1,1,5,0
1694,2Ery,Ery,Ery,2,10,3,1,1,1,5,0
1695,16Neu,Neu,Neu,4,2,4,2,5,2,1,1
1696,15Mo,Mo,Mo,4,2,4,2,5,2,1,1
1697,7MEP,MEP,MEP,6,7,2,3,2,3,3,2
1698,3Ery,Ery,Ery,1,3,5,1,7,1,6,0
1699,10GMP,GMP,GMP,8,4,6,2,2,3,4,2
1700,3Ery,Ery,Ery,1,3,5,1,7,1,6,0
1701,14Mo,Mo,Mo,3,11,1,2,6,2,7,1
1702,7MEP,MEP,MEP,6,6,2,3,2,3,3,2
1703,6Ery,Ery,Ery,2,1,2,1,1,1,5,0
1704,10GMP,GMP,GMP,8,4,6,3,6,3,4,1
1705,10GMP,GMP,GMP,8,6,6,3,2,3,4,2
1706,3Ery,Ery,Ery,1,8,5,1,7,1,6,0
1707,7MEP,MEP,MEP,6,6,2,3,2,3,3,2
1708,2Ery,Ery,Ery,1,1,5,1,7,1,6,0
1709,4Ery,Ery,Ery,1,5,5,1,7,1,6,0
1710,7MEP,MEP,MEP,6,1,2,3,2,3,3,2
1711,13Baso,Baso,Baso,8,4,1,2,6,2,7,1
1712,6Ery,Ery,Ery,2,3,2,1,1,1,5,0
1713,15Mo,Mo,Mo,3,9,1,2,6,2,7,1
1714,8Mk,Mk,Mk,6,1,2,3,2,3,3,2
1715,10GMP,GMP,GMP,8,7,6,2,6,3,7,1
1716,4Ery,Ery,Ery,2,5,5,1,7,1,6,0
1717,4Ery,Ery,Ery,1,5,5,1,7,1,6,0
1718,3Ery,Ery,Ery,2,3,5,1,7,1,6,0
1719,7MEP,MEP,MEP,6,1,2,3,2,3,3,2
1720,2Ery,Ery,Ery,1,8,3,1,1,1,5,0
1721,16Neu,Neu,Neu,4,2,4,2,5,2,1,1
1722,3Ery,Ery,Ery,2,1,3,1,1,1,5,0
1723,3Ery,Ery,Ery,1,3,5,1,7,1,6,0
1724,6Ery,Ery,Ery,2,1,2,1,7,1,5,0
1725,6Ery,Ery,Ery,6,1,2,3,2,3,3,2
1726,7MEP,MEP,MEP,6,1,2,3,2,3,3,2
1727,4Ery,Ery,Ery,2,1,5,1,7,1,6,0
1728,16Neu,Neu,Neu,4,9,4,2,5,2,1,1
1729,2Ery,Ery,Ery,1,8,5,1,7,1,6,0
1730,13Baso,Baso,Baso,3,4,1,2,6,2,7,1
1731,10GMP,GMP,GMP,8,1,6,3,2,3,4,2
1732,3Ery,Ery,Ery,1,8,5,1,7,1,6,0
1733,3Ery,Ery,Ery,1,3,5,1,7,1,6,0
1734,10GMP,GMP,GMP,8,6,6,3,2,3,4,2
1735,6Ery,Ery,Ery,2,5,2,1,1,1,5,0
1736,14Mo,Mo,Mo,5,3,6,2,6,2,7,1
1737,15Mo,Mo,Mo,4,9,4,2,5,2,1,1
1738,7MEP,MEP,MEP,6,1,2,3,2,3,3,2
1739,13Baso,Baso,Baso,8,4,6,3,2,3,4,2
1740,14Mo,Mo,Mo,3,11,1,2,6,2,7,1
1741,14Mo,Mo,Mo,3,3,1,2,6,2,7,1
1742,14Mo,Mo,Mo,3,3,1,2,6,2,7,1
1743,2Ery,Ery,Ery,1,10,3,1,1,1,5,0
1744,16Neu,Neu,Neu,4,9,4,2,5,2,1,1
1745,7MEP,MEP,MEP,6,3,2,3,2,3,3,2
1746,14Mo,Mo,Mo,3,2,1,2,6,2,7,1
1747,10GMP,GMP,GMP,3,3,1,2,6,2,7,1
1748,14Mo,Mo,Mo,3,11,1,2,6,2,7,1
1749,6Ery,Ery,Ery,2,1,2,1,1,1,5,0
1750,14Mo,Mo,Mo,3,9,1,2,6,2,7,1
1751,16Neu,Neu,Neu,4,9,4,2,5,2,1,1
1752,2Ery,Ery,Ery,1,1,5,1,7,1,6,0
1753,10GMP,GMP,GMP,8,6,1,2,6,2,7,1
1754,16Neu,Neu,Neu,4,9,4,2,5,2,1,1
1755,14Mo,Mo,Mo,8,11,6,3,2,3,4,2
1756,14Mo,Mo,Mo,3,3,1,2,6,2,7,1
1757,5Ery,Ery,Ery,2,3,2,1,1,1,5,0
1758,12Baso,Baso,Baso,6,3,6,3,2,3,4,2
1759,4Ery,Ery,Ery,1,5,5,1,7,1,6,0
1760,3Ery,Ery,Ery,1,8,5,1,7,1,6,0
1761,13Baso,Baso,Baso,8,4,6,2,6,3,7,1
1762,2Ery,Ery,Ery,1,5,5,1,7,1,6,0
1763,4Ery,Ery,Ery,2,3,5,1,7,1,6,0
1764,4Ery,Ery,Ery,2,1,5,1,7,1,6,0
1765,3Ery,Ery,Ery,2,8,3,1,1,1,5,0
1766,3Ery,Ery,Ery,2,1,5,1,7,1,6,0
1767,13Baso,Baso,Baso,8,3,1,2,6,2,7,1
1768,12Baso,Baso,Baso,6,6,2,3,2,3,3,2
1769,14Mo,Mo,Mo,3,11,1,2,5,2,1,1
1770,16Neu,Neu,Neu,4,9,4,2,5,2,1,1
1771,3Ery,Ery,Ery,2,1,5,1,7,1,6,0
1772,5Ery,Ery,Ery,2,5,2,1,1,1,5,0
1773,6Ery,Ery,Ery,6,5,2,3,2,3,3,2
1774,7MEP,MEP,MEP,6,6,2,3,2,3,3,2
1775,4Ery,Ery,Ery,2,1,5,1,7,1,6,0
1776,4Ery,Ery,Ery,2,5,5,1,7,1,6,0
1777,5Ery,Ery,Ery,1,1,3,1,1,1,5,0
1778,14Mo,Mo,Mo,3,2,1,2,6,2,7,1
1779,14Mo,Mo,Mo,8,3,1,2,6,2,7,1
1780,2Ery,Ery,Ery,1,10,3,1,1,1,5,0
1781,12Baso,Baso,Baso,6,6,2,3,2,3,3,2
1782,3Ery,Ery,Ery,1,8,5,1,1,1,6,0
1783,5Ery,Ery,Ery,2,10,3,1,1,1,5,0
1784,2Ery,Ery,Ery,1,10,3,1,1,1,5,0
1785,2Ery,Ery,Ery,1,8,3,1,1,1,5,0
1786,16Neu,Neu,Neu,4,2,4,2,5,2,1,1
1787,7MEP,MEP,MEP,6,1,2,3,2,3,3,2
1788,5Ery,Ery,Ery,2,5,3,1,1,1,5,0
1789,2Ery,Ery,Ery,1,8,3,1,1,1,5,0
1790,7MEP,MEP,MEP,6,6,2,3,2,3,3,2
1791,3Ery,Ery,Ery,2,7,2,1,1,1,5,0
1792,4Ery,Ery,Ery,2,3,3,1,1,1,5,0
1793,2Ery,Ery,Ery,1,1,5,1,7,1,6,0
1794,5Ery,Ery,Ery,2,10,2,1,1,1,5,0
1795,10GMP,GMP,GMP,8,6,6,3,2,3,4,2
1796,1Ery,Ery,Ery,1,1,3,1,1,1,5,0
1797,10GMP,GMP,GMP,6,7,6,3,2,3,4,2
1798,11DC,DC,DC,6,6,9,3,3,3,2,2
1799,16Neu,Neu,Neu,3,9,1,2,6,2,7,1
1800,2Ery,Ery,Ery,2,1,5,1,7,1,6,0
1801,2Ery,Ery,Ery,1,3,3,1,1,1,5,0
1802,2Ery,Ery,Ery,1,8,3,1,1,1,5,0
1803,5Ery,Ery,Ery,2,5,2,3,1,1,3,0
1804,5Ery,Ery,Ery,2,3,3,1,1,1,5,0
1805,14Mo,Mo,Mo,3,9,1,2,6,2,7,1
1806,14Mo,Mo,Mo,3,2,1,2,6,2,7,1
1807,16Neu,Neu,Neu,4,9,4,2,5,2,1,1
1808,10GMP,GMP,GMP,6,7,7,3,2,3,4,2
1809,14Mo,Mo,Mo,3,11,1,2,6,2,7,1
1810,14Mo,Mo,Mo,3,2,1,2,6,2,7,1
1811,4Ery,Ery,Ery,2,10,3,1,1,1,5,0
1812,2Ery,Ery,Ery,1,8,3,1,1,1,5,0
1813,6Ery,Ery,Ery,2,3,5,1,1,1,6,0
1814,2Ery,Ery,Ery,1,10,3,1,1,1,5,0
1815,19Lymph,Lymph,Lymph,6,11,8,3,8,3,2,2
1816,16Neu,Neu,Neu,4,9,4,2,5,2,1,1
1817,1Ery,Ery,Ery,1,8,3,1,1,1,5,0
1818,13Baso,Baso,Baso,8,4,1,2,6,2,7,1
1819,3Ery,Ery,Ery,1,8,5,1,7,1,6,0
1820,15Mo,Mo,Mo,4,9,4,2,5,2,1,1
1821,3Ery,Ery,Ery,2,3,5,1,1,1,6,0
1822,5Ery,Ery,Ery,2,5,3,1,1,1,5,0
1823,2Ery,Ery,Ery,1,8,3,1,1,1,5,0
1824,2Ery,Ery,Ery,1,10,3,1,1,1,5,0
1825,16Neu,Neu,Neu,4,9,4,2,5,2,1,1
1826,4Ery,Ery,Ery,1,8,5,1,7,1,6,0
1827,12Baso,Baso,Baso,6,4,6,3,2,3,4,2
1828,3Ery,Ery,Ery,1,8,3,1,1,1,5,0
1829,12Baso,Baso,Baso,6,1,2,3,2,3,3,2
1830,14Mo,Mo,Mo,4,2,1,2,6,2,7,1
1831,15Mo,Mo,Mo,4,2,4,2,5,2,1,1
1832,14Mo,Mo,Mo,3,4,1,2,6,2,7,1
1833,10GMP,GMP,GMP,8,7,6,3,2,3,4,2
1834,6Ery,Ery,Ery,2,5,2,1,1,1,5,0
1835,12Baso,Baso,Baso,6,3,6,3,2,3,4,2
1836,2Ery,Ery,Ery,1,1,3,1,1,1,5,0
1837,3Ery,Ery,Ery,1,4,5,1,7,1,6,0
1838,4Ery,Ery,Ery,2,10,3,1,1,1,5,0
1839,7MEP,MEP,MEP,6,7,2,3,2,3,3,2
1840,4Ery,Ery,Ery,1,10,5,1,1,1,5,0
1841,15Mo,Mo,Mo,4,9,4,2,6,2,7,1
1842,2Ery,Ery,Ery,1,1,5,1,7,1,6,0
1843,7MEP,MEP,MEP,6,7,6,3,2,3,4,2
1844,14Mo,Mo,Mo,4,9,4,2,5,2,1,1
1845,3Ery,Ery,Ery,2,3,5,1,7,1,6,0
1846,13Baso,Baso,Baso,3,3,1,2,6,2,7,1
1847,3Ery,Ery,Ery,1,8,5,1,1,1,6,0
1848,15Mo,Mo,Mo,4,9,4,2,5,2,1,1
1849,15Mo,Mo,Mo,4,9,4,2,5,2,1,1
1850,13Baso,Baso,Baso,3,3,1,2,6,2,7,1
1851,14Mo,Mo,Mo,3,4,1,2,6,2,7,1
1852,4Ery,Ery,Ery,1,3,5,1,7,1,6,0
1853,14Mo,Mo,Mo,3,9,1,2,6,2,7,1
1854,6Ery,Ery,Ery,6,5,2,3,2,3,3,2
1855,3Ery,Ery,Ery,2,3,5,1,7,1,6,0
1856,14Mo,Mo,Mo,3,3,1,2,6,2,7,1
1857,8Mk,Mk,Mk,6,1,7,3,2,3,4,2
1858,8Mk,Mk,Mk,6,7,7,3,2,3,4,2
1859,7MEP,MEP,MEP,6,3,2,3,2,3,3,2
1860,15Mo,Mo,Mo,4,2,4,2,5,2,1,1
1861,15Mo,Mo,Mo,4,9,4,2,5,2,1,1
1862,13Baso,Baso,Baso,3,3,1,2,6,2,7,1
1863,16Neu,Neu,Neu,4,9,4,2,5,2,1,1
1864,6Ery,Ery,Ery,6,5,2,3,2,3,3,2
1865,3Ery,Ery,Ery,1,8,5,1,1,1,6,0
1866,2Ery,Ery,Ery,1,10,3,1,7,1,5,0
1867,13Baso,Baso,Baso,8,3,6,2,6,3,7,1
1868,3Ery,Ery,Ery,1,1,5,1,7,1,6,0
1869,3Ery,Ery,Ery,1,8,5,1,7,1,6,0
1870,13Baso,Baso,Baso,3,3,1,2,6,2,7,1
1871,11DC,DC,DC,6,3,9,2,4,3,2,2
1872,10GMP,GMP,GMP,8,4,1,3,6,3,7,1
1873,4Ery,Ery,Ery,1,5,5,1,7,1,6,0
1874,2Ery,Ery,Ery,1,10,3,1,1,1,5,0
1875,7MEP,MEP,MEP,6,1,2,1,2,3,3,2
1876,7MEP,MEP,MEP,6,1,2,3,2,3,3,2
1877,6Ery,Ery,Ery,2,5,5,1,7,1,6,0
1878,3Ery,Ery,Ery,1,8,5,1,7,1,6,0
1879,16Neu,Neu,Neu,4,9,4,2,5,2,1,1
1880,7MEP,MEP,MEP,6,1,2,3,2,3,3,2
1881,14Mo,Mo,Mo,3,9,1,2,6,2,7,1
1882,3Ery,Ery,Ery,2,3,5,1,7,1,6,0
1883,6Ery,Ery,Ery,2,5,5,1,7,1,6,0
1884,9GMP,GMP,GMP,8,7,6,3,6,3,4,1
1885,12Baso,Baso,Baso,6,7,6,3,2,3,4,2
1886,3Ery,Ery,Ery,1,8,5,1,7,1,6,0
1887,14Mo,Mo,Mo,3,4,1,2,6,2,7,1
1888,10GMP,GMP,GMP,8,6,6,3,6,3,4,1
1889,4Ery,Ery,Ery,2,10,5,1,1,1,5,0
1890,7MEP,MEP,MEP,6,1,2,1,2,3,3,2
1891,6Ery,Ery,Ery,2,1,2,1,1,1,5,0
1892,14Mo,Mo,Mo,3,3,1,2,6,2,7,1
1893,14Mo,Mo,Mo,3,2,1,2,6,2,7,1
1894,4Ery,Ery,Ery,1,10,3,1,1,1,5,0
1895,3Ery,Ery,Ery,1,8,3,1,1,1,5,0
1896,3Ery,Ery,Ery,2,1,5,1,7,1,6,0
1897,2Ery,Ery,Ery,1,10,3,1,7,1,5,0
1898,16Neu,Neu,Neu,4,9,4,2,5,2,1,1
1899,3Ery,Ery,Ery,1,3,5,1,7,1,6,0
1900,7MEP,MEP,MEP,6,6,2,3,1,3,3,0
1901,18Eos,Eos,Eos,6,3,6,3,5,3,4,1
1902,6Ery,Ery,Ery,2,1,5,1,1,1,6,0
1903,13Baso,Baso,Baso,3,11,1,2,6,2,7,1
1904,4Ery,Ery,Ery,2,5,5,1,7,1,6,0
1905,10GMP,GMP,GMP,8,1,6,3,6,3,4,1
1906,6Ery,Ery,Ery,2,3,5,1,7,1,6,0
1907,2Ery,Ery,Ery,1,8,3,1,7,1,5,0
1908,12Baso,Baso,Baso,6,1,2,3,2,3,3,2
1909,1Ery,Ery,Ery,1,8,3,1,1,1,5,0
1910,4Ery,Ery,Ery,2,1,2,1,7,1,5,0
1911,13Baso,Baso,Baso,3,3,1,2,6,2,7,1
1912,14Mo,Mo,Mo,3,11,1,2,6,2,7,1
1913,14Mo,Mo,Mo,4,9,4,2,5,2,1,1
1914,13Baso,Baso,Baso,8,3,6,2,6,3,7,1
1915,3Ery,Ery,Ery,2,8,5,1,1,1,6,0
1916,3Ery,Ery,Ery,1,1,3,1,7,1,5,0
1917,16Neu,Neu,Neu,4,2,4,2,5,2,1,1
1918,15Mo,Mo,Mo,4,2,4,2,5,2,1,1
1919,14Mo,Mo,Mo,7,2,1,2,6,2,7,1
1920,3Ery,Ery,Ery,2,1,5,1,7,1,6,0
1921,6Ery,Ery,Ery,2,5,2,1,1,1,5,0
1922,2Ery,Ery,Ery,1,3,5,1,1,1,6,0
1923,10GMP,GMP,GMP,8,6,1,2,6,2,7,1
1924,14Mo,Mo,Mo,4,3,4,2,6,2,7,1
1925,5Ery,Ery,Ery,2,5,2,1,1,1,5,0
1926,4Ery,Ery,Ery,1,1,5,1,7,1,6,0
1927,15Mo,Mo,Mo,4,9,4,2,5,2,1,1
1928,13Baso,Baso,Baso,3,3,1,2,6,2,7,1
1929,15Mo,Mo,Mo,3,9,1,2,6,2,7,1
1930,13Baso,Baso,Baso,3,11,1,2,6,2,7,1
1931,14Mo,Mo,Mo,3,4,1,2,6,2,7,1
1932,12Baso,Baso,Baso,6,6,6,3,2,3,4,2
1933,16Neu,Neu,Neu,4,9,4,2,5,2,1,1
1934,13Baso,Baso,Baso,8,11,6,3,2,3,4,2
1935,6Ery,Ery,Ery,2,3,3,1,1,1,5,0
1936,15Mo,Mo,Mo,4,11,4,2,5,2,1,1
1937,4Ery,Ery,Ery,2,5,3,1,7,1,5,0
1938,14Mo,Mo,Mo,5,4,4,2,6,2,7,1
1939,13Baso,Baso,Baso,8,11,6,3,6,3,4,1
1940,15Mo,Mo,Mo,4,2,4,2,5,2,1,1
1941,3Ery,Ery,Ery,2,1,5,1,1,1,6,0
1942,10GMP,GMP,GMP,6,11,6,3,2,3,4,2
1943,13Baso,Baso,Baso,7,11,1,2,6,2,7,1
1944,4Ery,Ery,Ery,1,10,5,1,7,1,6,0
1945,8Mk,Mk,Mk,6,4,7,3,2,3,4,2
1946,3Ery,Ery,Ery,2,1,5,1,7,1,6,0
1947,14Mo,Mo,Mo,3,3,1,2,6,2,7,1
1948,15Mo,Mo,Mo,3,11,1,2,6,2,7,1
1949,16Neu,Neu,Neu,4,9,4,2,5,2,1,1
1950,15Mo,Mo,Mo,3,9,4,2,6,2,7,1
1951,9GMP,GMP,GMP,8,7,6,2,6,3,7,1
1952,16Neu,Neu,Neu,4,2,4,2,5,2,1,1
1953,12Baso,Baso,Baso,6,4,6,3,2,3,4,2
1954,10GMP,GMP,GMP,6,6,2,3,2,3,3,2
1955,14Mo,Mo,Mo,4,11,4,2,5,2,1,1
1956,14Mo,Mo,Mo,3,9,1,2,6,2,7,1
1957,14Mo,Mo,Mo,3,11,1,2,6,2,7,1
1958,7MEP,MEP,MEP,2,1,2,3,1,1,3,0
1959,15Mo,Mo,Mo,3,2,1,2,6,2,7,1
1960,17Neu,Neu,Neu,6,1,6,3,2,3,4,2
1961,2Ery,Ery,Ery,1,8,5,1,7,1,6,0
1962,14Mo,Mo,Mo,4,9,4,2,5,2,1,1
1963,14Mo,Mo,Mo,8,4,1,2,6,2,7,1
1964,4Ery,Ery,Ery,1,5,5,1,7,1,6,0
1965,6Ery,Ery,Ery,2,1,2,3,1,1,3,0
1966,15Mo,Mo,Mo,4,9,4,2,5,2,1,1
1967,2Ery,Ery,Ery,1,10,3,1,1,1,5,0
1968,2Ery,Ery,Ery,2,1,5,1,7,1,6,0
1969,5Ery,Ery,Ery,2,5,2,1,1,1,5,0
1970,2Ery,Ery,Ery,1,8,3,1,1,1,5,0
1971,2Ery,Ery,Ery,1,5,3,1,1,1,5,0
1972,14Mo,Mo,Mo,3,9,1,2,6,2,7,1
1973,2Ery,Ery,Ery,1,1,3,1,1,1,5,0
1974,14Mo,Mo,Mo,3,11,1,2,6,2,7,1
1975,15Mo,Mo,Mo,3,2,1,2,6,2,7,1
1976,5Ery,Ery,Ery,2,10,3,1,7,1,5,0
1977,6Ery,Ery,Ery,2,5,2,3,2,1,3,2
1978,13Baso,Baso,Baso,8,6,1,2,6,2,7,1
1979,6Ery,Ery,Ery,6,5,2,3,2,3,3,2
1980,13Baso,Baso,Baso,3,4,1,2,6,2,7,1
1981,5Ery,Ery,Ery,2,5,2,1,1,1,5,0
1982,15Mo,Mo,Mo,3,3,1,2,6,2,7,1
1983,3Ery,Ery,Ery,2,8,3,1,1,1,5,0
1984,10GMP,GMP,GMP,8,6,6,3,2,3,4,2
1985,2Ery,Ery,Ery,1,5,3,1,1,1,5,0
1986,14Mo,Mo,Mo,3,9,1,2,6,2,7,1
1987,2Ery,Ery,Ery,2,3,5,1,7,1,6,0
1988,14Mo,Mo,Mo,8,11,6,3,6,3,4,1
1989,2Ery,Ery,Ery,1,8,3,1,1,1,5,0
1990,2Ery,Ery,Ery,1,3,3,1,1,1,5,0
1991,2Ery,Ery,Ery,2,10,3,1,7,1,5,0
1992,5Ery,Ery,Ery,2,1,3,1,1,1,5,0
1993,14Mo,Mo,Mo,3,9,1,2,6,2,7,1
1994,1Ery,Ery,Ery,1,8,3,1,1,1,5,0
1995,5Ery,Ery,Ery,1,5,5,1,7,1,6,0
1996,4Ery,Ery,Ery,2,5,3,1,1,1,5,0
1997,2Ery,Ery,Ery,1,8,3,1,1,1,5,0
1998,10GMP,GMP,GMP,8,7,6,3,2,3,4,2
1999,2Ery,Ery,Ery,2,3,3,1,1,1,5,0
2000,2Ery,Ery,Ery,2,5,3,1,1,1,5,0
2001,7MEP,MEP,MEP,6,1,2,3,2,3,3,2
2002,2Ery,Ery,Ery,1,3,3,1,1,1,5,0
2003,7MEP,MEP,MEP,6,6,2,3,2,3,3,2
2004,1Ery,Ery,Ery,1,8,3,1,1,1,5,0
2005,7MEP,MEP,MEP,6,1,2,3,2,3,3,2
2006,9GMP,GMP,GMP,8,1,6,3,8,3,4,2
2007,2Ery,Ery,Ery,1,8,3,1,1,1,5,0
2008,17Neu,Neu,Neu,6,7,2,3,2,3,3,2
2009,14Mo,Mo,Mo,3,11,1,2,6,2,7,1
2010,14Mo,Mo,Mo,3,2,1,2,6,2,7,1
2011,13Baso,Baso,Baso,3,3,1,2,6,2,7,1
2012,7MEP,MEP,MEP,6,1,2,3,2,3,3,2
2013,16Neu,Neu,Neu,4,9,4,2,5,2,1,1
2014,2Ery,Ery,Ery,1,10,3,1,1,1,5,0
2015,2Ery,Ery,Ery,1,8,3,1,1,1,5,0
2016,7MEP,MEP,MEP,6,6,2,3,2,3,3,2
2017,6Ery,Ery,Ery,6,5,2,3,1,1,3,0
2018,14Mo,Mo,Mo,3,4,1,2,6,2,7,1
2019,4Ery,Ery,Ery,2,8,5,1,7,1,6,0
2020,6Ery,Ery,Ery,6,5,2,3,2,3,3,2
2021,2Ery,Ery,Ery,1,8,3,1,7,1,5,0
2022,4Ery,Ery,Ery,2,1,5,1,1,1,6,0
2023,1Ery,Ery,Ery,1,8,5,1,1,1,6,0
2024,5Ery,Ery,Ery,2,5,3,1,1,1,5,0
2025,19Lymph,Lymph,Lymph,6,1,8,3,8,3,2,2
2026,8Mk,Mk,Mk,6,1,7,3,2,3,4,2
2027,4Ery,Ery,Ery,2,8,5,1,7,1,6,0
2028,6Ery,Ery,Ery,6,10,2,3,2,3,3,2
2029,13Baso,Baso,Baso,3,3,1,2,6,2,7,1
2030,6Ery,Ery,Ery,2,5,2,1,1,1,5,0
2031,13Baso,Baso,Baso,3,3,1,2,6,2,7,1
2032,7MEP,MEP,MEP,6,4,2,3,2,3,3,2
2033,3Ery,Ery,Ery,1,3,5,1,7,1,6,0
2034,3Ery,Ery,Ery,1,3,5,1,7,1,6,0
2035,13Baso,Baso,Baso,3,4,1,2,6,2,7,1
2036,3Ery,Ery,Ery,2,1,2,1,1,1,5,0
2037,15Mo,Mo,Mo,4,2,4,2,5,2,1,1
2038,14Mo,Mo,Mo,3,9,1,2,6,2,7,1
2039,6Ery,Ery,Ery,2,5,5,1,7,1,6,0
2040,10GMP,GMP,GMP,8,1,6,3,6,3,4,1
2041,16Neu,Neu,Neu,4,9,4,2,5,2,1,1
2042,4Ery,Ery,Ery,2,5,5,1,7,1,6,0
2043,14Mo,Mo,Mo,3,3,1,2,6,2,7,1
2044,14Mo,Mo,Mo,3,3,1,2,6,2,7,1
2045,10GMP,GMP,GMP,8,6,6,3,6,3,4,1
2046,3Ery,Ery,Ery,2,1,5,1,7,1,6,0
2047,10GMP,GMP,GMP,8,1,1,2,6,2,7,1
2048,14Mo,Mo,Mo,5,3,4,2,6,2,7,1
2049,3Ery,Ery,Ery,2,3,5,1,7,1,6,0
2050,4Ery,Ery,Ery,1,10,3,1,1,1,5,0
2051,19Lymph,Lymph,Lymph,6,7,8,3,8,3,2,2
2052,14Mo,Mo,Mo,3,2,6,2,6,2,7,1
2053,3Ery,Ery,Ery,1,3,3,1,7,1,5,0
2054,15Mo,Mo,Mo,4,2,4,2,5,2,1,1
2055,15Mo,Mo,Mo,4,3,4,2,5,2,1,1
2056,10GMP,GMP,GMP,8,6,1,2,6,2,7,1
2057,15Mo,Mo,Mo,4,3,4,2,5,2,1,1
2058,15Mo,Mo,Mo,4,11,4,2,5,2,1,1
2059,14Mo,Mo,Mo,3,9,1,2,6,2,7,1
2060,13Baso,Baso,Baso,3,11,1,2,6,2,7,1
2061,16Neu,Neu,Neu,4,9,4,2,5,2,1,1
2062,14Mo,Mo,Mo,3,2,4,2,5,2,1,1
2063,4Ery,Ery,Ery,1,5,5,1,7,1,6,0
2064,14Mo,Mo,Mo,4,2,6,2,5,2,1,1
2065,9GMP,GMP,GMP,6,1,2,3,2,3,3,2
2066,3Ery,Ery,Ery,1,8,5,1,7,1,6,0
2067,14Mo,Mo,Mo,3,3,1,2,6,2,7,1
2068,3Ery,Ery,Ery,2,1,5,1,7,1,6,0
2069,10GMP,GMP,GMP,8,6,6,3,2,3,4,2
2070,16Neu,Neu,Neu,4,2,4,2,5,2,1,1
2071,16Neu,Neu,Neu,4,9,4,2,5,2,1,1
2072,13Baso,Baso,Baso,7,3,1,2,6,2,7,1
2073,1Ery,Ery,Ery,1,8,5,1,7,1,6,0
2074,6Ery,Ery,Ery,2,1,2,3,1,1,3,0
2075,2Ery,Ery,Ery,2,8,3,1,1,1,5,0
2076,14Mo,Mo,Mo,8,4,6,3,2,3,4,2
2077,2Ery,Ery,Ery,1,10,3,1,1,1,5,0
2078,14Mo,Mo,Mo,5,3,4,2,5,2,1,1
2079,5Ery,Ery,Ery,2,5,2,1,1,1,5,0
2080,2Ery,Ery,Ery,1,10,3,1,1,1,5,0
2081,9GMP,GMP,GMP,8,3,6,2,6,3,7,1
2082,13Baso,Baso,Baso,3,11,1,2,6,2,7,1
2083,2Ery,Ery,Ery,2,8,3,1,1,1,5,0
2084,3Ery,Ery,Ery,2,8,3,1,1,1,5,0
2085,16Neu,Neu,Neu,4,9,4,2,5,2,1,1
2086,13Baso,Baso,Baso,8,3,1,2,6,2,7,1
2087,14Mo,Mo,Mo,3,2,1,2,6,2,7,1
2088,4Ery,Ery,Ery,2,5,5,1,1,1,6,0
2089,3Ery,Ery,Ery,1,5,5,1,7,1,6,0
2090,6Ery,Ery,Ery,2,1,2,1,7,1,5,0
2091,7MEP,MEP,MEP,6,7,2,3,2,3,3,2
2092,10GMP,GMP,GMP,8,6,6,3,2,3,4,2
2093,4Ery,Ery,Ery,2,10,3,1,1,1,5,0
2094,2Ery,Ery,Ery,1,5,3,1,1,1,5,0
2095,16Neu,Neu,Neu,4,9,4,2,5,2,1,1
2096,12Baso,Baso,Baso,6,4,6,3,2,3,4,2
2097,19Lymph,Lymph,Lymph,6,3,8,3,8,3,2,2
2098,7MEP,MEP,MEP,6,1,2,3,2,3,3,2
2099,13Baso,Baso,Baso,3,11,1,2,6,2,7,1
2100,4Ery,Ery,Ery,1,10,5,1,1,1,5,0
2101,7MEP,MEP,MEP,6,1,2,3,2,3,3,2
2102,4Ery,Ery,Ery,1,8,5,1,7,1,6,0
2103,12Baso,Baso,Baso,6,11,6,3,2,3,4,2
2104,5Ery,Ery,Ery,2,1,2,1,1,1,5,0
2105,2Ery,Ery,Ery,2,5,3,1,1,1,5,0
2106,2Ery,Ery,Ery,1,8,3,1,1,1,5,0
2107,9GMP,GMP,GMP,8,4,6,3,2,3,4,2
2108,1Ery,Ery,Ery,1,8,3,1,1,1,5,0
2109,11DC,DC,DC,6,7,9,3,3,3,2,2
2110,3Ery,Ery,Ery,1,8,5,1,7,1,6,0
2111,14Mo,Mo,Mo,3,3,1,2,5,2,1,1
2112,16Neu,Neu,Neu,4,2,4,2,5,2,1,1
2113,2Ery,Ery,Ery,1,8,5,1,1,1,6,0
2114,5Ery,Ery,Ery,2,5,5,1,7,1,6,0
2115,14Mo,Mo,Mo,3,9,1,2,6,2,7,1
2116,15Mo,Mo,Mo,3,9,1,2,6,2,7,1
2117,9GMP,GMP,GMP,8,7,6,2,6,3,7,1
2118,9GMP,GMP,GMP,8,1,6,3,2,3,4,2
2119,14Mo,Mo,Mo,3,3,1,2,6,2,7,1
2120,2Ery,Ery,Ery,1,8,3,1,1,1,5,0
2121,4Ery,Ery,Ery,1,5,5,1,7,1,6,0
2122,5Ery,Ery,Ery,1,5,3,1,1,1,5,0
2123,4Ery,Ery,Ery,1,10,5,1,1,1,5,0
2124,3Ery,Ery,Ery,1,8,5,1,7,1,6,0
2125,16Neu,Neu,Neu,4,9,4,2,5,2,1,1
2126,2Ery,Ery,Ery,1,3,3,1,1,1,5,0
2127,16Neu,Neu,Neu,4,2,4,2,5,2,1,1
2128,2Ery,Ery,Ery,1,3,5,1,1,1,6,0
2129,13Baso,Baso,Baso,8,1,1,2,6,2,7,1
2130,2Ery,Ery,Ery,1,8,3,1,1,1,5,0
2131,6Ery,Ery,Ery,2,1,2,3,1,1,3,0
2132,6Ery,Ery,Ery,2,3,2,1,1,1,5,0
2133,14Mo,Mo,Mo,3,9,1,2,6,2,7,1
2134,2Ery,Ery,Ery,1,3,3,1,1,1,5,0
2135,2Ery,Ery,Ery,1,7,3,1,1,1,5,0
2136,8Mk,Mk,Mk,6,6,7,3,2,3,4,2
2137,8Mk,Mk,Mk,6,6,7,3,2,3,4,2
2138,14Mo,Mo,Mo,3,9,1,2,5,2,1,1
2139,14Mo,Mo,Mo,3,3,1,2,6,2,7,1
2140,1Ery,Ery,Ery,1,8,3,1,1,1,5,0
2141,4Ery,Ery,Ery,1,5,5,1,7,1,6,0
2142,7MEP,MEP,MEP,6,11,2,3,2,3,3,2
2143,16Neu,Neu,Neu,4,2,4,2,5,2,1,1
2144,16Neu,Neu,Neu,4,9,4,2,5,2,1,1
2145,14Mo,Mo,Mo,7,9,6,2,5,2,1,1
2146,3Ery,Ery,Ery,2,1,3,1,1,1,5,0
2147,2Ery,Ery,Ery,1,8,3,1,1,1,5,0
2148,16Neu,Neu,Neu,3,9,1,2,6,2,7,1
2149,17Neu,Neu,Neu,6,1,6,3,2,3,4,2
2150,6Ery,Ery,Ery,2,1,2,1,1,1,5,0
2151,2Ery,Ery,Ery,1,1,3,1,1,1,5,0
2152,14Mo,Mo,Mo,7,3,6,2,6,2,7,1
2153,16Neu,Neu,Neu,5,9,4,2,5,2,1,1
2154,7MEP,MEP,MEP,6,1,2,3,2,3,3,2
2155,2Ery,Ery,Ery,1,5,3,1,7,1,5,0
2156,3Ery,Ery,Ery,1,3,5,1,7,1,6,0
2157,2Ery,Ery,Ery,2,1,3,1,1,1,5,0
2158,6Ery,Ery,Ery,6,1,2,3,2,3,3,2
2159,6Ery,Ery,Ery,2,6,2,3,2,3,3,2
2160,6Ery,Ery,Ery,6,6,2,3,2,3,3,2
2161,10GMP,GMP,GMP,8,1,6,3,2,3,4,2
2162,12Baso,Baso,Baso,6,6,2,3,2,3,3,2
2163,12Baso,Baso,Baso,6,1,6,3,2,3,4,2
2164,4Ery,Ery,Ery,2,5,5,1,7,1,6,0
2165,2Ery,Ery,Ery,1,8,3,1,1,1,5,0
2166,4Ery,Ery,Ery,2,1,2,3,2,3,3,2
2167,2Ery,Ery,Ery,1,3,3,1,1,1,5,0
2168,14Mo,Mo,Mo,3,3,1,2,6,2,7,1
2169,3Ery,Ery,Ery,2,8,3,1,1,1,5,0
2170,6Ery,Ery,Ery,2,6,2,1,1,1,3,0
2171,3Ery,Ery,Ery,1,3,5,1,7,1,6,0
2172,10GMP,GMP,GMP,6,7,6,3,2,3,4,2
2173,2Ery,Ery,Ery,2,8,3,1,1,1,5,0
2174,14Mo,Mo,Mo,7,11,1,2,6,2,7,1
2175,16Neu,Neu,Neu,4,2,4,2,5,2,1,1
2176,18Eos,Eos,Eos,4,11,6,3,5,2,4,1
2177,13Baso,Baso,Baso,3,3,1,2,6,2,7,1
2178,6Ery,Ery,Ery,2,5,2,1,1,1,5,0
2179,14Mo,Mo,Mo,3,11,1,2,6,2,7,1
2180,13Baso,Baso,Baso,8,4,1,2,6,2,7,1
2181,2Ery,Ery,Ery,2,8,3,1,1,1,5,0
2182,2Ery,Ery,Ery,1,8,3,1,1,1,5,0
2183,5Ery,Ery,Ery,2,5,2,3,1,1,3,0
2184,10GMP,GMP,GMP,8,1,6,2,6,3,7,1
2185,5Ery,Ery,Ery,1,10,3,1,1,1,5,0
2186,14Mo,Mo,Mo,3,2,1,2,5,2,1,1
2187,13Baso,Baso,Baso,8,7,6,3,2,3,4,2
2188,14Mo,Mo,Mo,7,11,1,2,6,2,7,1
2189,16Neu,Neu,Neu,4,9,4,2,5,2,1,1
2190,2Ery,Ery,Ery,1,1,3,1,1,1,5,0
2191,10GMP,GMP,GMP,6,4,7,3,2,3,4,2
2192,4Ery,Ery,Ery,1,10,5,1,1,1,5,0
2193,16Neu,Neu,Neu,4,9,4,2,5,2,1,1
2194,6Ery,Ery,Ery,6,3,2,3,2,3,3,2
2195,15Mo,Mo,Mo,4,9,1,2,5,2,1,1
2196,14Mo,Mo,Mo,8,4,6,2,6,3,7,1
2197,12Baso,Baso,Baso,6,6,6,3,2,3,4,2
2198,7MEP,MEP,MEP,6,3,2,3,2,3,3,2
2199,10GMP,GMP,GMP,8,4,6,2,2,3,4,2
2200,15Mo,Mo,Mo,3,11,1,2,6,2,7,1
2201,3Ery,Ery,Ery,1,3,5,1,7,1,6,0
2202,15Mo,Mo,Mo,4,3,4,2,5,2,1,1
2203,3Ery,Ery,Ery,1,3,5,1,7,1,6,0
2204,9GMP,GMP,GMP,8,4,6,3,6,3,4,1
2205,2Ery,Ery,Ery,1,8,3,1,1,1,5,0
2206,7MEP,MEP,MEP,6,1,2,3,2,3,3,2
2207,3Ery,Ery,Ery,1,3,3,1,7,1,5,0
2208,13Baso,Baso,Baso,3,4,1,2,6,2,7,1
2209,16Neu,Neu,Neu,4,2,4,2,5,2,1,1
2210,13Baso,Baso,Baso,3,11,1,2,6,2,7,1
2211,2Ery,Ery,Ery,1,10,5,1,7,1,6,0
2212,15Mo,Mo,Mo,4,9,4,2,5,2,1,1
2213,7MEP,MEP,MEP,6,7,2,3,2,3,3,2
2214,6Ery,Ery,Ery,2,5,2,3,1,1,3,0
2215,5Ery,Ery,Ery,2,5,5,1,1,1,6,0
2216,13Baso,Baso,Baso,3,4,1,2,6,2,7,1
2217,10GMP,GMP,GMP,8,3,6,3,6,3,4,1
2218,9GMP,GMP,GMP,8,7,6,3,2,3,4,2
2219,13Baso,Baso,Baso,8,7,1,2,6,2,7,1
2220,13Baso,Baso,Baso,3,3,1,2,6,2,7,1
2221,12Baso,Baso,Baso,8,6,2,3,2,3,3,2
2222,5Ery,Ery,Ery,2,3,3,1,1,1,5,0
2223,13Baso,Baso,Baso,7,7,6,2,2,3,4,2
2224,15Mo,Mo,Mo,4,2,4,2,5,2,1,1
2225,14Mo,Mo,Mo,3,9,1,2,6,2,7,1
2226,10GMP,GMP,GMP,8,4,6,3,6,3,4,1
2227,15Mo,Mo,Mo,3,9,1,2,6,2,7,1
2228,4Ery,Ery,Ery,2,5,3,1,1,1,5,0
2229,5Ery,Ery,Ery,2,10,2,1,1,1,5,0
2230,8Mk,Mk,Mk,6,1,7,3,2,3,4,2
2231,13Baso,Baso,Baso,3,4,1,2,6,2,7,1
2232,7MEP,MEP,MEP,6,6,2,3,2,3,3,2
2233,14Mo,Mo,Mo,3,9,1,2,5,2,1,1
2234,14Mo,Mo,Mo,3,4,1,2,6,2,7,1
2235,2Ery,Ery,Ery,1,1,3,1,1,1,5,0
2236,6Ery,Ery,Ery,6,1,2,3,2,3,3,2
2237,2Ery,Ery,Ery,1,8,3,1,1,1,5,0
2238,13Baso,Baso,Baso,3,4,1,2,6,2,7,1
2239,7MEP,MEP,MEP,6,4,7,3,2,3,4,2
2240,16Neu,Neu,Neu,4,2,4,2,5,2,1,1
2241,14Mo,Mo,Mo,3,11,1,2,6,2,7,1
2242,3Ery,Ery,Ery,2,3,2,1,1,1,5,0
2243,16Neu,Neu,Neu,4,9,4,2,5,2,1,1
2244,19Lymph,Lymph,Lymph,6,1,8,3,8,3,2,2
2245,10GMP,GMP,GMP,8,7,6,3,2,3,4,2
2246,12Baso,Baso,Baso,6,6,6,3,2,3,4,2
2247,10GMP,GMP,GMP,8,6,6,3,2,3,4,2
2248,13Baso,Baso,Baso,7,1,1,2,6,2,7,1
2249,1Ery,Ery,Ery,1,8,3,1,1,1,5,0
2250,16Neu,Neu,Neu,4,2,4,2,5,2,1,1
2251,6Ery,Ery,Ery,6,1,2,3,2,3,3,2
2252,14Mo,Mo,Mo,3,4,1,2,6,2,7,1
2253,2Ery,Ery,Ery,1,1,3,1,1,1,5,0
2254,14Mo,Mo,Mo,7,4,1,2,6,2,7,1
2255,10GMP,GMP,GMP,8,6,6,3,2,3,4,2
2256,14Mo,Mo,Mo,7,11,6,3,6,2,4,1
2257,16Neu,Neu,Neu,4,9,4,2,5,2,1,1
2258,9GMP,GMP,GMP,6,1,2,3,2,3,3,2
2259,3Ery,Ery,Ery,2,3,2,1,1,1,5,0
2260,3Ery,Ery,Ery,1,3,5,1,7,1,6,0
2261,14Mo,Mo,Mo,4,9,4,2,5,2,1,1
2262,2Ery,Ery,Ery,1,3,3,1,1,1,5,0
2263,12Baso,Baso,Baso,6,1,6,3,2,3,4,2
2264,9GMP,GMP,GMP,8,7,6,3,2,3,4,2
2265,1Ery,Ery,Ery,1,1,5,1,1,1,6,0
2266,3Ery,Ery,Ery,1,3,5,1,7,1,6,0
2267,5Ery,Ery,Ery,2,5,3,1,1,1,5,0
2268,2Ery,Ery,Ery,2,10,3,1,1,1,5,0
2269,8Mk,Mk,Mk,6,7,7,3,2,3,4,2
2270,2Ery,Ery,Ery,1,3,5,1,1,1,6,0
2271,16Neu,Neu,Neu,4,9,4,2,5,2,1,1
2272,5Ery,Ery,Ery,2,5,3,1,1,1,5,0
2273,10GMP,GMP,GMP,8,1,6,3,2,3,4,2
2274,13Baso,Baso,Baso,3,3,1,2,6,2,7,1
2275,16Neu,Neu,Neu,4,9,4,2,5,2,1,1
2276,14Mo,Mo,Mo,3,9,1,2,6,2,7,1
2277,2Ery,Ery,Ery,1,3,3,1,1,1,5,0
2278,5Ery,Ery,Ery,2,5,3,1,1,1,5,0
2279,15Mo,Mo,Mo,3,2,1,2,6,2,7,1
2280,7MEP,MEP,MEP,6,1,2,3,2,3,3,2
2281,15Mo,Mo,Mo,4,2,4,2,5,2,1,1
2282,5Ery,Ery,Ery,2,1,3,1,1,1,5,0
2283,6Ery,Ery,Ery,2,5,2,1,1,1,5,0
2284,5Ery,Ery,Ery,2,3,2,1,1,1,5,0
2285,2Ery,Ery,Ery,1,8,5,1,1,1,6,0
2286,3Ery,Ery,Ery,1,3,5,1,7,1,6,0
2287,15Mo,Mo,Mo,4,9,4,2,5,2,1,1
2288,7MEP,MEP,MEP,6,1,2,3,2,3,3,2
2289,3Ery,Ery,Ery,2,3,5,1,7,1,6,0
2290,15Mo,Mo,Mo,3,4,1,2,6,2,7,1
2291,16Neu,Neu,Neu,4,9,4,2,5,2,1,1
2292,6Ery,Ery,Ery,2,1,2,1,1,1,5,0
2293,7MEP,MEP,MEP,6,11,2,3,2,3,3,2
2294,6Ery,Ery,Ery,2,1,2,1,1,1,5,0
2295,6Ery,Ery,Ery,6,5,2,3,2,3,3,2
2296,10GMP,GMP,GMP,8,6,6,3,2,3,4,2
2297,4Ery,Ery,Ery,2,5,5,1,7,1,6,0
2298,13Baso,Baso,Baso,3,4,1,2,6,2,7,1
2299,14Mo,Mo,Mo,4,11,4,2,5,2,1,1
2300,13Baso,Baso,Baso,7,3,1,2,6,2,7,1
2301,3Ery,Ery,Ery,1,8,5,1,7,1,6,0
2302,6Ery,Ery,Ery,2,5,2,3,1,1,3,0
2303,8Mk,Mk,Mk,6,6,7,3,2,3,4,2
2304,14Mo,Mo,Mo,7,11,1,2,6,2,7,1
2305,2Ery,Ery,Ery,1,5,3,1,1,1,5,0
2306,9GMP,GMP,GMP,8,3,6,3,2,3,4,2
2307,6Ery,Ery,Ery,2,1,2,1,1,1,5,0
2308,15Mo,Mo,Mo,4,9,4,2,5,2,1,1
2309,13Baso,Baso,Baso,8,3,1,2,6,2,7,1
2310,3Ery,Ery,Ery,2,1,2,1,1,1,5,0
2311,16Neu,Neu,Neu,4,9,4,2,5,2,1,1
2312,2Ery,Ery,Ery,1,8,5,1,1,1,6,0
2313,9GMP,GMP,GMP,8,7,6,3,2,3,4,2
2314,14Mo,Mo,Mo,4,3,4,2,5,2,1,1
2315,3Ery,Ery,Ery,2,8,5,1,7,1,6,0
2316,14Mo,Mo,Mo,3,9,1,2,6,2,7,1
2317,14Mo,Mo,Mo,3,3,1,2,6,2,7,1
2318,16Neu,Neu,Neu,3,9,1,2,5,2,1,1
2319,14Mo,Mo,Mo,3,2,1,2,6,2,7,1
2320,9GMP,GMP,GMP,6,7,6,3,2,3,4,2
2321,3Ery,Ery,Ery,2,3,5,1,1,1,6,0
2322,13Baso,Baso,Baso,3,3,1,2,6,2,7,1
2323,10GMP,GMP,GMP,6,6,2,3,2,3,3,2
2324,14Mo,Mo,Mo,5,11,6,2,6,2,7,1
2325,3Ery,Ery,Ery,2,1,2,3,2,3,3,2
2326,6Ery,Ery,Ery,2,7,2,3,2,3,3,2
2327,14Mo,Mo,Mo,3,4,1,2,6,2,7,1
2328,4Ery,Ery,Ery,2,1,3,1,1,1,5,0
2329,3Ery,Ery,Ery,1,3,5,1,7,1,6,0
2330,2Ery,Ery,Ery,1,8,3,1,1,1,5,0
2331,2Ery,Ery,Ery,2,1,3,1,1,1,5,0
2332,14Mo,Mo,Mo,7,4,6,2,6,2,7,1
2333,2Ery,Ery,Ery,1,3,3,1,1,1,5,0
2334,8Mk,Mk,Mk,6,4,2,3,2,3,3,2
2335,10GMP,GMP,GMP,8,7,6,3,6,3,4,1
2336,10GMP,GMP,GMP,8,4,6,3,2,3,4,2
2337,14Mo,Mo,Mo,5,3,6,2,6,2,7,1
2338,10GMP,GMP,GMP,8,6,6,3,2,3,4,2
2339,16Neu,Neu,Neu,4,9,4,2,6,2,7,1
2340,10GMP,GMP,GMP,8,6,1,2,6,2,7,1
2341,10GMP,GMP,GMP,7,3,1,2,6,2,7,1
2342,13Baso,Baso,Baso,3,3,1,2,6,2,7,1
2343,16Neu,Neu,Neu,4,9,4,2,5,2,1,1
2344,2Ery,Ery,Ery,2,3,3,1,1,1,5,0
2345,16Neu,Neu,Neu,4,9,4,2,6,2,7,1
2346,2Ery,Ery,Ery,1,3,3,1,1,1,5,0
2347,14Mo,Mo,Mo,3,11,1,2,6,2,7,1
2348,11DC,DC,DC,6,7,9,3,3,3,2,2
2349,14Mo,Mo,Mo,3,2,1,2,6,2,7,1
2350,11DC,DC,DC,6,7,9,3,3,3,2,2
2351,14Mo,Mo,Mo,3,3,6,2,2,3,4,2
2352,13Baso,Baso,Baso,3,3,1,2,6,2,7,1
2353,2Ery,Ery,Ery,1,5,5,1,1,1,6,0
2354,2Ery,Ery,Ery,1,8,5,1,7,1,6,0
2355,16Neu,Neu,Neu,4,9,4,2,5,2,1,1
2356,2Ery,Ery,Ery,2,5,3,1,1,1,5,0
2357,2Ery,Ery,Ery,1,1,3,1,1,1,5,0
2358,14Mo,Mo,Mo,3,11,1,2,6,2,7,1
2359,5Ery,Ery,Ery,2,5,3,1,1,1,5,0
2360,2Ery,Ery,Ery,2,1,3,1,1,1,5,0
2361,7MEP,MEP,MEP,6,3,2,3,2,3,3,2
2362,9GMP,GMP,GMP,6,1,6,3,2,3,4,2
2363,2Ery,Ery,Ery,1,5,3,1,1,1,5,0
2364,10GMP,GMP,GMP,8,1,6,3,2,3,4,2
2365,7MEP,MEP,MEP,6,7,2,3,2,3,3,2
2366,6Ery,Ery,Ery,6,1,2,3,2,3,3,2
2367,15Mo,Mo,Mo,3,9,1,2,6,2,7,1
2368,5Ery,Ery,Ery,2,5,5,1,7,1,6,0
2369,5Ery,Ery,Ery,2,5,5,1,7,1,6,0
2370,15Mo,Mo,Mo,4,3,4,2,5,2,1,1
2371,14Mo,Mo,Mo,7,4,1,3,6,2,7,1
2372,8Mk,Mk,Mk,6,4,7,3,2,3,4,2
2373,14Mo,Mo,Mo,3,11,1,2,6,2,7,1
2374,15Mo,Mo,Mo,4,9,4,2,5,2,1,1
2375,4Ery,Ery,Ery,2,5,2,3,1,1,3,0
2376,14Mo,Mo,Mo,3,11,1,2,6,2,7,1
2377,13Baso,Baso,Baso,8,6,6,3,2,3,4,2
2378,6Ery,Ery,Ery,6,6,2,3,2,3,3,2
2379,4Ery,Ery,Ery,1,5,5,1,7,1,6,0
2380,13Baso,Baso,Baso,3,11,1,2,6,2,7,1
2381,4Ery,Ery,Ery,1,10,3,1,7,1,5,0
2382,9GMP,GMP,GMP,8,6,6,3,2,3,4,2
2383,3Ery,Ery,Ery,1,8,5,1,1,1,6,0
2384,8Mk,Mk,Mk,6,7,7,3,2,3,4,2
2385,8Mk,Mk,Mk,6,7,7,3,2,3,4,2
2386,15Mo,Mo,Mo,4,9,4,2,5,2,1,1
2387,2Ery,Ery,Ery,1,8,3,1,1,1,5,0
2388,12Baso,Baso,Baso,6,6,6,3,2,3,4,2
2389,3Ery,Ery,Ery,2,3,5,1,1,1,6,0
2390,15Mo,Mo,Mo,4,9,4,2,5,2,1,1
2391,15Mo,Mo,Mo,4,11,4,2,5,2,1,1
2392,9GMP,GMP,GMP,8,4,6,3,2,3,4,2
2393,3Ery,Ery,Ery,1,3,5,1,7,1,6,0
2394,10GMP,GMP,GMP,8,6,6,3,6,3,4,1
2395,15Mo,Mo,Mo,4,2,4,2,5,2,1,1
2396,16Neu,Neu,Neu,4,9,4,2,5,2,1,1
2397,4Ery,Ery,Ery,2,5,5,1,7,1,6,0
2398,3Ery,Ery,Ery,2,1,5,1,7,1,6,0
2399,14Mo,Mo,Mo,3,11,1,2,6,2,7,1
2400,3Ery,Ery,Ery,2,5,5,1,7,1,6,0
2401,16Neu,Neu,Neu,4,9,4,2,5,2,1,1
2402,6Ery,Ery,Ery,2,1,2,3,1,1,3,0
2403,5Ery,Ery,Ery,2,5,2,1,1,1,5,0
2404,13Baso,Baso,Baso,8,11,6,2,6,2,7,1
2405,13Baso,Baso,Baso,7,11,6,2,6,2,7,1
2406,11DC,DC,DC,6,6,9,3,3,3,2,2
2407,13Baso,Baso,Baso,3,3,1,2,6,2,7,1
2408,8Mk,Mk,Mk,6,7,7,3,2,3,4,2
2409,2Ery,Ery,Ery,1,5,3,1,1,1,5,0
2410,13Baso,Baso,Baso,3,11,1,2,6,2,7,1
2411,13Baso,Baso,Baso,7,11,4,2,6,2,7,1
2412,8Mk,Mk,Mk,6,7,7,3,2,3,4,2
2413,8Mk,Mk,Mk,6,6,7,3,2,3,4,2
2414,15Mo,Mo,Mo,4,2,4,2,5,2,1,1
2415,14Mo,Mo,Mo,3,4,1,2,6,2,7,1
2416,14Mo,Mo,Mo,4,2,6,2,5,2,1,1
2417,19Lymph,Lymph,Lymph,6,7,8,3,8,3,2,2
2418,6Ery,Ery,Ery,6,1,2,3,2,3,3,2
2419,5Ery,Ery,Ery,2,1,3,1,1,1,5,0
2420,15Mo,Mo,Mo,4,11,4,2,5,2,1,1
2421,7MEP,MEP,MEP,6,1,2,1,1,1,5,0
2422,15Mo,Mo,Mo,4,9,4,2,5,2,1,1
2423,15Mo,Mo,Mo,4,4,4,2,5,2,1,1
2424,6Ery,Ery,Ery,2,5,2,1,1,1,5,0
2425,12Baso,Baso,Baso,8,6,6,3,2,3,4,2
2426,2Ery,Ery,Ery,1,10,3,1,1,1,5,0
2427,13Baso,Baso,Baso,3,4,1,2,6,2,7,1
2428,3Ery,Ery,Ery,6,1,2,3,2,3,3,2
2429,4Ery,Ery,Ery,1,5,5,1,7,1,6,0
2430,14Mo,Mo,Mo,4,9,4,3,5,2,1,1
2431,10GMP,GMP,GMP,8,4,6,3,6,3,4,1
2432,16Neu,Neu,Neu,4,9,4,2,5,2,1,1
2433,15Mo,Mo,Mo,4,9,4,2,5,2,1,1
2434,6Ery,Ery,Ery,6,1,2,3,2,3,3,2
2435,13Baso,Baso,Baso,7,11,1,2,6,2,7,1
2436,19Lymph,Lymph,Lymph,6,7,8,3,8,3,2,2
2437,15Mo,Mo,Mo,4,2,4,2,5,2,1,1
2438,6Ery,Ery,Ery,2,1,2,3,2,3,3,2
2439,2Ery,Ery,Ery,1,8,3,1,1,1,5,0
2440,15Mo,Mo,Mo,4,3,4,2,5,2,1,1
2441,3Ery,Ery,Ery,1,1,5,1,7,1,6,0
2442,13Baso,Baso,Baso,8,11,6,3,2,3,4,2
2443,6Ery,Ery,Ery,6,1,2,3,2,3,3,2
2444,13Baso,Baso,Baso,7,11,1,2,6,2,7,1
2445,9GMP,GMP,GMP,8,6,6,3,2,3,4,2
2446,10GMP,GMP,GMP,8,6,6,3,2,3,4,2
2447,10GMP,GMP,GMP,8,1,6,3,6,3,4,1
2448,14Mo,Mo,Mo,3,3,4,2,5,2,1,1
2449,2Ery,Ery,Ery,1,8,3,1,1,1,5,0
2450,6Ery,Ery,Ery,6,3,2,3,2,3,3,2
2451,10GMP,GMP,GMP,8,6,1,2,6,2,7,1
2452,7MEP,MEP,MEP,6,1,2,3,2,3,3,2
2453,6Ery,Ery,Ery,6,1,2,3,2,3,3,2
2454,14Mo,Mo,Mo,3,11,1,2,6,2,7,1
2455,2Ery,Ery,Ery,1,3,3,1,1,1,5,0
2456,2Ery,Ery,Ery,1,8,3,1,1,1,5,0
2457,7MEP,MEP,MEP,6,7,2,3,2,3,3,2
2458,5Ery,Ery,Ery,2,10,3,1,1,1,5,0
2459,13Baso,Baso,Baso,3,1,1,2,6,2,7,1
2460,13Baso,Baso,Baso,3,4,1,2,6,2,7,1
2461,14Mo,Mo,Mo,3,11,1,2,6,2,7,1
2462,3Ery,Ery,Ery,1,8,3,1,1,1,5,0
2463,13Baso,Baso,Baso,3,3,1,2,6,2,7,1
2464,4Ery,Ery,Ery,2,5,5,1,1,1,6,0
2465,3Ery,Ery,Ery,1,8,5,1,1,1,6,0
2466,2Ery,Ery,Ery,1,10,3,1,1,1,5,0
2467,15Mo,Mo,Mo,4,11,4,2,5,2,1,1
2468,7MEP,MEP,MEP,6,6,2,3,2,3,3,2
2469,1Ery,Ery,Ery,1,8,3,1,1,1,5,0
2470,15Mo,Mo,Mo,4,9,4,2,5,2,1,1
2471,2Ery,Ery,Ery,1,8,3,1,1,1,5,0
2472,13Baso,Baso,Baso,7,11,1,2,6,2,7,1
2473,8Mk,Mk,Mk,6,7,7,3,2,3,4,2
2474,9GMP,GMP,GMP,8,3,6,2,6,3,7,1
2475,19Lymph,Lymph,Lymph,6,1,8,3,2,3,3,2
2476,11DC,DC,DC,6,11,9,3,3,3,2,2
2477,8Mk,Mk,Mk,6,7,7,3,2,3,4,2
2478,17Neu,Neu,Neu,6,11,6,3,2,3,4,2
2479,13Baso,Baso,Baso,7,11,1,2,6,2,7,1
2480,13Baso,Baso,Baso,8,3,6,2,6,3,7,1
2481,13Baso,Baso,Baso,5,7,6,3,6,3,4,1
2482,3Ery,Ery,Ery,2,8,5,1,7,1,6,0
2483,12Baso,Baso,Baso,2,4,2,3,2,3,3,2
2484,16Neu,Neu,Neu,4,2,4,2,5,2,1,1
2485,10GMP,GMP,GMP,8,7,6,3,6,3,4,1
2486,15Mo,Mo,Mo,4,2,4,2,5,2,1,1
2487,7MEP,MEP,MEP,6,1,2,3,2,3,3,2
2488,13Baso,Baso,Baso,5,3,4,2,6,2,7,1
2489,13Baso,Baso,Baso,3,4,1,2,6,2,7,1
2490,14Mo,Mo,Mo,4,4,4,2,5,2,1,1
2491,16Neu,Neu,Neu,4,9,4,2,5,2,1,1
2492,3Ery,Ery,Ery,2,1,5,1,7,1,6,0
2493,7MEP,MEP,MEP,6,1,2,3,2,3,3,2
2494,13Baso,Baso,Baso,3,11,1,2,6,2,7,1
2495,13Baso,Baso,Baso,3,11,1,2,6,2,7,1
2496,3Ery,Ery,Ery,2,8,5,1,7,1,6,0
2497,1Ery,Ery,Ery,1,8,5,1,7,1,6,0
2498,14Mo,Mo,Mo,3,3,1,2,6,2,7,1
2499,15Mo,Mo,Mo,4,9,4,2,5,2,1,1
2500,10GMP,GMP,GMP,8,1,6,3,6,3,4,1
2501,15Mo,Mo,Mo,5,2,1,2,5,2,1,1
2502,4Ery,Ery,Ery,1,5,5,1,7,1,6,0
2503,9GMP,GMP,GMP,8,6,6,3,2,3,4,2
2504,14Mo,Mo,Mo,4,11,4,2,6,2,7,1
2505,9GMP,GMP,GMP,8,1,6,2,6,3,7,1
2506,13Baso,Baso,Baso,8,3,6,3,6,3,4,1
2507,10GMP,GMP,GMP,8,6,6,3,2,3,4,2
2508,9GMP,GMP,GMP,8,7,6,3,2,3,4,2
2509,5Ery,Ery,Ery,2,5,2,1,1,1,5,0
2510,2Ery,Ery,Ery,1,8,3,1,1,1,5,0
2511,7MEP,MEP,MEP,6,1,2,3,2,3,3,2
2512,13Baso,Baso,Baso,3,3,1,2,6,2,7,1
2513,6Ery,Ery,Ery,2,1,2,3,1,1,3,0
2514,7MEP,MEP,MEP,6,1,2,3,2,3,3,2
2515,10GMP,GMP,GMP,8,7,6,3,2,3,4,2
2516,7MEP,MEP,MEP,6,1,2,3,2,3,3,2
2517,10GMP,GMP,GMP,8,7,6,2,6,3,7,1
2518,3Ery,Ery,Ery,2,8,3,1,1,1,5,0
2519,5Ery,Ery,Ery,2,5,5,1,7,1,6,0
2520,10GMP,GMP,GMP,6,6,6,3,2,3,4,2
2521,6Ery,Ery,Ery,6,1,2,3,2,3,3,2
2522,19Lymph,Lymph,Lymph,6,1,8,3,8,3,2,2
2523,8Mk,Mk,Mk,6,7,7,3,2,3,4,2
2524,4Ery,Ery,Ery,2,10,3,1,1,1,5,0
2525,14Mo,Mo,Mo,3,9,1,2,6,2,7,1
2526,16Neu,Neu,Neu,4,9,4,2,5,2,1,1
2527,14Mo,Mo,Mo,3,11,4,2,6,2,7,1
2528,10GMP,GMP,GMP,8,7,6,3,2,3,4,2
2529,10GMP,GMP,GMP,8,3,6,3,2,3,4,2
2530,13Baso,Baso,Baso,3,3,1,2,6,2,7,1
2531,7MEP,MEP,MEP,6,1,2,3,2,3,3,2
2532,15Mo,Mo,Mo,4,9,4,2,5,2,1,1
2533,10GMP,GMP,GMP,8,7,6,3,6,3,4,1
2534,15Mo,Mo,Mo,4,2,4,2,5,2,1,1
2535,15Mo,Mo,Mo,4,9,4,2,5,2,1,1
2536,14Mo,Mo,Mo,4,3,4,2,5,2,1,1
2537,5Ery,Ery,Ery,2,1,2,1,1,1,5,0
2538,13Baso,Baso,Baso,3,11,1,2,6,2,7,1
2539,9GMP,GMP,GMP,8,3,6,3,2,3,4,2
2540,7MEP,MEP,MEP,6,1,2,3,2,3,3,2
2541,14Mo,Mo,Mo,4,3,4,2,5,2,1,1
2542,6Ery,Ery,Ery,2,1,2,1,1,1,5,0
2543,2Ery,Ery,Ery,1,8,3,1,1,1,5,0
2544,8Mk,Mk,Mk,6,7,7,3,2,3,4,2
2545,7MEP,MEP,MEP,6,1,2,3,2,3,3,2
2546,5Ery,Ery,Ery,2,1,3,1,1,1,5,0
2547,7MEP,MEP,MEP,6,4,2,3,2,3,3,2
2548,13Baso,Baso,Baso,3,3,1,2,6,2,7,1
2549,7MEP,MEP,MEP,6,7,2,3,2,3,3,2
2550,5Ery,Ery,Ery,2,5,3,1,1,1,5,0
2551,8Mk,Mk,Mk,6,6,7,3,2,3,4,2
2552,2Ery,Ery,Ery,1,10,3,1,1,1,5,0
2553,2Ery,Ery,Ery,1,10,3,1,1,1,5,0
2554,4Ery,Ery,Ery,2,10,5,1,7,1,6,0
2555,14Mo,Mo,Mo,3,9,1,2,5,2,1,1
2556,15Mo,Mo,Mo,4,9,4,2,5,2,1,1
2557,13Baso,Baso,Baso,7,1,1,2,6,2,7,1
2558,3Ery,Ery,Ery,1,8,5,1,1,1,6,0
2559,2Ery,Ery,Ery,1,10,3,1,1,1,5,0
2560,5Ery,Ery,Ery,2,1,2,3,1,1,3,0
2561,13Baso,Baso,Baso,8,3,1,2,6,2,7,1
2562,3Ery,Ery,Ery,2,8,3,1,1,1,5,0
2563,6Ery,Ery,Ery,6,6,2,3,2,3,3,2
2564,8Mk,Mk,Mk,6,7,7,3,2,3,4,2
2565,6Ery,Ery,Ery,6,3,2,3,2,3,3,2
2566,15Mo,Mo,Mo,4,2,4,2,5,2,1,1
2567,2Ery,Ery,Ery,1,8,3,1,7,1,5,0
2568,5Ery,Ery,Ery,2,10,3,1,1,1,5,0
2569,6Ery,Ery,Ery,6,1,2,3,2,3,3,2
2570,9GMP,GMP,GMP,8,7,6,3,2,3,4,2
2571,8Mk,Mk,Mk,6,3,7,3,2,3,4,2
2572,15Mo,Mo,Mo,4,9,4,2,5,2,1,1
2573,13Baso,Baso,Baso,3,4,1,2,6,2,7,1
2574,10GMP,GMP,GMP,8,6,6,3,2,3,4,2
2575,15Mo,Mo,Mo,4,9,4,2,5,2,1,1
2576,15Mo,Mo,Mo,4,2,4,2,5,2,1,1
2577,2Ery,Ery,Ery,1,8,3,1,1,1,5,0
2578,13Baso,Baso,Baso,3,3,1,2,6,2,7,1
2579,14Mo,Mo,Mo,3,4,1,2,6,2,7,1
2580,9GMP,GMP,GMP,6,1,7,3,2,3,4,2
2581,2Ery,Ery,Ery,1,10,3,1,1,1,5,0
2582,3Ery,Ery,Ery,2,8,5,1,7,1,6,0
2583,17Neu,Neu,Neu,6,1,6,3,2,3,4,2
2584,16Neu,Neu,Neu,4,2,4,2,5,2,1,1
2585,13Baso,Baso,Baso,3,3,1,2,6,2,7,1
2586,6Ery,Ery,Ery,2,1,2,1,1,1,5,0
2587,13Baso,Baso,Baso,3,3,1,2,6,2,7,1
2588,10GMP,GMP,GMP,8,6,6,3,2,3,4,2
2589,13Baso,Baso,Baso,3,11,1,2,6,2,7,1
2590,13Baso,Baso,Baso,3,11,1,2,6,2,7,1
2591,2Ery,Ery,Ery,2,8,3,1,1,1,5,0
2592,6Ery,Ery,Ery,6,5,2,3,2,3,3,2
2593,15Mo,Mo,Mo,4,3,4,2,5,2,1,1
2594,14Mo,Mo,Mo,4,9,4,2,5,2,1,1
2595,14Mo,Mo,Mo,3,3,1,2,6,2,7,1
2596,13Baso,Baso,Baso,7,11,1,2,6,2,7,1
2597,14Mo,Mo,Mo,3,3,1,2,6,2,7,1
2598,6Ery,Ery,Ery,2,5,2,1,1,1,5,0
2599,13Baso,Baso,Baso,3,3,1,2,6,2,7,1
2600,17Neu,Neu,Neu,6,6,6,3,2,3,4,2
2601,2Ery,Ery,Ery,2,8,3,1,1,1,5,0
2602,6Ery,Ery,Ery,6,1,2,3,2,3,3,2
2603,7MEP,MEP,MEP,6,6,2,3,2,3,3,2
2604,10GMP,GMP,GMP,8,3,6,3,6,3,4,1
2605,10GMP,GMP,GMP,8,4,6,3,6,3,4,1
2606,6Ery,Ery,Ery,2,1,2,3,1,1,3,0
2607,15Mo,Mo,Mo,4,2,4,2,5,2,1,1
2608,15Mo,Mo,Mo,4,9,4,2,5,2,1,1
2609,6Ery,Ery,Ery,6,1,2,3,2,3,3,2
2610,4Ery,Ery,Ery,2,3,5,1,7,1,6,0
2611,8Mk,Mk,Mk,6,6,7,3,2,3,4,2
2612,6Ery,Ery,Ery,6,1,2,3,2,3,3,2
2613,13Baso,Baso,Baso,5,3,4,3,6,2,7,1
2614,13Baso,Baso,Baso,8,4,6,3,6,3,4,1
2615,5Ery,Ery,Ery,2,5,3,1,1,1,5,0
2616,10GMP,GMP,GMP,8,6,6,3,6,3,4,1
2617,10GMP,GMP,GMP,6,1,7,3,2,3,4,2
2618,10GMP,GMP,GMP,8,3,6,3,6,3,4,1
2619,2Ery,Ery,Ery,2,10,3,1,1,1,5,0
2620,11DC,DC,DC,6,6,9,3,3,3,2,2
2621,16Neu,Neu,Neu,4,2,4,2,5,2,1,1
2622,14Mo,Mo,Mo,4,11,4,2,5,2,1,1
2623,5Ery,Ery,Ery,2,5,2,1,1,1,5,0
2624,10GMP,GMP,GMP,8,6,6,3,6,3,4,1
2625,6Ery,Ery,Ery,2,3,2,1,1,1,5,0
2626,2Ery,Ery,Ery,1,8,3,1,7,1,5,0
2627,10GMP,GMP,GMP,8,11,1,2,6,2,7,1
2628,15Mo,Mo,Mo,4,2,4,2,5,2,1,1
2629,16Neu,Neu,Neu,4,9,4,2,5,2,1,1
2630,6Ery,Ery,Ery,6,5,2,3,2,3,3,2
2631,19Lymph,Lymph,Lymph,6,7,8,3,8,3,2,2
2632,10GMP,GMP,GMP,8,3,6,3,6,3,4,1
2633,15Mo,Mo,Mo,4,9,4,2,5,2,1,1
2634,13Baso,Baso,Baso,3,11,1,2,6,2,7,1
2635,5Ery,Ery,Ery,2,5,2,1,1,1,5,0
2636,7MEP,MEP,MEP,6,6,2,3,2,3,3,2
2637,4Ery,Ery,Ery,2,3,5,1,7,1,6,0
2638,7MEP,MEP,MEP,6,7,7,3,2,3,4,2
2639,3Ery,Ery,Ery,2,3,5,1,7,1,6,0
2640,19Lymph,Lymph,Lymph,6,3,8,3,8,3,2,2
2641,13Baso,Baso,Baso,4,4,4,2,5,2,1,1
2642,13Baso,Baso,Baso,3,11,1,2,6,2,7,1
2643,13Baso,Baso,Baso,7,3,6,2,6,2,7,1
2644,3Ery,Ery,Ery,1,8,3,1,7,1,5,0
2645,1Ery,Ery,Ery,1,8,3,1,1,1,5,0
2646,15Mo,Mo,Mo,4,9,4,2,5,2,1,1
2647,8Mk,Mk,Mk,6,7,2,3,2,3,3,2
2648,7MEP,MEP,MEP,6,7,2,3,2,3,3,2
2649,7MEP,MEP,MEP,6,4,2,3,2,3,3,2
2650,13Baso,Baso,Baso,8,11,6,3,2,3,4,2
2651,13Baso,Baso,Baso,8,11,1,2,6,2,7,1
2652,5Ery,Ery,Ery,2,5,3,1,1,1,5,0
2653,6Ery,Ery,Ery,6,5,2,3,2,3,3,2
2654,15Mo,Mo,Mo,4,2,4,2,5,2,1,1
2655,13Baso,Baso,Baso,3,3,1,2,6,2,7,1
2656,14Mo,Mo,Mo,3,11,1,2,5,2,1,1
2657,10GMP,GMP,GMP,6,7,2,3,2,3,3,2
2658,13Baso,Baso,Baso,3,6,1,2,6,2,7,1
2659,7MEP,MEP,MEP,6,1,2,3,2,3,3,2
2660,15Mo,Mo,Mo,4,2,4,2,5,2,1,1
2661,8Mk,Mk,Mk,6,3,7,3,2,3,4,2
2662,9GMP,GMP,GMP,8,3,6,3,6,3,4,1
2663,4Ery,Ery,Ery,2,1,2,1,1,1,5,0
2664,17Neu,Neu,Neu,6,6,6,3,2,3,4,2
2665,2Ery,Ery,Ery,1,10,3,1,1,1,5,0
2666,14Mo,Mo,Mo,3,3,1,2,6,2,7,1
2667,15Mo,Mo,Mo,4,9,4,2,5,2,1,1
2668,14Mo,Mo,Mo,4,4,4,2,6,2,7,1
2669,6Ery,Ery,Ery,2,3,2,1,1,1,5,0
2670,6Ery,Ery,Ery,2,6,2,3,2,3,3,2
2671,10GMP,GMP,GMP,8,7,6,3,6,3,4,1
2672,6Ery,Ery,Ery,6,1,2,3,2,3,3,2
2673,13Baso,Baso,Baso,7,11,1,2,6,2,7,1
2674,6Ery,Ery,Ery,6,1,2,3,2,3,3,2
2675,12Baso,Baso,Baso,8,4,6,3,2,3,4,2
2676,3Ery,Ery,Ery,1,8,5,1,7,1,6,0
2677,13Baso,Baso,Baso,3,4,1,2,6,2,7,1
2678,13Baso,Baso,Baso,3,11,1,2,6,2,7,1
2679,16Neu,Neu,Neu,4,2,4,2,5,2,1,1
2680,10GMP,GMP,GMP,8,6,1,2,6,2,7,1
2681,16Neu,Neu,Neu,4,9,4,2,5,2,1,1
2682,13Baso,Baso,Baso,3,4,1,2,6,2,7,1
2683,5Ery,Ery,Ery,2,10,2,1,1,1,5,0
2684,2Ery,Ery,Ery,1,8,3,1,1,1,5,0
2685,9GMP,GMP,GMP,8,1,6,3,2,3,4,2
2686,16Neu,Neu,Neu,4,9,4,2,5,2,1,1
2687,8Mk,Mk,Mk,6,1,2,3,2,3,3,2
2688,11DC,DC,DC,6,6,9,3,3,3,2,2
2689,13Baso,Baso,Baso,8,6,1,2,6,2,7,1
2690,10GMP,GMP,GMP,8,3,6,3,2,3,4,2
2691,5Ery,Ery,Ery,2,5,2,1,1,1,5,0
2692,15Mo,Mo,Mo,4,9,4,2,5,2,1,1
2693,13Baso,Baso,Baso,3,4,1,2,6,2,7,1
2694,9GMP,GMP,GMP,8,7,6,3,2,3,4,2
2695,14Mo,Mo,Mo,5,3,4,2,5,2,1,1
2696,13Baso,Baso,Baso,8,3,1,2,6,2,7,1
2697,14Mo,Mo,Mo,3,4,1,2,5,2,1,1
2698,15Mo,Mo,Mo,4,11,4,2,5,2,1,1
2699,15Mo,Mo,Mo,4,3,4,2,5,2,1,1
2700,10GMP,GMP,GMP,8,6,6,3,6,3,4,1
2701,15Mo,Mo,Mo,4,9,4,2,5,2,1,1
2702,16Neu,Neu,Neu,4,2,4,2,5,2,1,1
2703,6Ery,Ery,Ery,2,1,2,3,1,1,3,0
2704,2Ery,Ery,Ery,1,8,5,1,7,1,6,0
2705,13Baso,Baso,Baso,3,11,1,2,6,2,7,1
2706,5Ery,Ery,Ery,6,1,2,3,1,3,3,0
2707,7MEP,MEP,MEP,6,7,2,3,2,3,3,2
2708,19Lymph,Lymph,Lymph,6,11,8,3,8,3,2,2
2709,6Ery,Ery,Ery,2,6,2,3,2,3,3,2
2710,13Baso,Baso,Baso,3,4,1,2,6,2,7,1
2711,2Ery,Ery,Ery,1,10,3,1,1,1,5,0
2712,11DC,DC,DC,6,7,9,3,3,3,2,2
2713,7MEP,MEP,MEP,6,1,2,3,2,3,3,2
2714,13Baso,Baso,Baso,5,11,6,3,2,3,4,2
2715,2Ery,Ery,Ery,2,8,3,1,1,1,5,0
2716,14Mo,Mo,Mo,3,11,1,2,6,2,7,1
2717,13Baso,Baso,Baso,3,4,1,2,6,2,7,1
2718,8Mk,Mk,Mk,6,3,7,3,2,3,4,2
2719,13Baso,Baso,Baso,5,3,4,2,6,2,7,1
2720,7MEP,MEP,MEP,6,1,7,3,2,3,4,2
2721,10GMP,GMP,GMP,8,6,6,3,2,3,4,2
2722,10GMP,GMP,GMP,8,3,6,2,6,3,7,1
2723,14Mo,Mo,Mo,4,11,4,2,5,2,1,1
2724,16Neu,Neu,Neu,4,9,4,2,5,2,1,1
2725,2Ery,Ery,Ery,2,10,3,1,7,1,5,0
2726,13Baso,Baso,Baso,3,3,1,2,6,2,7,1
2727,7MEP,MEP,MEP,6,1,2,3,2,3,3,2
2728,15Mo,Mo,Mo,4,4,4,2,5,2,1,1
2729,3Ery,Ery,Ery,1,8,5,1,7,1,6,0
