,paul15_clusters,paul15_label,celltype,secuer_labels
0,7MEP,MEP,MEP,4
1,15Mo,Mo,Mo,1
2,3Ery,Ery,Ery,6
3,15Mo,Mo,Mo,3
4,3Ery,Ery,Ery,6
5,15Mo,Mo,Mo,1
6,4Ery,Ery,Ery,9
7,2Ery,Ery,Ery,4
8,3Ery,Ery,Ery,9
9,2Ery,Ery,Ery,8
10,2Ery,Ery,Ery,8
11,17Neu,Neu,Neu,5
12,14Mo,Mo,Mo,1
13,13Baso,Baso,Baso,7
14,3Ery,Ery,Ery,6
15,7MEP,MEP,MEP,4
16,3Ery,Ery,Ery,6
17,3Ery,Ery,Ery,6
18,2Ery,Ery,Ery,8
19,8Mk,Mk,Mk,0
20,3Ery,Ery,Ery,9
21,9GMP,GMP,GMP,7
22,8Mk,Mk,Mk,0
23,10GMP,GMP,GMP,7
24,15Mo,Mo,Mo,1
25,16Neu,Neu,Neu,3
26,4Ery,Ery,Ery,8
27,13Baso,Baso,Baso,7
28,17Neu,Neu,Neu,5
29,3Ery,Ery,Ery,6
30,2Ery,Ery,Ery,6
31,3Ery,Ery,Ery,6
32,5Ery,Ery,Ery,2
33,3Ery,Ery,Ery,9
34,13Baso,Baso,Baso,7
35,1Ery,Ery,Ery,8
36,3Ery,Ery,Ery,6
37,6Ery,Ery,Ery,9
38,15Mo,Mo,Mo,3
39,3Ery,Ery,Ery,9
40,3Ery,Ery,Ery,8
41,14Mo,Mo,Mo,1
42,19Lymph,Lymph,Lymph,1
43,12Baso,Baso,Baso,5
44,3Ery,Ery,Ery,6
45,14Mo,Mo,Mo,1
46,6Ery,Ery,Ery,9
47,4Ery,Ery,Ery,6
48,7MEP,MEP,MEP,4
49,2Ery,Ery,Ery,8
50,13Baso,Baso,Baso,7
51,14Mo,Mo,Mo,3
52,6Ery,Ery,Ery,9
53,18Eos,Eos,Eos,5
54,4Ery,Ery,Ery,2
55,3Ery,Ery,Ery,2
56,3Ery,Ery,Ery,9
57,14Mo,Mo,Mo,1
58,2Ery,Ery,Ery,8
59,13Baso,Baso,Baso,1
60,2Ery,Ery,Ery,8
61,13Baso,Baso,Baso,1
62,13Baso,Baso,Baso,1
63,14Mo,Mo,Mo,1
64,7MEP,MEP,MEP,4
65,7MEP,MEP,MEP,9
66,7MEP,MEP,MEP,4
67,10GMP,GMP,GMP,7
68,12Baso,Baso,Baso,5
69,6Ery,Ery,Ery,4
70,5Ery,Ery,Ery,2
71,5Ery,Ery,Ery,2
72,14Mo,Mo,Mo,3
73,4Ery,Ery,Ery,8
74,16Neu,Neu,Neu,3
75,16Neu,Neu,Neu,3
76,3Ery,Ery,Ery,6
77,2Ery,Ery,Ery,8
78,6Ery,Ery,Ery,2
79,13Baso,Baso,Baso,7
80,13Baso,Baso,Baso,7
81,10GMP,GMP,GMP,7
82,14Mo,Mo,Mo,3
83,5Ery,Ery,Ery,2
84,7MEP,MEP,MEP,4
85,7MEP,MEP,MEP,4
86,5Ery,Ery,Ery,2
87,6Ery,Ery,Ery,2
88,2Ery,Ery,Ery,8
89,10GMP,GMP,GMP,4
90,10GMP,GMP,GMP,7
91,2Ery,Ery,Ery,8
92,7MEP,MEP,MEP,4
93,6Ery,Ery,Ery,9
94,7MEP,MEP,MEP,4
95,14Mo,Mo,Mo,1
96,16Neu,Neu,Neu,1
97,10GMP,GMP,GMP,7
98,3Ery,Ery,Ery,2
99,3Ery,Ery,Ery,6
100,13Baso,Baso,Baso,1
101,1Ery,Ery,Ery,8
102,14Mo,Mo,Mo,1
103,15Mo,Mo,Mo,1
104,2Ery,Ery,Ery,2
105,5Ery,Ery,Ery,4
106,2Ery,Ery,Ery,8
107,5Ery,Ery,Ery,2
108,3Ery,Ery,Ery,6
109,14Mo,Mo,Mo,1
110,10GMP,GMP,GMP,7
111,2Ery,Ery,Ery,8
112,7MEP,MEP,MEP,4
113,4Ery,Ery,Ery,6
114,9GMP,GMP,GMP,7
115,7MEP,MEP,MEP,4
116,3Ery,Ery,Ery,8
117,16Neu,Neu,Neu,3
118,11DC,DC,DC,10
119,10GMP,GMP,GMP,7
120,6Ery,Ery,Ery,9
121,3Ery,Ery,Ery,2
122,2Ery,Ery,Ery,8
123,5Ery,Ery,Ery,8
124,2Ery,Ery,Ery,8
125,2Ery,Ery,Ery,8
126,5Ery,Ery,Ery,2
127,14Mo,Mo,Mo,1
128,5Ery,Ery,Ery,2
129,14Mo,Mo,Mo,1
130,3Ery,Ery,Ery,9
131,2Ery,Ery,Ery,8
132,16Neu,Neu,Neu,3
133,2Ery,Ery,Ery,8
134,13Baso,Baso,Baso,7
135,16Neu,Neu,Neu,3
136,2Ery,Ery,Ery,8
137,3Ery,Ery,Ery,8
138,3Ery,Ery,Ery,6
139,14Mo,Mo,Mo,1
140,5Ery,Ery,Ery,2
141,16Neu,Neu,Neu,3
142,14Mo,Mo,Mo,1
143,14Mo,Mo,Mo,7
144,13Baso,Baso,Baso,1
145,3Ery,Ery,Ery,8
146,14Mo,Mo,Mo,1
147,7MEP,MEP,MEP,4
148,14Mo,Mo,Mo,7
149,10GMP,GMP,GMP,7
150,2Ery,Ery,Ery,2
151,14Mo,Mo,Mo,7
152,15Mo,Mo,Mo,7
153,14Mo,Mo,Mo,1
154,16Neu,Neu,Neu,3
155,10GMP,GMP,GMP,7
156,7MEP,MEP,MEP,4
157,5Ery,Ery,Ery,2
158,16Neu,Neu,Neu,3
159,2Ery,Ery,Ery,8
160,16Neu,Neu,Neu,3
161,14Mo,Mo,Mo,3
162,10GMP,GMP,GMP,7
163,16Neu,Neu,Neu,3
164,8Mk,Mk,Mk,4
165,7MEP,MEP,MEP,4
166,14Mo,Mo,Mo,1
167,7MEP,MEP,MEP,4
168,2Ery,Ery,Ery,2
169,14Mo,Mo,Mo,1
170,14Mo,Mo,Mo,7
171,4Ery,Ery,Ery,8
172,5Ery,Ery,Ery,2
173,14Mo,Mo,Mo,7
174,14Mo,Mo,Mo,7
175,10GMP,GMP,GMP,0
176,6Ery,Ery,Ery,4
177,5Ery,Ery,Ery,2
178,14Mo,Mo,Mo,1
179,3Ery,Ery,Ery,6
180,5Ery,Ery,Ery,2
181,15Mo,Mo,Mo,1
182,5Ery,Ery,Ery,2
183,14Mo,Mo,Mo,1
184,16Neu,Neu,Neu,1
185,8Mk,Mk,Mk,4
186,3Ery,Ery,Ery,6
187,14Mo,Mo,Mo,7
188,12Baso,Baso,Baso,4
189,14Mo,Mo,Mo,7
190,3Ery,Ery,Ery,6
191,5Ery,Ery,Ery,2
192,16Neu,Neu,Neu,7
193,15Mo,Mo,Mo,3
194,13Baso,Baso,Baso,1
195,5Ery,Ery,Ery,9
196,3Ery,Ery,Ery,6
197,13Baso,Baso,Baso,7
198,12Baso,Baso,Baso,5
199,8Mk,Mk,Mk,4
200,7MEP,MEP,MEP,0
201,6Ery,Ery,Ery,9
202,2Ery,Ery,Ery,8
203,3Ery,Ery,Ery,6
204,3Ery,Ery,Ery,6
205,15Mo,Mo,Mo,1
206,3Ery,Ery,Ery,9
207,3Ery,Ery,Ery,6
208,3Ery,Ery,Ery,9
209,8Mk,Mk,Mk,4
210,2Ery,Ery,Ery,8
211,2Ery,Ery,Ery,8
212,14Mo,Mo,Mo,1
213,3Ery,Ery,Ery,9
214,15Mo,Mo,Mo,1
215,14Mo,Mo,Mo,1
216,7MEP,MEP,MEP,9
217,15Mo,Mo,Mo,3
218,3Ery,Ery,Ery,8
219,3Ery,Ery,Ery,6
220,13Baso,Baso,Baso,7
221,15Mo,Mo,Mo,3
222,3Ery,Ery,Ery,6
223,15Mo,Mo,Mo,1
224,13Baso,Baso,Baso,1
225,3Ery,Ery,Ery,9
226,15Mo,Mo,Mo,3
227,15Mo,Mo,Mo,3
228,13Baso,Baso,Baso,1
229,19Lymph,Lymph,Lymph,7
230,4Ery,Ery,Ery,9
231,3Ery,Ery,Ery,9
232,14Mo,Mo,Mo,1
233,4Ery,Ery,Ery,2
234,6Ery,Ery,Ery,9
235,16Neu,Neu,Neu,3
236,14Mo,Mo,Mo,1
237,3Ery,Ery,Ery,8
238,17Neu,Neu,Neu,5
239,15Mo,Mo,Mo,1
240,4Ery,Ery,Ery,9
241,3Ery,Ery,Ery,6
242,6Ery,Ery,Ery,2
243,14Mo,Mo,Mo,1
244,3Ery,Ery,Ery,9
245,16Neu,Neu,Neu,1
246,14Mo,Mo,Mo,1
247,15Mo,Mo,Mo,1
248,7MEP,MEP,MEP,4
249,13Baso,Baso,Baso,1
250,15Mo,Mo,Mo,3
251,14Mo,Mo,Mo,1
252,3Ery,Ery,Ery,6
253,2Ery,Ery,Ery,8
254,2Ery,Ery,Ery,6
255,14Mo,Mo,Mo,3
256,2Ery,Ery,Ery,8
257,13Baso,Baso,Baso,5
258,2Ery,Ery,Ery,8
259,3Ery,Ery,Ery,9
260,13Baso,Baso,Baso,7
261,12Baso,Baso,Baso,4
262,2Ery,Ery,Ery,8
263,10GMP,GMP,GMP,7
264,5Ery,Ery,Ery,2
265,13Baso,Baso,Baso,1
266,3Ery,Ery,Ery,9
267,9GMP,GMP,GMP,7
268,15Mo,Mo,Mo,3
269,2Ery,Ery,Ery,8
270,10GMP,GMP,GMP,7
271,5Ery,Ery,Ery,2
272,5Ery,Ery,Ery,2
273,2Ery,Ery,Ery,8
274,14Mo,Mo,Mo,7
275,13Baso,Baso,Baso,7
276,2Ery,Ery,Ery,8
277,14Mo,Mo,Mo,1
278,16Neu,Neu,Neu,3
279,12Baso,Baso,Baso,4
280,14Mo,Mo,Mo,1
281,14Mo,Mo,Mo,7
282,3Ery,Ery,Ery,8
283,14Mo,Mo,Mo,7
284,13Baso,Baso,Baso,1
285,12Baso,Baso,Baso,7
286,5Ery,Ery,Ery,2
287,10GMP,GMP,GMP,0
288,14Mo,Mo,Mo,1
289,4Ery,Ery,Ery,2
290,15Mo,Mo,Mo,1
291,11DC,DC,DC,10
292,3Ery,Ery,Ery,9
293,4Ery,Ery,Ery,2
294,4Ery,Ery,Ery,2
295,4Ery,Ery,Ery,2
296,4Ery,Ery,Ery,8
297,5Ery,Ery,Ery,2
298,1Ery,Ery,Ery,8
299,16Neu,Neu,Neu,3
300,14Mo,Mo,Mo,1
301,2Ery,Ery,Ery,8
302,5Ery,Ery,Ery,9
303,15Mo,Mo,Mo,3
304,5Ery,Ery,Ery,2
305,2Ery,Ery,Ery,2
306,5Ery,Ery,Ery,2
307,1Ery,Ery,Ery,8
308,7MEP,MEP,MEP,4
309,2Ery,Ery,Ery,8
310,14Mo,Mo,Mo,1
311,10GMP,GMP,GMP,0
312,2Ery,Ery,Ery,8
313,14Mo,Mo,Mo,7
314,6Ery,Ery,Ery,4
315,9GMP,GMP,GMP,0
316,3Ery,Ery,Ery,6
317,2Ery,Ery,Ery,8
318,3Ery,Ery,Ery,2
319,12Baso,Baso,Baso,4
320,2Ery,Ery,Ery,2
321,18Eos,Eos,Eos,5
322,5Ery,Ery,Ery,2
323,3Ery,Ery,Ery,2
324,15Mo,Mo,Mo,1
325,14Mo,Mo,Mo,7
326,2Ery,Ery,Ery,8
327,6Ery,Ery,Ery,4
328,14Mo,Mo,Mo,7
329,2Ery,Ery,Ery,8
330,5Ery,Ery,Ery,2
331,12Baso,Baso,Baso,5
332,7MEP,MEP,MEP,4
333,17Neu,Neu,Neu,5
334,14Mo,Mo,Mo,1
335,2Ery,Ery,Ery,2
336,5Ery,Ery,Ery,2
337,2Ery,Ery,Ery,8
338,14Mo,Mo,Mo,1
339,13Baso,Baso,Baso,1
340,15Mo,Mo,Mo,1
341,2Ery,Ery,Ery,8
342,13Baso,Baso,Baso,7
343,16Neu,Neu,Neu,3
344,5Ery,Ery,Ery,8
345,14Mo,Mo,Mo,1
346,16Neu,Neu,Neu,3
347,14Mo,Mo,Mo,1
348,16Neu,Neu,Neu,3
349,14Mo,Mo,Mo,1
350,8Mk,Mk,Mk,0
351,10GMP,GMP,GMP,7
352,14Mo,Mo,Mo,1
353,5Ery,Ery,Ery,2
354,7MEP,MEP,MEP,4
355,2Ery,Ery,Ery,2
356,14Mo,Mo,Mo,5
357,13Baso,Baso,Baso,1
358,2Ery,Ery,Ery,2
359,5Ery,Ery,Ery,2
360,14Mo,Mo,Mo,1
361,14Mo,Mo,Mo,1
362,9GMP,GMP,GMP,7
363,4Ery,Ery,Ery,2
364,10GMP,GMP,GMP,7
365,13Baso,Baso,Baso,1
366,10GMP,GMP,GMP,5
367,7MEP,MEP,MEP,4
368,10GMP,GMP,GMP,7
369,3Ery,Ery,Ery,9
370,2Ery,Ery,Ery,8
371,14Mo,Mo,Mo,1
372,10GMP,GMP,GMP,7
373,15Mo,Mo,Mo,3
374,13Baso,Baso,Baso,3
375,7MEP,MEP,MEP,4
376,6Ery,Ery,Ery,4
377,7MEP,MEP,MEP,9
378,5Ery,Ery,Ery,2
379,14Mo,Mo,Mo,1
380,13Baso,Baso,Baso,1
381,10GMP,GMP,GMP,7
382,7MEP,MEP,MEP,4
383,3Ery,Ery,Ery,6
384,7MEP,MEP,MEP,4
385,13Baso,Baso,Baso,7
386,1Ery,Ery,Ery,8
387,14Mo,Mo,Mo,1
388,13Baso,Baso,Baso,1
389,10GMP,GMP,GMP,7
390,9GMP,GMP,GMP,7
391,3Ery,Ery,Ery,9
392,13Baso,Baso,Baso,1
393,2Ery,Ery,Ery,8
394,13Baso,Baso,Baso,7
395,2Ery,Ery,Ery,8
396,6Ery,Ery,Ery,4
397,6Ery,Ery,Ery,2
398,13Baso,Baso,Baso,1
399,3Ery,Ery,Ery,9
400,13Baso,Baso,Baso,1
401,11DC,DC,DC,10
402,14Mo,Mo,Mo,3
403,10GMP,GMP,GMP,7
404,8Mk,Mk,Mk,0
405,9GMP,GMP,GMP,7
406,2Ery,Ery,Ery,2
407,13Baso,Baso,Baso,7
408,14Mo,Mo,Mo,1
409,13Baso,Baso,Baso,7
410,14Mo,Mo,Mo,1
411,5Ery,Ery,Ery,2
412,14Mo,Mo,Mo,1
413,5Ery,Ery,Ery,2
414,13Baso,Baso,Baso,1
415,12Baso,Baso,Baso,5
416,16Neu,Neu,Neu,3
417,11DC,DC,DC,10
418,13Baso,Baso,Baso,7
419,13Baso,Baso,Baso,1
420,2Ery,Ery,Ery,8
421,2Ery,Ery,Ery,2
422,14Mo,Mo,Mo,1
423,7MEP,MEP,MEP,4
424,4Ery,Ery,Ery,2
425,6Ery,Ery,Ery,2
426,13Baso,Baso,Baso,1
427,14Mo,Mo,Mo,7
428,14Mo,Mo,Mo,1
429,6Ery,Ery,Ery,4
430,12Baso,Baso,Baso,5
431,6Ery,Ery,Ery,9
432,14Mo,Mo,Mo,5
433,2Ery,Ery,Ery,2
434,13Baso,Baso,Baso,1
435,13Baso,Baso,Baso,1
436,14Mo,Mo,Mo,1
437,7MEP,MEP,MEP,4
438,7MEP,MEP,MEP,4
439,15Mo,Mo,Mo,3
440,5Ery,Ery,Ery,2
441,5Ery,Ery,Ery,2
442,5Ery,Ery,Ery,2
443,5Ery,Ery,Ery,2
444,15Mo,Mo,Mo,3
445,1Ery,Ery,Ery,8
446,13Baso,Baso,Baso,7
447,10GMP,GMP,GMP,7
448,12Baso,Baso,Baso,5
449,4Ery,Ery,Ery,6
450,7MEP,MEP,MEP,7
451,15Mo,Mo,Mo,3
452,19Lymph,Lymph,Lymph,1
453,13Baso,Baso,Baso,1
454,13Baso,Baso,Baso,1
455,3Ery,Ery,Ery,6
456,3Ery,Ery,Ery,2
457,15Mo,Mo,Mo,3
458,16Neu,Neu,Neu,3
459,13Baso,Baso,Baso,1
460,2Ery,Ery,Ery,8
461,15Mo,Mo,Mo,3
462,17Neu,Neu,Neu,5
463,15Mo,Mo,Mo,5
464,13Baso,Baso,Baso,7
465,16Neu,Neu,Neu,3
466,6Ery,Ery,Ery,4
467,5Ery,Ery,Ery,9
468,15Mo,Mo,Mo,1
469,9GMP,GMP,GMP,0
470,13Baso,Baso,Baso,1
471,15Mo,Mo,Mo,3
472,13Baso,Baso,Baso,1
473,6Ery,Ery,Ery,4
474,7MEP,MEP,MEP,4
475,12Baso,Baso,Baso,7
476,15Mo,Mo,Mo,3
477,2Ery,Ery,Ery,8
478,13Baso,Baso,Baso,7
479,10GMP,GMP,GMP,4
480,14Mo,Mo,Mo,1
481,14Mo,Mo,Mo,1
482,14Mo,Mo,Mo,3
483,15Mo,Mo,Mo,3
484,5Ery,Ery,Ery,2
485,16Neu,Neu,Neu,3
486,5Ery,Ery,Ery,2
487,14Mo,Mo,Mo,1
488,13Baso,Baso,Baso,1
489,15Mo,Mo,Mo,3
490,2Ery,Ery,Ery,8
491,2Ery,Ery,Ery,8
492,2Ery,Ery,Ery,8
493,13Baso,Baso,Baso,7
494,13Baso,Baso,Baso,1
495,5Ery,Ery,Ery,9
496,5Ery,Ery,Ery,2
497,9GMP,GMP,GMP,4
498,14Mo,Mo,Mo,1
499,7MEP,MEP,MEP,4
500,14Mo,Mo,Mo,7
501,11DC,DC,DC,10
502,16Neu,Neu,Neu,3
503,2Ery,Ery,Ery,8
504,2Ery,Ery,Ery,2
505,10GMP,GMP,GMP,4
506,8Mk,Mk,Mk,0
507,2Ery,Ery,Ery,8
508,5Ery,Ery,Ery,2
509,13Baso,Baso,Baso,1
510,13Baso,Baso,Baso,1
511,12Baso,Baso,Baso,7
512,7MEP,MEP,MEP,4
513,7MEP,MEP,MEP,4
514,13Baso,Baso,Baso,1
515,6Ery,Ery,Ery,4
516,5Ery,Ery,Ery,2
517,16Neu,Neu,Neu,3
518,14Mo,Mo,Mo,1
519,13Baso,Baso,Baso,1
520,2Ery,Ery,Ery,8
521,14Mo,Mo,Mo,7
522,5Ery,Ery,Ery,2
523,7MEP,MEP,MEP,4
524,10GMP,GMP,GMP,7
525,19Lymph,Lymph,Lymph,1
526,14Mo,Mo,Mo,5
527,4Ery,Ery,Ery,6
528,14Mo,Mo,Mo,3
529,12Baso,Baso,Baso,5
530,9GMP,GMP,GMP,7
531,15Mo,Mo,Mo,3
532,17Neu,Neu,Neu,5
533,7MEP,MEP,MEP,4
534,16Neu,Neu,Neu,3
535,13Baso,Baso,Baso,1
536,3Ery,Ery,Ery,6
537,15Mo,Mo,Mo,3
538,3Ery,Ery,Ery,2
539,7MEP,MEP,MEP,4
540,8Mk,Mk,Mk,0
541,19Lymph,Lymph,Lymph,1
542,3Ery,Ery,Ery,2
543,13Baso,Baso,Baso,1
544,9GMP,GMP,GMP,7
545,3Ery,Ery,Ery,9
546,3Ery,Ery,Ery,2
547,2Ery,Ery,Ery,8
548,16Neu,Neu,Neu,3
549,14Mo,Mo,Mo,1
550,16Neu,Neu,Neu,3
551,6Ery,Ery,Ery,4
552,14Mo,Mo,Mo,1
553,5Ery,Ery,Ery,2
554,14Mo,Mo,Mo,1
555,14Mo,Mo,Mo,1
556,19Lymph,Lymph,Lymph,7
557,15Mo,Mo,Mo,5
558,13Baso,Baso,Baso,7
559,14Mo,Mo,Mo,3
560,13Baso,Baso,Baso,1
561,17Neu,Neu,Neu,5
562,14Mo,Mo,Mo,1
563,1Ery,Ery,Ery,8
564,2Ery,Ery,Ery,2
565,5Ery,Ery,Ery,2
566,6Ery,Ery,Ery,4
567,15Mo,Mo,Mo,3
568,10GMP,GMP,GMP,7
569,6Ery,Ery,Ery,4
570,10GMP,GMP,GMP,7
571,7MEP,MEP,MEP,4
572,14Mo,Mo,Mo,1
573,13Baso,Baso,Baso,7
574,2Ery,Ery,Ery,8
575,14Mo,Mo,Mo,3
576,14Mo,Mo,Mo,1
577,6Ery,Ery,Ery,4
578,13Baso,Baso,Baso,7
579,14Mo,Mo,Mo,1
580,14Mo,Mo,Mo,7
581,2Ery,Ery,Ery,2
582,6Ery,Ery,Ery,9
583,13Baso,Baso,Baso,7
584,10GMP,GMP,GMP,7
585,15Mo,Mo,Mo,3
586,16Neu,Neu,Neu,3
587,10GMP,GMP,GMP,7
588,1Ery,Ery,Ery,8
589,14Mo,Mo,Mo,1
590,12Baso,Baso,Baso,5
591,10GMP,GMP,GMP,7
592,12Baso,Baso,Baso,7
593,16Neu,Neu,Neu,3
594,10GMP,GMP,GMP,7
595,13Baso,Baso,Baso,1
596,16Neu,Neu,Neu,3
597,6Ery,Ery,Ery,4
598,5Ery,Ery,Ery,2
599,10GMP,GMP,GMP,7
600,13Baso,Baso,Baso,1
601,19Lymph,Lymph,Lymph,1
602,14Mo,Mo,Mo,3
603,5Ery,Ery,Ery,2
604,13Baso,Baso,Baso,1
605,13Baso,Baso,Baso,1
606,13Baso,Baso,Baso,1
607,19Lymph,Lymph,Lymph,1
608,13Baso,Baso,Baso,5
609,4Ery,Ery,Ery,6
610,12Baso,Baso,Baso,7
611,10GMP,GMP,GMP,7
612,11DC,DC,DC,10
613,1Ery,Ery,Ery,8
614,19Lymph,Lymph,Lymph,1
615,3Ery,Ery,Ery,6
616,6Ery,Ery,Ery,4
617,6Ery,Ery,Ery,4
618,2Ery,Ery,Ery,8
619,2Ery,Ery,Ery,8
620,13Baso,Baso,Baso,1
621,3Ery,Ery,Ery,9
622,15Mo,Mo,Mo,3
623,2Ery,Ery,Ery,8
624,10GMP,GMP,GMP,7
625,5Ery,Ery,Ery,2
626,13Baso,Baso,Baso,7
627,9GMP,GMP,GMP,7
628,9GMP,GMP,GMP,7
629,12Baso,Baso,Baso,7
630,17Neu,Neu,Neu,5
631,6Ery,Ery,Ery,4
632,7MEP,MEP,MEP,4
633,6Ery,Ery,Ery,2
634,14Mo,Mo,Mo,1
635,14Mo,Mo,Mo,7
636,19Lymph,Lymph,Lymph,1
637,13Baso,Baso,Baso,1
638,13Baso,Baso,Baso,1
639,2Ery,Ery,Ery,2
640,13Baso,Baso,Baso,7
641,7MEP,MEP,MEP,4
642,3Ery,Ery,Ery,2
643,13Baso,Baso,Baso,7
644,15Mo,Mo,Mo,3
645,13Baso,Baso,Baso,7
646,11DC,DC,DC,10
647,17Neu,Neu,Neu,5
648,13Baso,Baso,Baso,7
649,14Mo,Mo,Mo,1
650,2Ery,Ery,Ery,2
651,11DC,DC,DC,10
652,13Baso,Baso,Baso,7
653,13Baso,Baso,Baso,1
654,2Ery,Ery,Ery,8
655,2Ery,Ery,Ery,8
656,16Neu,Neu,Neu,3
657,14Mo,Mo,Mo,1
658,10GMP,GMP,GMP,7
659,16Neu,Neu,Neu,3
660,13Baso,Baso,Baso,1
661,10GMP,GMP,GMP,7
662,16Neu,Neu,Neu,3
663,2Ery,Ery,Ery,2
664,14Mo,Mo,Mo,1
665,12Baso,Baso,Baso,4
666,9GMP,GMP,GMP,7
667,2Ery,Ery,Ery,8
668,2Ery,Ery,Ery,8
669,2Ery,Ery,Ery,8
670,6Ery,Ery,Ery,2
671,13Baso,Baso,Baso,1
672,14Mo,Mo,Mo,7
673,2Ery,Ery,Ery,2
674,5Ery,Ery,Ery,2
675,16Neu,Neu,Neu,3
676,6Ery,Ery,Ery,4
677,13Baso,Baso,Baso,7
678,14Mo,Mo,Mo,1
679,5Ery,Ery,Ery,2
680,5Ery,Ery,Ery,2
681,2Ery,Ery,Ery,8
682,4Ery,Ery,Ery,9
683,2Ery,Ery,Ery,8
684,10GMP,GMP,GMP,7
685,5Ery,Ery,Ery,2
686,13Baso,Baso,Baso,7
687,13Baso,Baso,Baso,1
688,2Ery,Ery,Ery,8
689,12Baso,Baso,Baso,5
690,12Baso,Baso,Baso,5
691,15Mo,Mo,Mo,7
692,13Baso,Baso,Baso,1
693,13Baso,Baso,Baso,1
694,13Baso,Baso,Baso,1
695,13Baso,Baso,Baso,1
696,10GMP,GMP,GMP,7
697,14Mo,Mo,Mo,3
698,13Baso,Baso,Baso,1
699,7MEP,MEP,MEP,4
700,13Baso,Baso,Baso,7
701,9GMP,GMP,GMP,4
702,14Mo,Mo,Mo,1
703,1Ery,Ery,Ery,8
704,3Ery,Ery,Ery,6
705,13Baso,Baso,Baso,1
706,13Baso,Baso,Baso,1
707,15Mo,Mo,Mo,3
708,2Ery,Ery,Ery,8
709,13Baso,Baso,Baso,7
710,5Ery,Ery,Ery,6
711,14Mo,Mo,Mo,1
712,3Ery,Ery,Ery,6
713,6Ery,Ery,Ery,4
714,2Ery,Ery,Ery,6
715,19Lymph,Lymph,Lymph,1
716,15Mo,Mo,Mo,3
717,12Baso,Baso,Baso,5
718,7MEP,MEP,MEP,4
719,2Ery,Ery,Ery,6
720,8Mk,Mk,Mk,0
721,14Mo,Mo,Mo,1
722,14Mo,Mo,Mo,1
723,8Mk,Mk,Mk,0
724,5Ery,Ery,Ery,9
725,14Mo,Mo,Mo,3
726,2Ery,Ery,Ery,8
727,3Ery,Ery,Ery,9
728,9GMP,GMP,GMP,7
729,5Ery,Ery,Ery,2
730,3Ery,Ery,Ery,8
731,5Ery,Ery,Ery,2
732,14Mo,Mo,Mo,1
733,2Ery,Ery,Ery,6
734,2Ery,Ery,Ery,6
735,14Mo,Mo,Mo,3
736,16Neu,Neu,Neu,3
737,9GMP,GMP,GMP,0
738,16Neu,Neu,Neu,3
739,15Mo,Mo,Mo,3
740,10GMP,GMP,GMP,7
741,3Ery,Ery,Ery,6
742,14Mo,Mo,Mo,1
743,8Mk,Mk,Mk,0
744,14Mo,Mo,Mo,1
745,15Mo,Mo,Mo,1
746,16Neu,Neu,Neu,3
747,5Ery,Ery,Ery,2
748,14Mo,Mo,Mo,1
749,16Neu,Neu,Neu,3
750,4Ery,Ery,Ery,2
751,2Ery,Ery,Ery,8
752,13Baso,Baso,Baso,1
753,14Mo,Mo,Mo,1
754,13Baso,Baso,Baso,1
755,5Ery,Ery,Ery,2
756,13Baso,Baso,Baso,7
757,7MEP,MEP,MEP,4
758,15Mo,Mo,Mo,3
759,6Ery,Ery,Ery,4
760,16Neu,Neu,Neu,3
761,15Mo,Mo,Mo,3
762,12Baso,Baso,Baso,5
763,6Ery,Ery,Ery,4
764,13Baso,Baso,Baso,1
765,14Mo,Mo,Mo,3
766,16Neu,Neu,Neu,3
767,14Mo,Mo,Mo,1
768,14Mo,Mo,Mo,1
769,2Ery,Ery,Ery,8
770,6Ery,Ery,Ery,4
771,6Ery,Ery,Ery,4
772,13Baso,Baso,Baso,7
773,14Mo,Mo,Mo,1
774,16Neu,Neu,Neu,3
775,2Ery,Ery,Ery,6
776,2Ery,Ery,Ery,8
777,5Ery,Ery,Ery,2
778,2Ery,Ery,Ery,2
779,5Ery,Ery,Ery,9
780,1Ery,Ery,Ery,8
781,13Baso,Baso,Baso,7
782,14Mo,Mo,Mo,1
783,14Mo,Mo,Mo,1
784,16Neu,Neu,Neu,3
785,1Ery,Ery,Ery,8
786,6Ery,Ery,Ery,9
787,14Mo,Mo,Mo,7
788,14Mo,Mo,Mo,1
789,15Mo,Mo,Mo,1
790,13Baso,Baso,Baso,1
791,15Mo,Mo,Mo,5
792,1Ery,Ery,Ery,8
793,8Mk,Mk,Mk,0
794,15Mo,Mo,Mo,3
795,14Mo,Mo,Mo,1
796,10GMP,GMP,GMP,7
797,9GMP,GMP,GMP,5
798,4Ery,Ery,Ery,9
799,15Mo,Mo,Mo,1
800,4Ery,Ery,Ery,2
801,11DC,DC,DC,10
802,2Ery,Ery,Ery,8
803,14Mo,Mo,Mo,1
804,14Mo,Mo,Mo,1
805,8Mk,Mk,Mk,0
806,13Baso,Baso,Baso,7
807,6Ery,Ery,Ery,9
808,13Baso,Baso,Baso,7
809,4Ery,Ery,Ery,2
810,13Baso,Baso,Baso,7
811,15Mo,Mo,Mo,1
812,13Baso,Baso,Baso,7
813,4Ery,Ery,Ery,9
814,2Ery,Ery,Ery,8
815,16Neu,Neu,Neu,3
816,2Ery,Ery,Ery,8
817,5Ery,Ery,Ery,2
818,2Ery,Ery,Ery,8
819,5Ery,Ery,Ery,2
820,10GMP,GMP,GMP,7
821,13Baso,Baso,Baso,1
822,13Baso,Baso,Baso,7
823,8Mk,Mk,Mk,0
824,16Neu,Neu,Neu,3
825,13Baso,Baso,Baso,1
826,7MEP,MEP,MEP,4
827,4Ery,Ery,Ery,8
828,13Baso,Baso,Baso,7
829,6Ery,Ery,Ery,4
830,2Ery,Ery,Ery,2
831,14Mo,Mo,Mo,7
832,16Neu,Neu,Neu,3
833,2Ery,Ery,Ery,8
834,13Baso,Baso,Baso,1
835,14Mo,Mo,Mo,5
836,6Ery,Ery,Ery,2
837,2Ery,Ery,Ery,8
838,2Ery,Ery,Ery,2
839,2Ery,Ery,Ery,8
840,8Mk,Mk,Mk,4
841,2Ery,Ery,Ery,8
842,4Ery,Ery,Ery,6
843,14Mo,Mo,Mo,1
844,17Neu,Neu,Neu,5
845,5Ery,Ery,Ery,2
846,13Baso,Baso,Baso,1
847,7MEP,MEP,MEP,4
848,3Ery,Ery,Ery,9
849,5Ery,Ery,Ery,9
850,13Baso,Baso,Baso,1
851,8Mk,Mk,Mk,0
852,6Ery,Ery,Ery,4
853,5Ery,Ery,Ery,2
854,5Ery,Ery,Ery,2
855,11DC,DC,DC,10
856,5Ery,Ery,Ery,8
857,15Mo,Mo,Mo,7
858,2Ery,Ery,Ery,8
859,2Ery,Ery,Ery,2
860,15Mo,Mo,Mo,3
861,15Mo,Mo,Mo,3
862,13Baso,Baso,Baso,3
863,14Mo,Mo,Mo,1
864,14Mo,Mo,Mo,1
865,14Mo,Mo,Mo,1
866,5Ery,Ery,Ery,2
867,7MEP,MEP,MEP,4
868,3Ery,Ery,Ery,9
869,2Ery,Ery,Ery,8
870,7MEP,MEP,MEP,4
871,1Ery,Ery,Ery,8
872,14Mo,Mo,Mo,1
873,2Ery,Ery,Ery,8
874,15Mo,Mo,Mo,3
875,13Baso,Baso,Baso,1
876,4Ery,Ery,Ery,2
877,13Baso,Baso,Baso,1
878,6Ery,Ery,Ery,2
879,9GMP,GMP,GMP,5
880,3Ery,Ery,Ery,6
881,6Ery,Ery,Ery,2
882,1Ery,Ery,Ery,8
883,4Ery,Ery,Ery,9
884,13Baso,Baso,Baso,1
885,9GMP,GMP,GMP,7
886,7MEP,MEP,MEP,4
887,14Mo,Mo,Mo,1
888,13Baso,Baso,Baso,5
889,13Baso,Baso,Baso,1
890,19Lymph,Lymph,Lymph,1
891,10GMP,GMP,GMP,7
892,9GMP,GMP,GMP,7
893,5Ery,Ery,Ery,2
894,16Neu,Neu,Neu,3
895,14Mo,Mo,Mo,1
896,15Mo,Mo,Mo,3
897,2Ery,Ery,Ery,8
898,3Ery,Ery,Ery,6
899,13Baso,Baso,Baso,5
900,6Ery,Ery,Ery,2
901,4Ery,Ery,Ery,2
902,3Ery,Ery,Ery,6
903,16Neu,Neu,Neu,3
904,9GMP,GMP,GMP,7
905,9GMP,GMP,GMP,7
906,12Baso,Baso,Baso,4
907,7MEP,MEP,MEP,4
908,16Neu,Neu,Neu,3
909,6Ery,Ery,Ery,4
910,13Baso,Baso,Baso,1
911,17Neu,Neu,Neu,5
912,14Mo,Mo,Mo,1
913,3Ery,Ery,Ery,6
914,16Neu,Neu,Neu,3
915,13Baso,Baso,Baso,7
916,14Mo,Mo,Mo,1
917,3Ery,Ery,Ery,6
918,14Mo,Mo,Mo,1
919,16Neu,Neu,Neu,3
920,2Ery,Ery,Ery,8
921,18Eos,Eos,Eos,5
922,7MEP,MEP,MEP,4
923,7MEP,MEP,MEP,4
924,5Ery,Ery,Ery,2
925,16Neu,Neu,Neu,1
926,2Ery,Ery,Ery,8
927,5Ery,Ery,Ery,2
928,13Baso,Baso,Baso,1
929,6Ery,Ery,Ery,4
930,14Mo,Mo,Mo,1
931,12Baso,Baso,Baso,5
932,13Baso,Baso,Baso,7
933,5Ery,Ery,Ery,2
934,2Ery,Ery,Ery,2
935,2Ery,Ery,Ery,8
936,14Mo,Mo,Mo,1
937,16Neu,Neu,Neu,3
938,14Mo,Mo,Mo,7
939,1Ery,Ery,Ery,8
940,11DC,DC,DC,10
941,1Ery,Ery,Ery,8
942,13Baso,Baso,Baso,7
943,3Ery,Ery,Ery,2
944,5Ery,Ery,Ery,2
945,16Neu,Neu,Neu,3
946,16Neu,Neu,Neu,3
947,6Ery,Ery,Ery,2
948,1Ery,Ery,Ery,8
949,14Mo,Mo,Mo,1
950,16Neu,Neu,Neu,3
951,2Ery,Ery,Ery,6
952,10GMP,GMP,GMP,4
953,5Ery,Ery,Ery,2
954,14Mo,Mo,Mo,1
955,2Ery,Ery,Ery,8
956,6Ery,Ery,Ery,9
957,5Ery,Ery,Ery,9
958,1Ery,Ery,Ery,8
959,5Ery,Ery,Ery,4
960,15Mo,Mo,Mo,3
961,19Lymph,Lymph,Lymph,1
962,10GMP,GMP,GMP,7
963,2Ery,Ery,Ery,8
964,5Ery,Ery,Ery,2
965,7MEP,MEP,MEP,4
966,6Ery,Ery,Ery,9
967,11DC,DC,DC,10
968,4Ery,Ery,Ery,9
969,15Mo,Mo,Mo,1
970,3Ery,Ery,Ery,6
971,2Ery,Ery,Ery,8
972,7MEP,MEP,MEP,4
973,1Ery,Ery,Ery,8
974,7MEP,MEP,MEP,4
975,5Ery,Ery,Ery,2
976,3Ery,Ery,Ery,6
977,3Ery,Ery,Ery,9
978,13Baso,Baso,Baso,7
979,3Ery,Ery,Ery,6
980,15Mo,Mo,Mo,3
981,15Mo,Mo,Mo,1
982,4Ery,Ery,Ery,2
983,14Mo,Mo,Mo,1
984,2Ery,Ery,Ery,8
985,2Ery,Ery,Ery,8
986,16Neu,Neu,Neu,3
987,13Baso,Baso,Baso,1
988,14Mo,Mo,Mo,7
989,5Ery,Ery,Ery,2
990,16Neu,Neu,Neu,3
991,14Mo,Mo,Mo,1
992,16Neu,Neu,Neu,3
993,8Mk,Mk,Mk,0
994,7MEP,MEP,MEP,4
995,8Mk,Mk,Mk,4
996,14Mo,Mo,Mo,1
997,10GMP,GMP,GMP,7
998,5Ery,Ery,Ery,2
999,10GMP,GMP,GMP,4
1000,3Ery,Ery,Ery,2
1001,13Baso,Baso,Baso,1
1002,14Mo,Mo,Mo,1
1003,3Ery,Ery,Ery,6
1004,2Ery,Ery,Ery,2
1005,2Ery,Ery,Ery,8
1006,14Mo,Mo,Mo,3
1007,2Ery,Ery,Ery,8
1008,6Ery,Ery,Ery,2
1009,4Ery,Ery,Ery,6
1010,15Mo,Mo,Mo,3
1011,13Baso,Baso,Baso,1
1012,6Ery,Ery,Ery,2
1013,12Baso,Baso,Baso,5
1014,16Neu,Neu,Neu,3
1015,14Mo,Mo,Mo,1
1016,15Mo,Mo,Mo,3
1017,13Baso,Baso,Baso,1
1018,2Ery,Ery,Ery,8
1019,14Mo,Mo,Mo,1
1020,14Mo,Mo,Mo,7
1021,12Baso,Baso,Baso,4
1022,10GMP,GMP,GMP,7
1023,7MEP,MEP,MEP,4
1024,2Ery,Ery,Ery,2
1025,4Ery,Ery,Ery,2
1026,3Ery,Ery,Ery,2
1027,16Neu,Neu,Neu,3
1028,5Ery,Ery,Ery,2
1029,2Ery,Ery,Ery,8
1030,3Ery,Ery,Ery,9
1031,2Ery,Ery,Ery,8
1032,14Mo,Mo,Mo,1
1033,14Mo,Mo,Mo,1
1034,8Mk,Mk,Mk,0
1035,5Ery,Ery,Ery,2
1036,7MEP,MEP,MEP,4
1037,7MEP,MEP,MEP,4
1038,16Neu,Neu,Neu,3
1039,2Ery,Ery,Ery,2
1040,13Baso,Baso,Baso,1
1041,5Ery,Ery,Ery,9
1042,5Ery,Ery,Ery,2
1043,14Mo,Mo,Mo,1
1044,6Ery,Ery,Ery,4
1045,14Mo,Mo,Mo,1
1046,7MEP,MEP,MEP,4
1047,2Ery,Ery,Ery,8
1048,13Baso,Baso,Baso,7
1049,2Ery,Ery,Ery,8
1050,14Mo,Mo,Mo,7
1051,2Ery,Ery,Ery,8
1052,15Mo,Mo,Mo,3
1053,3Ery,Ery,Ery,2
1054,5Ery,Ery,Ery,2
1055,10GMP,GMP,GMP,0
1056,6Ery,Ery,Ery,2
1057,15Mo,Mo,Mo,7
1058,1Ery,Ery,Ery,6
1059,4Ery,Ery,Ery,9
1060,12Baso,Baso,Baso,4
1061,4Ery,Ery,Ery,2
1062,13Baso,Baso,Baso,1
1063,6Ery,Ery,Ery,9
1064,3Ery,Ery,Ery,4
1065,8Mk,Mk,Mk,9
1066,6Ery,Ery,Ery,9
1067,3Ery,Ery,Ery,2
1068,3Ery,Ery,Ery,6
1069,4Ery,Ery,Ery,6
1070,16Neu,Neu,Neu,3
1071,7MEP,MEP,MEP,4
1072,3Ery,Ery,Ery,6
1073,15Mo,Mo,Mo,3
1074,10GMP,GMP,GMP,7
1075,12Baso,Baso,Baso,5
1076,3Ery,Ery,Ery,6
1077,3Ery,Ery,Ery,6
1078,14Mo,Mo,Mo,1
1079,9GMP,GMP,GMP,5
1080,12Baso,Baso,Baso,5
1081,15Mo,Mo,Mo,3
1082,15Mo,Mo,Mo,3
1083,2Ery,Ery,Ery,6
1084,14Mo,Mo,Mo,1
1085,4Ery,Ery,Ery,9
1086,3Ery,Ery,Ery,6
1087,14Mo,Mo,Mo,1
1088,14Mo,Mo,Mo,1
1089,8Mk,Mk,Mk,0
1090,16Neu,Neu,Neu,3
1091,10GMP,GMP,GMP,7
1092,2Ery,Ery,Ery,8
1093,2Ery,Ery,Ery,8
1094,3Ery,Ery,Ery,6
1095,9GMP,GMP,GMP,4
1096,15Mo,Mo,Mo,3
1097,14Mo,Mo,Mo,1
1098,5Ery,Ery,Ery,2
1099,14Mo,Mo,Mo,1
1100,2Ery,Ery,Ery,8
1101,13Baso,Baso,Baso,1
1102,14Mo,Mo,Mo,1
1103,14Mo,Mo,Mo,1
1104,14Mo,Mo,Mo,7
1105,2Ery,Ery,Ery,6
1106,2Ery,Ery,Ery,8
1107,13Baso,Baso,Baso,1
1108,6Ery,Ery,Ery,4
1109,7MEP,MEP,MEP,4
1110,7MEP,MEP,MEP,4
1111,13Baso,Baso,Baso,1
1112,3Ery,Ery,Ery,9
1113,3Ery,Ery,Ery,9
1114,14Mo,Mo,Mo,1
1115,2Ery,Ery,Ery,2
1116,2Ery,Ery,Ery,8
1117,8Mk,Mk,Mk,0
1118,7MEP,MEP,MEP,4
1119,16Neu,Neu,Neu,3
1120,5Ery,Ery,Ery,2
1121,14Mo,Mo,Mo,1
1122,2Ery,Ery,Ery,2
1123,14Mo,Mo,Mo,1
1124,8Mk,Mk,Mk,0
1125,7MEP,MEP,MEP,4
1126,19Lymph,Lymph,Lymph,1
1127,14Mo,Mo,Mo,1
1128,12Baso,Baso,Baso,4
1129,13Baso,Baso,Baso,1
1130,12Baso,Baso,Baso,4
1131,13Baso,Baso,Baso,1
1132,4Ery,Ery,Ery,6
1133,14Mo,Mo,Mo,1
1134,2Ery,Ery,Ery,6
1135,5Ery,Ery,Ery,2
1136,11DC,DC,DC,10
1137,16Neu,Neu,Neu,3
1138,3Ery,Ery,Ery,6
1139,11DC,DC,DC,10
1140,3Ery,Ery,Ery,6
1141,4Ery,Ery,Ery,6
1142,3Ery,Ery,Ery,6
1143,6Ery,Ery,Ery,9
1144,15Mo,Mo,Mo,3
1145,17Neu,Neu,Neu,5
1146,14Mo,Mo,Mo,1
1147,4Ery,Ery,Ery,6
1148,9GMP,GMP,GMP,7
1149,7MEP,MEP,MEP,4
1150,7MEP,MEP,MEP,4
1151,14Mo,Mo,Mo,3
1152,13Baso,Baso,Baso,1
1153,4Ery,Ery,Ery,9
1154,13Baso,Baso,Baso,7
1155,14Mo,Mo,Mo,1
1156,3Ery,Ery,Ery,2
1157,2Ery,Ery,Ery,8
1158,3Ery,Ery,Ery,6
1159,14Mo,Mo,Mo,1
1160,6Ery,Ery,Ery,9
1161,2Ery,Ery,Ery,8
1162,10GMP,GMP,GMP,7
1163,13Baso,Baso,Baso,1
1164,5Ery,Ery,Ery,2
1165,7MEP,MEP,MEP,4
1166,13Baso,Baso,Baso,1
1167,3Ery,Ery,Ery,8
1168,2Ery,Ery,Ery,8
1169,14Mo,Mo,Mo,1
1170,3Ery,Ery,Ery,6
1171,2Ery,Ery,Ery,2
1172,10GMP,GMP,GMP,4
1173,13Baso,Baso,Baso,1
1174,14Mo,Mo,Mo,1
1175,4Ery,Ery,Ery,9
1176,5Ery,Ery,Ery,2
1177,18Eos,Eos,Eos,5
1178,2Ery,Ery,Ery,2
1179,14Mo,Mo,Mo,3
1180,3Ery,Ery,Ery,6
1181,13Baso,Baso,Baso,7
1182,5Ery,Ery,Ery,9
1183,12Baso,Baso,Baso,5
1184,5Ery,Ery,Ery,2
1185,2Ery,Ery,Ery,9
1186,7MEP,MEP,MEP,4
1187,5Ery,Ery,Ery,4
1188,16Neu,Neu,Neu,3
1189,15Mo,Mo,Mo,3
1190,14Mo,Mo,Mo,3
1191,5Ery,Ery,Ery,2
1192,16Neu,Neu,Neu,3
1193,2Ery,Ery,Ery,2
1194,2Ery,Ery,Ery,8
1195,6Ery,Ery,Ery,9
1196,2Ery,Ery,Ery,8
1197,5Ery,Ery,Ery,8
1198,14Mo,Mo,Mo,7
1199,2Ery,Ery,Ery,6
1200,3Ery,Ery,Ery,9
1201,5Ery,Ery,Ery,9
1202,16Neu,Neu,Neu,3
1203,10GMP,GMP,GMP,7
1204,14Mo,Mo,Mo,1
1205,1Ery,Ery,Ery,8
1206,2Ery,Ery,Ery,8
1207,3Ery,Ery,Ery,6
1208,15Mo,Mo,Mo,3
1209,7MEP,MEP,MEP,0
1210,4Ery,Ery,Ery,2
1211,7MEP,MEP,MEP,4
1212,5Ery,Ery,Ery,2
1213,2Ery,Ery,Ery,2
1214,13Baso,Baso,Baso,7
1215,14Mo,Mo,Mo,1
1216,15Mo,Mo,Mo,1
1217,2Ery,Ery,Ery,6
1218,14Mo,Mo,Mo,3
1219,6Ery,Ery,Ery,9
1220,12Baso,Baso,Baso,5
1221,2Ery,Ery,Ery,6
1222,19Lymph,Lymph,Lymph,1
1223,6Ery,Ery,Ery,9
1224,14Mo,Mo,Mo,1
1225,6Ery,Ery,Ery,9
1226,17Neu,Neu,Neu,5
1227,6Ery,Ery,Ery,9
1228,6Ery,Ery,Ery,4
1229,9GMP,GMP,GMP,7
1230,3Ery,Ery,Ery,6
1231,14Mo,Mo,Mo,1
1232,6Ery,Ery,Ery,9
1233,15Mo,Mo,Mo,3
1234,15Mo,Mo,Mo,1
1235,13Baso,Baso,Baso,1
1236,3Ery,Ery,Ery,6
1237,16Neu,Neu,Neu,3
1238,7MEP,MEP,MEP,4
1239,3Ery,Ery,Ery,6
1240,13Baso,Baso,Baso,1
1241,3Ery,Ery,Ery,6
1242,14Mo,Mo,Mo,1
1243,14Mo,Mo,Mo,1
1244,8Mk,Mk,Mk,0
1245,16Neu,Neu,Neu,3
1246,14Mo,Mo,Mo,3
1247,17Neu,Neu,Neu,5
1248,3Ery,Ery,Ery,6
1249,5Ery,Ery,Ery,2
1250,10GMP,GMP,GMP,7
1251,16Neu,Neu,Neu,3
1252,2Ery,Ery,Ery,2
1253,14Mo,Mo,Mo,7
1254,6Ery,Ery,Ery,9
1255,14Mo,Mo,Mo,1
1256,13Baso,Baso,Baso,1
1257,5Ery,Ery,Ery,2
1258,10GMP,GMP,GMP,7
1259,7MEP,MEP,MEP,4
1260,2Ery,Ery,Ery,2
1261,2Ery,Ery,Ery,2
1262,2Ery,Ery,Ery,8
1263,14Mo,Mo,Mo,3
1264,7MEP,MEP,MEP,4
1265,8Mk,Mk,Mk,0
1266,14Mo,Mo,Mo,1
1267,2Ery,Ery,Ery,8
1268,2Ery,Ery,Ery,8
1269,14Mo,Mo,Mo,7
1270,13Baso,Baso,Baso,1
1271,7MEP,MEP,MEP,4
1272,4Ery,Ery,Ery,6
1273,13Baso,Baso,Baso,1
1274,13Baso,Baso,Baso,1
1275,5Ery,Ery,Ery,2
1276,2Ery,Ery,Ery,8
1277,18Eos,Eos,Eos,5
1278,15Mo,Mo,Mo,3
1279,5Ery,Ery,Ery,9
1280,7MEP,MEP,MEP,4
1281,2Ery,Ery,Ery,8
1282,13Baso,Baso,Baso,1
1283,14Mo,Mo,Mo,1
1284,6Ery,Ery,Ery,4
1285,5Ery,Ery,Ery,9
1286,4Ery,Ery,Ery,9
1287,13Baso,Baso,Baso,1
1288,7MEP,MEP,MEP,4
1289,5Ery,Ery,Ery,2
1290,5Ery,Ery,Ery,2
1291,10GMP,GMP,GMP,7
1292,16Neu,Neu,Neu,3
1293,2Ery,Ery,Ery,6
1294,14Mo,Mo,Mo,1
1295,3Ery,Ery,Ery,6
1296,2Ery,Ery,Ery,2
1297,10GMP,GMP,GMP,7
1298,16Neu,Neu,Neu,3
1299,8Mk,Mk,Mk,0
1300,6Ery,Ery,Ery,4
1301,15Mo,Mo,Mo,3
1302,5Ery,Ery,Ery,9
1303,10GMP,GMP,GMP,7
1304,7MEP,MEP,MEP,4
1305,14Mo,Mo,Mo,1
1306,19Lymph,Lymph,Lymph,1
1307,2Ery,Ery,Ery,6
1308,15Mo,Mo,Mo,3
1309,3Ery,Ery,Ery,6
1310,6Ery,Ery,Ery,9
1311,1Ery,Ery,Ery,8
1312,2Ery,Ery,Ery,6
1313,3Ery,Ery,Ery,6
1314,4Ery,Ery,Ery,6
1315,6Ery,Ery,Ery,9
1316,13Baso,Baso,Baso,1
1317,3Ery,Ery,Ery,9
1318,5Ery,Ery,Ery,2
1319,14Mo,Mo,Mo,7
1320,13Baso,Baso,Baso,3
1321,13Baso,Baso,Baso,1
1322,3Ery,Ery,Ery,6
1323,4Ery,Ery,Ery,9
1324,7MEP,MEP,MEP,4
1325,10GMP,GMP,GMP,7
1326,11DC,DC,DC,10
1327,3Ery,Ery,Ery,6
1328,13Baso,Baso,Baso,7
1329,2Ery,Ery,Ery,2
1330,13Baso,Baso,Baso,7
1331,2Ery,Ery,Ery,6
1332,4Ery,Ery,Ery,6
1333,10GMP,GMP,GMP,7
1334,16Neu,Neu,Neu,3
1335,14Mo,Mo,Mo,3
1336,16Neu,Neu,Neu,3
1337,10GMP,GMP,GMP,0
1338,2Ery,Ery,Ery,2
1339,2Ery,Ery,Ery,8
1340,6Ery,Ery,Ery,9
1341,3Ery,Ery,Ery,6
1342,14Mo,Mo,Mo,1
1343,14Mo,Mo,Mo,7
1344,15Mo,Mo,Mo,3
1345,10GMP,GMP,GMP,7
1346,13Baso,Baso,Baso,1
1347,3Ery,Ery,Ery,9
1348,7MEP,MEP,MEP,4
1349,13Baso,Baso,Baso,1
1350,2Ery,Ery,Ery,8
1351,14Mo,Mo,Mo,1
1352,14Mo,Mo,Mo,1
1353,15Mo,Mo,Mo,1
1354,4Ery,Ery,Ery,8
1355,15Mo,Mo,Mo,3
1356,14Mo,Mo,Mo,1
1357,10GMP,GMP,GMP,7
1358,13Baso,Baso,Baso,7
1359,16Neu,Neu,Neu,3
1360,8Mk,Mk,Mk,0
1361,13Baso,Baso,Baso,1
1362,5Ery,Ery,Ery,9
1363,6Ery,Ery,Ery,2
1364,14Mo,Mo,Mo,1
1365,2Ery,Ery,Ery,2
1366,6Ery,Ery,Ery,9
1367,3Ery,Ery,Ery,6
1368,14Mo,Mo,Mo,7
1369,7MEP,MEP,MEP,9
1370,7MEP,MEP,MEP,4
1371,14Mo,Mo,Mo,1
1372,5Ery,Ery,Ery,2
1373,13Baso,Baso,Baso,1
1374,2Ery,Ery,Ery,8
1375,16Neu,Neu,Neu,3
1376,12Baso,Baso,Baso,4
1377,14Mo,Mo,Mo,3
1378,8Mk,Mk,Mk,0
1379,4Ery,Ery,Ery,9
1380,3Ery,Ery,Ery,9
1381,2Ery,Ery,Ery,6
1382,14Mo,Mo,Mo,1
1383,7MEP,MEP,MEP,4
1384,19Lymph,Lymph,Lymph,1
1385,7MEP,MEP,MEP,0
1386,10GMP,GMP,GMP,4
1387,13Baso,Baso,Baso,1
1388,2Ery,Ery,Ery,8
1389,2Ery,Ery,Ery,6
1390,3Ery,Ery,Ery,6
1391,3Ery,Ery,Ery,6
1392,6Ery,Ery,Ery,2
1393,7MEP,MEP,MEP,4
1394,8Mk,Mk,Mk,7
1395,2Ery,Ery,Ery,2
1396,1Ery,Ery,Ery,8
1397,9GMP,GMP,GMP,7
1398,13Baso,Baso,Baso,1
1399,15Mo,Mo,Mo,7
1400,6Ery,Ery,Ery,4
1401,13Baso,Baso,Baso,1
1402,3Ery,Ery,Ery,6
1403,16Neu,Neu,Neu,3
1404,14Mo,Mo,Mo,1
1405,5Ery,Ery,Ery,2
1406,7MEP,MEP,MEP,4
1407,13Baso,Baso,Baso,1
1408,4Ery,Ery,Ery,9
1409,13Baso,Baso,Baso,1
1410,2Ery,Ery,Ery,6
1411,15Mo,Mo,Mo,3
1412,7MEP,MEP,MEP,4
1413,3Ery,Ery,Ery,6
1414,10GMP,GMP,GMP,7
1415,13Baso,Baso,Baso,1
1416,3Ery,Ery,Ery,6
1417,1Ery,Ery,Ery,8
1418,13Baso,Baso,Baso,5
1419,13Baso,Baso,Baso,1
1420,7MEP,MEP,MEP,4
1421,16Neu,Neu,Neu,1
1422,14Mo,Mo,Mo,1
1423,3Ery,Ery,Ery,6
1424,2Ery,Ery,Ery,6
1425,1Ery,Ery,Ery,6
1426,13Baso,Baso,Baso,1
1427,15Mo,Mo,Mo,3
1428,8Mk,Mk,Mk,0
1429,2Ery,Ery,Ery,6
1430,14Mo,Mo,Mo,1
1431,14Mo,Mo,Mo,1
1432,14Mo,Mo,Mo,7
1433,9GMP,GMP,GMP,7
1434,14Mo,Mo,Mo,1
1435,14Mo,Mo,Mo,5
1436,2Ery,Ery,Ery,8
1437,7MEP,MEP,MEP,4
1438,2Ery,Ery,Ery,6
1439,16Neu,Neu,Neu,3
1440,10GMP,GMP,GMP,7
1441,6Ery,Ery,Ery,2
1442,2Ery,Ery,Ery,6
1443,15Mo,Mo,Mo,1
1444,14Mo,Mo,Mo,7
1445,15Mo,Mo,Mo,3
1446,3Ery,Ery,Ery,9
1447,12Baso,Baso,Baso,5
1448,2Ery,Ery,Ery,6
1449,13Baso,Baso,Baso,1
1450,13Baso,Baso,Baso,1
1451,7MEP,MEP,MEP,4
1452,6Ery,Ery,Ery,9
1453,5Ery,Ery,Ery,9
1454,2Ery,Ery,Ery,8
1455,19Lymph,Lymph,Lymph,1
1456,14Mo,Mo,Mo,3
1457,12Baso,Baso,Baso,4
1458,2Ery,Ery,Ery,8
1459,16Neu,Neu,Neu,3
1460,4Ery,Ery,Ery,9
1461,6Ery,Ery,Ery,4
1462,13Baso,Baso,Baso,7
1463,4Ery,Ery,Ery,2
1464,2Ery,Ery,Ery,6
1465,4Ery,Ery,Ery,8
1466,15Mo,Mo,Mo,7
1467,1Ery,Ery,Ery,6
1468,15Mo,Mo,Mo,3
1469,13Baso,Baso,Baso,1
1470,15Mo,Mo,Mo,1
1471,3Ery,Ery,Ery,8
1472,6Ery,Ery,Ery,2
1473,12Baso,Baso,Baso,4
1474,12Baso,Baso,Baso,5
1475,13Baso,Baso,Baso,7
1476,5Ery,Ery,Ery,9
1477,16Neu,Neu,Neu,7
1478,6Ery,Ery,Ery,9
1479,13Baso,Baso,Baso,1
1480,2Ery,Ery,Ery,6
1481,14Mo,Mo,Mo,1
1482,3Ery,Ery,Ery,2
1483,14Mo,Mo,Mo,1
1484,8Mk,Mk,Mk,0
1485,2Ery,Ery,Ery,8
1486,9GMP,GMP,GMP,7
1487,4Ery,Ery,Ery,9
1488,3Ery,Ery,Ery,9
1489,3Ery,Ery,Ery,9
1490,14Mo,Mo,Mo,1
1491,2Ery,Ery,Ery,8
1492,10GMP,GMP,GMP,7
1493,16Neu,Neu,Neu,3
1494,6Ery,Ery,Ery,4
1495,14Mo,Mo,Mo,1
1496,16Neu,Neu,Neu,3
1497,5Ery,Ery,Ery,9
1498,10GMP,GMP,GMP,7
1499,16Neu,Neu,Neu,1
1500,12Baso,Baso,Baso,4
1501,11DC,DC,DC,10
1502,15Mo,Mo,Mo,3
1503,2Ery,Ery,Ery,2
1504,13Baso,Baso,Baso,1
1505,7MEP,MEP,MEP,4
1506,13Baso,Baso,Baso,1
1507,13Baso,Baso,Baso,1
1508,2Ery,Ery,Ery,8
1509,6Ery,Ery,Ery,9
1510,14Mo,Mo,Mo,1
1511,5Ery,Ery,Ery,2
1512,16Neu,Neu,Neu,3
1513,5Ery,Ery,Ery,2
1514,6Ery,Ery,Ery,9
1515,18Eos,Eos,Eos,5
1516,14Mo,Mo,Mo,1
1517,14Mo,Mo,Mo,1
1518,13Baso,Baso,Baso,1
1519,15Mo,Mo,Mo,3
1520,2Ery,Ery,Ery,2
1521,2Ery,Ery,Ery,6
1522,13Baso,Baso,Baso,7
1523,3Ery,Ery,Ery,2
1524,2Ery,Ery,Ery,6
1525,15Mo,Mo,Mo,1
1526,12Baso,Baso,Baso,5
1527,7MEP,MEP,MEP,4
1528,3Ery,Ery,Ery,4
1529,4Ery,Ery,Ery,4
1530,15Mo,Mo,Mo,3
1531,14Mo,Mo,Mo,1
1532,4Ery,Ery,Ery,6
1533,4Ery,Ery,Ery,8
1534,13Baso,Baso,Baso,7
1535,9GMP,GMP,GMP,7
1536,12Baso,Baso,Baso,5
1537,2Ery,Ery,Ery,8
1538,4Ery,Ery,Ery,2
1539,9GMP,GMP,GMP,4
1540,16Neu,Neu,Neu,3
1541,16Neu,Neu,Neu,3
1542,2Ery,Ery,Ery,8
1543,2Ery,Ery,Ery,8
1544,16Neu,Neu,Neu,3
1545,7MEP,MEP,MEP,4
1546,14Mo,Mo,Mo,7
1547,14Mo,Mo,Mo,7
1548,14Mo,Mo,Mo,5
1549,5Ery,Ery,Ery,2
1550,5Ery,Ery,Ery,2
1551,3Ery,Ery,Ery,6
1552,3Ery,Ery,Ery,6
1553,2Ery,Ery,Ery,8
1554,18Eos,Eos,Eos,5
1555,14Mo,Mo,Mo,1
1556,3Ery,Ery,Ery,6
1557,14Mo,Mo,Mo,1
1558,14Mo,Mo,Mo,3
1559,12Baso,Baso,Baso,4
1560,14Mo,Mo,Mo,1
1561,4Ery,Ery,Ery,9
1562,3Ery,Ery,Ery,6
1563,14Mo,Mo,Mo,1
1564,7MEP,MEP,MEP,4
1565,5Ery,Ery,Ery,4
1566,12Baso,Baso,Baso,5
1567,2Ery,Ery,Ery,6
1568,15Mo,Mo,Mo,1
1569,14Mo,Mo,Mo,3
1570,3Ery,Ery,Ery,6
1571,14Mo,Mo,Mo,7
1572,2Ery,Ery,Ery,8
1573,3Ery,Ery,Ery,6
1574,2Ery,Ery,Ery,8
1575,16Neu,Neu,Neu,3
1576,7MEP,MEP,MEP,4
1577,2Ery,Ery,Ery,8
1578,10GMP,GMP,GMP,7
1579,7MEP,MEP,MEP,4
1580,5Ery,Ery,Ery,2
1581,5Ery,Ery,Ery,4
1582,13Baso,Baso,Baso,5
1583,6Ery,Ery,Ery,4
1584,7MEP,MEP,MEP,4
1585,3Ery,Ery,Ery,6
1586,10GMP,GMP,GMP,4
1587,5Ery,Ery,Ery,2
1588,5Ery,Ery,Ery,9
1589,1Ery,Ery,Ery,8
1590,13Baso,Baso,Baso,1
1591,15Mo,Mo,Mo,1
1592,3Ery,Ery,Ery,2
1593,6Ery,Ery,Ery,9
1594,14Mo,Mo,Mo,1
1595,11DC,DC,DC,10
1596,3Ery,Ery,Ery,6
1597,3Ery,Ery,Ery,9
1598,3Ery,Ery,Ery,6
1599,16Neu,Neu,Neu,3
1600,3Ery,Ery,Ery,9
1601,9GMP,GMP,GMP,7
1602,14Mo,Mo,Mo,1
1603,12Baso,Baso,Baso,5
1604,9GMP,GMP,GMP,7
1605,14Mo,Mo,Mo,1
1606,14Mo,Mo,Mo,1
1607,8Mk,Mk,Mk,0
1608,5Ery,Ery,Ery,2
1609,15Mo,Mo,Mo,3
1610,15Mo,Mo,Mo,1
1611,3Ery,Ery,Ery,6
1612,16Neu,Neu,Neu,3
1613,15Mo,Mo,Mo,7
1614,4Ery,Ery,Ery,2
1615,3Ery,Ery,Ery,2
1616,8Mk,Mk,Mk,0
1617,15Mo,Mo,Mo,1
1618,14Mo,Mo,Mo,1
1619,5Ery,Ery,Ery,2
1620,3Ery,Ery,Ery,2
1621,4Ery,Ery,Ery,4
1622,2Ery,Ery,Ery,8
1623,8Mk,Mk,Mk,7
1624,7MEP,MEP,MEP,4
1625,10GMP,GMP,GMP,7
1626,15Mo,Mo,Mo,3
1627,14Mo,Mo,Mo,1
1628,13Baso,Baso,Baso,7
1629,3Ery,Ery,Ery,8
1630,7MEP,MEP,MEP,0
1631,2Ery,Ery,Ery,8
1632,13Baso,Baso,Baso,1
1633,2Ery,Ery,Ery,2
1634,10GMP,GMP,GMP,7
1635,2Ery,Ery,Ery,8
1636,2Ery,Ery,Ery,8
1637,2Ery,Ery,Ery,8
1638,12Baso,Baso,Baso,5
1639,14Mo,Mo,Mo,1
1640,1Ery,Ery,Ery,8
1641,14Mo,Mo,Mo,7
1642,14Mo,Mo,Mo,7
1643,2Ery,Ery,Ery,8
1644,14Mo,Mo,Mo,3
1645,16Neu,Neu,Neu,3
1646,14Mo,Mo,Mo,1
1647,8Mk,Mk,Mk,0
1648,16Neu,Neu,Neu,1
1649,16Neu,Neu,Neu,3
1650,2Ery,Ery,Ery,8
1651,8Mk,Mk,Mk,0
1652,5Ery,Ery,Ery,9
1653,6Ery,Ery,Ery,9
1654,19Lymph,Lymph,Lymph,1
1655,15Mo,Mo,Mo,7
1656,13Baso,Baso,Baso,7
1657,5Ery,Ery,Ery,2
1658,14Mo,Mo,Mo,1
1659,5Ery,Ery,Ery,9
1660,6Ery,Ery,Ery,2
1661,16Neu,Neu,Neu,3
1662,3Ery,Ery,Ery,6
1663,15Mo,Mo,Mo,3
1664,7MEP,MEP,MEP,4
1665,7MEP,MEP,MEP,2
1666,10GMP,GMP,GMP,7
1667,14Mo,Mo,Mo,1
1668,3Ery,Ery,Ery,6
1669,4Ery,Ery,Ery,9
1670,13Baso,Baso,Baso,1
1671,15Mo,Mo,Mo,3
1672,11DC,DC,DC,10
1673,17Neu,Neu,Neu,5
1674,4Ery,Ery,Ery,9
1675,6Ery,Ery,Ery,9
1676,3Ery,Ery,Ery,6
1677,3Ery,Ery,Ery,6
1678,7MEP,MEP,MEP,4
1679,8Mk,Mk,Mk,0
1680,6Ery,Ery,Ery,9
1681,11DC,DC,DC,4
1682,16Neu,Neu,Neu,3
1683,3Ery,Ery,Ery,6
1684,14Mo,Mo,Mo,1
1685,4Ery,Ery,Ery,9
1686,4Ery,Ery,Ery,6
1687,11DC,DC,DC,10
1688,3Ery,Ery,Ery,2
1689,14Mo,Mo,Mo,1
1690,15Mo,Mo,Mo,1
1691,3Ery,Ery,Ery,6
1692,10GMP,GMP,GMP,7
1693,6Ery,Ery,Ery,9
1694,2Ery,Ery,Ery,8
1695,16Neu,Neu,Neu,3
1696,15Mo,Mo,Mo,3
1697,7MEP,MEP,MEP,4
1698,3Ery,Ery,Ery,6
1699,10GMP,GMP,GMP,5
1700,3Ery,Ery,Ery,6
1701,14Mo,Mo,Mo,1
1702,7MEP,MEP,MEP,4
1703,6Ery,Ery,Ery,2
1704,10GMP,GMP,GMP,7
1705,10GMP,GMP,GMP,7
1706,3Ery,Ery,Ery,6
1707,7MEP,MEP,MEP,4
1708,2Ery,Ery,Ery,6
1709,4Ery,Ery,Ery,9
1710,7MEP,MEP,MEP,4
1711,13Baso,Baso,Baso,7
1712,6Ery,Ery,Ery,9
1713,15Mo,Mo,Mo,1
1714,8Mk,Mk,Mk,4
1715,10GMP,GMP,GMP,7
1716,4Ery,Ery,Ery,9
1717,4Ery,Ery,Ery,6
1718,3Ery,Ery,Ery,6
1719,7MEP,MEP,MEP,4
1720,2Ery,Ery,Ery,8
1721,16Neu,Neu,Neu,3
1722,3Ery,Ery,Ery,2
1723,3Ery,Ery,Ery,9
1724,6Ery,Ery,Ery,9
1725,6Ery,Ery,Ery,4
1726,7MEP,MEP,MEP,4
1727,4Ery,Ery,Ery,9
1728,16Neu,Neu,Neu,3
1729,2Ery,Ery,Ery,6
1730,13Baso,Baso,Baso,1
1731,10GMP,GMP,GMP,7
1732,3Ery,Ery,Ery,6
1733,3Ery,Ery,Ery,6
1734,10GMP,GMP,GMP,7
1735,6Ery,Ery,Ery,2
1736,14Mo,Mo,Mo,7
1737,15Mo,Mo,Mo,3
1738,7MEP,MEP,MEP,4
1739,13Baso,Baso,Baso,7
1740,14Mo,Mo,Mo,1
1741,14Mo,Mo,Mo,1
1742,14Mo,Mo,Mo,1
1743,2Ery,Ery,Ery,8
1744,16Neu,Neu,Neu,3
1745,7MEP,MEP,MEP,4
1746,14Mo,Mo,Mo,1
1747,10GMP,GMP,GMP,1
1748,14Mo,Mo,Mo,1
1749,6Ery,Ery,Ery,9
1750,14Mo,Mo,Mo,1
1751,16Neu,Neu,Neu,3
1752,2Ery,Ery,Ery,6
1753,10GMP,GMP,GMP,7
1754,16Neu,Neu,Neu,3
1755,14Mo,Mo,Mo,7
1756,14Mo,Mo,Mo,1
1757,5Ery,Ery,Ery,2
1758,12Baso,Baso,Baso,5
1759,4Ery,Ery,Ery,6
1760,3Ery,Ery,Ery,6
1761,13Baso,Baso,Baso,7
1762,2Ery,Ery,Ery,6
1763,4Ery,Ery,Ery,2
1764,4Ery,Ery,Ery,2
1765,3Ery,Ery,Ery,2
1766,3Ery,Ery,Ery,2
1767,13Baso,Baso,Baso,1
1768,12Baso,Baso,Baso,4
1769,14Mo,Mo,Mo,1
1770,16Neu,Neu,Neu,3
1771,3Ery,Ery,Ery,9
1772,5Ery,Ery,Ery,2
1773,6Ery,Ery,Ery,4
1774,7MEP,MEP,MEP,4
1775,4Ery,Ery,Ery,9
1776,4Ery,Ery,Ery,9
1777,5Ery,Ery,Ery,2
1778,14Mo,Mo,Mo,1
1779,14Mo,Mo,Mo,7
1780,2Ery,Ery,Ery,8
1781,12Baso,Baso,Baso,4
1782,3Ery,Ery,Ery,6
1783,5Ery,Ery,Ery,2
1784,2Ery,Ery,Ery,2
1785,2Ery,Ery,Ery,8
1786,16Neu,Neu,Neu,3
1787,7MEP,MEP,MEP,4
1788,5Ery,Ery,Ery,2
1789,2Ery,Ery,Ery,8
1790,7MEP,MEP,MEP,4
1791,3Ery,Ery,Ery,9
1792,4Ery,Ery,Ery,2
1793,2Ery,Ery,Ery,6
1794,5Ery,Ery,Ery,2
1795,10GMP,GMP,GMP,7
1796,1Ery,Ery,Ery,8
1797,10GMP,GMP,GMP,7
1798,11DC,DC,DC,10
1799,16Neu,Neu,Neu,1
1800,2Ery,Ery,Ery,9
1801,2Ery,Ery,Ery,8
1802,2Ery,Ery,Ery,8
1803,5Ery,Ery,Ery,2
1804,5Ery,Ery,Ery,2
1805,14Mo,Mo,Mo,1
1806,14Mo,Mo,Mo,1
1807,16Neu,Neu,Neu,3
1808,10GMP,GMP,GMP,0
1809,14Mo,Mo,Mo,1
1810,14Mo,Mo,Mo,1
1811,4Ery,Ery,Ery,2
1812,2Ery,Ery,Ery,8
1813,6Ery,Ery,Ery,9
1814,2Ery,Ery,Ery,8
1815,19Lymph,Lymph,Lymph,1
1816,16Neu,Neu,Neu,3
1817,1Ery,Ery,Ery,8
1818,13Baso,Baso,Baso,7
1819,3Ery,Ery,Ery,6
1820,15Mo,Mo,Mo,3
1821,3Ery,Ery,Ery,9
1822,5Ery,Ery,Ery,2
1823,2Ery,Ery,Ery,8
1824,2Ery,Ery,Ery,8
1825,16Neu,Neu,Neu,3
1826,4Ery,Ery,Ery,9
1827,12Baso,Baso,Baso,5
1828,3Ery,Ery,Ery,8
1829,12Baso,Baso,Baso,4
1830,14Mo,Mo,Mo,1
1831,15Mo,Mo,Mo,3
1832,14Mo,Mo,Mo,1
1833,10GMP,GMP,GMP,7
1834,6Ery,Ery,Ery,2
1835,12Baso,Baso,Baso,5
1836,2Ery,Ery,Ery,8
1837,3Ery,Ery,Ery,6
1838,4Ery,Ery,Ery,2
1839,7MEP,MEP,MEP,4
1840,4Ery,Ery,Ery,9
1841,15Mo,Mo,Mo,3
1842,2Ery,Ery,Ery,6
1843,7MEP,MEP,MEP,4
1844,14Mo,Mo,Mo,1
1845,3Ery,Ery,Ery,6
1846,13Baso,Baso,Baso,1
1847,3Ery,Ery,Ery,6
1848,15Mo,Mo,Mo,3
1849,15Mo,Mo,Mo,3
1850,13Baso,Baso,Baso,1
1851,14Mo,Mo,Mo,1
1852,4Ery,Ery,Ery,6
1853,14Mo,Mo,Mo,1
1854,6Ery,Ery,Ery,2
1855,3Ery,Ery,Ery,9
1856,14Mo,Mo,Mo,1
1857,8Mk,Mk,Mk,9
1858,8Mk,Mk,Mk,0
1859,7MEP,MEP,MEP,4
1860,15Mo,Mo,Mo,3
1861,15Mo,Mo,Mo,3
1862,13Baso,Baso,Baso,1
1863,16Neu,Neu,Neu,3
1864,6Ery,Ery,Ery,4
1865,3Ery,Ery,Ery,6
1866,2Ery,Ery,Ery,8
1867,13Baso,Baso,Baso,7
1868,3Ery,Ery,Ery,6
1869,3Ery,Ery,Ery,6
1870,13Baso,Baso,Baso,1
1871,11DC,DC,DC,10
1872,10GMP,GMP,GMP,7
1873,4Ery,Ery,Ery,6
1874,2Ery,Ery,Ery,8
1875,7MEP,MEP,MEP,9
1876,7MEP,MEP,MEP,4
1877,6Ery,Ery,Ery,9
1878,3Ery,Ery,Ery,6
1879,16Neu,Neu,Neu,3
1880,7MEP,MEP,MEP,4
1881,14Mo,Mo,Mo,1
1882,3Ery,Ery,Ery,9
1883,6Ery,Ery,Ery,9
1884,9GMP,GMP,GMP,7
1885,12Baso,Baso,Baso,5
1886,3Ery,Ery,Ery,6
1887,14Mo,Mo,Mo,1
1888,10GMP,GMP,GMP,7
1889,4Ery,Ery,Ery,9
1890,7MEP,MEP,MEP,4
1891,6Ery,Ery,Ery,9
1892,14Mo,Mo,Mo,1
1893,14Mo,Mo,Mo,1
1894,4Ery,Ery,Ery,8
1895,3Ery,Ery,Ery,8
1896,3Ery,Ery,Ery,9
1897,2Ery,Ery,Ery,8
1898,16Neu,Neu,Neu,3
1899,3Ery,Ery,Ery,6
1900,7MEP,MEP,MEP,4
1901,18Eos,Eos,Eos,5
1902,6Ery,Ery,Ery,9
1903,13Baso,Baso,Baso,1
1904,4Ery,Ery,Ery,2
1905,10GMP,GMP,GMP,7
1906,6Ery,Ery,Ery,9
1907,2Ery,Ery,Ery,2
1908,12Baso,Baso,Baso,4
1909,1Ery,Ery,Ery,8
1910,4Ery,Ery,Ery,9
1911,13Baso,Baso,Baso,1
1912,14Mo,Mo,Mo,1
1913,14Mo,Mo,Mo,3
1914,13Baso,Baso,Baso,7
1915,3Ery,Ery,Ery,6
1916,3Ery,Ery,Ery,6
1917,16Neu,Neu,Neu,3
1918,15Mo,Mo,Mo,3
1919,14Mo,Mo,Mo,7
1920,3Ery,Ery,Ery,9
1921,6Ery,Ery,Ery,2
1922,2Ery,Ery,Ery,8
1923,10GMP,GMP,GMP,7
1924,14Mo,Mo,Mo,3
1925,5Ery,Ery,Ery,9
1926,4Ery,Ery,Ery,2
1927,15Mo,Mo,Mo,3
1928,13Baso,Baso,Baso,1
1929,15Mo,Mo,Mo,1
1930,13Baso,Baso,Baso,1
1931,14Mo,Mo,Mo,1
1932,12Baso,Baso,Baso,5
1933,16Neu,Neu,Neu,3
1934,13Baso,Baso,Baso,7
1935,6Ery,Ery,Ery,9
1936,15Mo,Mo,Mo,3
1937,4Ery,Ery,Ery,2
1938,14Mo,Mo,Mo,3
1939,13Baso,Baso,Baso,7
1940,15Mo,Mo,Mo,3
1941,3Ery,Ery,Ery,9
1942,10GMP,GMP,GMP,7
1943,13Baso,Baso,Baso,7
1944,4Ery,Ery,Ery,6
1945,8Mk,Mk,Mk,7
1946,3Ery,Ery,Ery,9
1947,14Mo,Mo,Mo,1
1948,15Mo,Mo,Mo,1
1949,16Neu,Neu,Neu,1
1950,15Mo,Mo,Mo,3
1951,9GMP,GMP,GMP,7
1952,16Neu,Neu,Neu,3
1953,12Baso,Baso,Baso,5
1954,10GMP,GMP,GMP,4
1955,14Mo,Mo,Mo,3
1956,14Mo,Mo,Mo,1
1957,14Mo,Mo,Mo,1
1958,7MEP,MEP,MEP,2
1959,15Mo,Mo,Mo,1
1960,17Neu,Neu,Neu,5
1961,2Ery,Ery,Ery,6
1962,14Mo,Mo,Mo,3
1963,14Mo,Mo,Mo,7
1964,4Ery,Ery,Ery,9
1965,6Ery,Ery,Ery,2
1966,15Mo,Mo,Mo,3
1967,2Ery,Ery,Ery,8
1968,2Ery,Ery,Ery,9
1969,5Ery,Ery,Ery,2
1970,2Ery,Ery,Ery,8
1971,2Ery,Ery,Ery,8
1972,14Mo,Mo,Mo,1
1973,2Ery,Ery,Ery,8
1974,14Mo,Mo,Mo,1
1975,15Mo,Mo,Mo,1
1976,5Ery,Ery,Ery,2
1977,6Ery,Ery,Ery,2
1978,13Baso,Baso,Baso,7
1979,6Ery,Ery,Ery,4
1980,13Baso,Baso,Baso,1
1981,5Ery,Ery,Ery,2
1982,15Mo,Mo,Mo,1
1983,3Ery,Ery,Ery,2
1984,10GMP,GMP,GMP,7
1985,2Ery,Ery,Ery,2
1986,14Mo,Mo,Mo,1
1987,2Ery,Ery,Ery,2
1988,14Mo,Mo,Mo,7
1989,2Ery,Ery,Ery,8
1990,2Ery,Ery,Ery,8
1991,2Ery,Ery,Ery,2
1992,5Ery,Ery,Ery,2
1993,14Mo,Mo,Mo,1
1994,1Ery,Ery,Ery,8
1995,5Ery,Ery,Ery,9
1996,4Ery,Ery,Ery,2
1997,2Ery,Ery,Ery,8
1998,10GMP,GMP,GMP,7
1999,2Ery,Ery,Ery,2
2000,2Ery,Ery,Ery,2
2001,7MEP,MEP,MEP,4
2002,2Ery,Ery,Ery,8
2003,7MEP,MEP,MEP,4
2004,1Ery,Ery,Ery,8
2005,7MEP,MEP,MEP,4
2006,9GMP,GMP,GMP,7
2007,2Ery,Ery,Ery,8
2008,17Neu,Neu,Neu,4
2009,14Mo,Mo,Mo,1
2010,14Mo,Mo,Mo,1
2011,13Baso,Baso,Baso,1
2012,7MEP,MEP,MEP,4
2013,16Neu,Neu,Neu,3
2014,2Ery,Ery,Ery,2
2015,2Ery,Ery,Ery,8
2016,7MEP,MEP,MEP,4
2017,6Ery,Ery,Ery,4
2018,14Mo,Mo,Mo,1
2019,4Ery,Ery,Ery,9
2020,6Ery,Ery,Ery,4
2021,2Ery,Ery,Ery,8
2022,4Ery,Ery,Ery,2
2023,1Ery,Ery,Ery,6
2024,5Ery,Ery,Ery,2
2025,19Lymph,Lymph,Lymph,1
2026,8Mk,Mk,Mk,0
2027,4Ery,Ery,Ery,2
2028,6Ery,Ery,Ery,4
2029,13Baso,Baso,Baso,1
2030,6Ery,Ery,Ery,9
2031,13Baso,Baso,Baso,1
2032,7MEP,MEP,MEP,4
2033,3Ery,Ery,Ery,6
2034,3Ery,Ery,Ery,6
2035,13Baso,Baso,Baso,1
2036,3Ery,Ery,Ery,9
2037,15Mo,Mo,Mo,3
2038,14Mo,Mo,Mo,1
2039,6Ery,Ery,Ery,9
2040,10GMP,GMP,GMP,7
2041,16Neu,Neu,Neu,3
2042,4Ery,Ery,Ery,9
2043,14Mo,Mo,Mo,1
2044,14Mo,Mo,Mo,1
2045,10GMP,GMP,GMP,7
2046,3Ery,Ery,Ery,9
2047,10GMP,GMP,GMP,7
2048,14Mo,Mo,Mo,5
2049,3Ery,Ery,Ery,9
2050,4Ery,Ery,Ery,8
2051,19Lymph,Lymph,Lymph,1
2052,14Mo,Mo,Mo,7
2053,3Ery,Ery,Ery,8
2054,15Mo,Mo,Mo,3
2055,15Mo,Mo,Mo,3
2056,10GMP,GMP,GMP,7
2057,15Mo,Mo,Mo,3
2058,15Mo,Mo,Mo,3
2059,14Mo,Mo,Mo,1
2060,13Baso,Baso,Baso,1
2061,16Neu,Neu,Neu,3
2062,14Mo,Mo,Mo,7
2063,4Ery,Ery,Ery,6
2064,14Mo,Mo,Mo,7
2065,9GMP,GMP,GMP,4
2066,3Ery,Ery,Ery,6
2067,14Mo,Mo,Mo,1
2068,3Ery,Ery,Ery,9
2069,10GMP,GMP,GMP,7
2070,16Neu,Neu,Neu,3
2071,16Neu,Neu,Neu,3
2072,13Baso,Baso,Baso,1
2073,1Ery,Ery,Ery,8
2074,6Ery,Ery,Ery,4
2075,2Ery,Ery,Ery,2
2076,14Mo,Mo,Mo,7
2077,2Ery,Ery,Ery,8
2078,14Mo,Mo,Mo,3
2079,5Ery,Ery,Ery,2
2080,2Ery,Ery,Ery,8
2081,9GMP,GMP,GMP,7
2082,13Baso,Baso,Baso,1
2083,2Ery,Ery,Ery,2
2084,3Ery,Ery,Ery,2
2085,16Neu,Neu,Neu,3
2086,13Baso,Baso,Baso,7
2087,14Mo,Mo,Mo,1
2088,4Ery,Ery,Ery,2
2089,3Ery,Ery,Ery,6
2090,6Ery,Ery,Ery,9
2091,7MEP,MEP,MEP,4
2092,10GMP,GMP,GMP,7
2093,4Ery,Ery,Ery,2
2094,2Ery,Ery,Ery,2
2095,16Neu,Neu,Neu,3
2096,12Baso,Baso,Baso,5
2097,19Lymph,Lymph,Lymph,1
2098,7MEP,MEP,MEP,4
2099,13Baso,Baso,Baso,7
2100,4Ery,Ery,Ery,2
2101,7MEP,MEP,MEP,4
2102,4Ery,Ery,Ery,9
2103,12Baso,Baso,Baso,5
2104,5Ery,Ery,Ery,2
2105,2Ery,Ery,Ery,2
2106,2Ery,Ery,Ery,8
2107,9GMP,GMP,GMP,7
2108,1Ery,Ery,Ery,8
2109,11DC,DC,DC,10
2110,3Ery,Ery,Ery,9
2111,14Mo,Mo,Mo,7
2112,16Neu,Neu,Neu,3
2113,2Ery,Ery,Ery,8
2114,5Ery,Ery,Ery,2
2115,14Mo,Mo,Mo,1
2116,15Mo,Mo,Mo,1
2117,9GMP,GMP,GMP,5
2118,9GMP,GMP,GMP,7
2119,14Mo,Mo,Mo,1
2120,2Ery,Ery,Ery,8
2121,4Ery,Ery,Ery,6
2122,5Ery,Ery,Ery,8
2123,4Ery,Ery,Ery,9
2124,3Ery,Ery,Ery,6
2125,16Neu,Neu,Neu,3
2126,2Ery,Ery,Ery,8
2127,16Neu,Neu,Neu,3
2128,2Ery,Ery,Ery,8
2129,13Baso,Baso,Baso,7
2130,2Ery,Ery,Ery,2
2131,6Ery,Ery,Ery,2
2132,6Ery,Ery,Ery,2
2133,14Mo,Mo,Mo,1
2134,2Ery,Ery,Ery,2
2135,2Ery,Ery,Ery,8
2136,8Mk,Mk,Mk,0
2137,8Mk,Mk,Mk,0
2138,14Mo,Mo,Mo,1
2139,14Mo,Mo,Mo,1
2140,1Ery,Ery,Ery,8
2141,4Ery,Ery,Ery,6
2142,7MEP,MEP,MEP,4
2143,16Neu,Neu,Neu,3
2144,16Neu,Neu,Neu,3
2145,14Mo,Mo,Mo,7
2146,3Ery,Ery,Ery,2
2147,2Ery,Ery,Ery,2
2148,16Neu,Neu,Neu,1
2149,17Neu,Neu,Neu,5
2150,6Ery,Ery,Ery,2
2151,2Ery,Ery,Ery,2
2152,14Mo,Mo,Mo,7
2153,16Neu,Neu,Neu,3
2154,7MEP,MEP,MEP,4
2155,2Ery,Ery,Ery,8
2156,3Ery,Ery,Ery,6
2157,2Ery,Ery,Ery,2
2158,6Ery,Ery,Ery,4
2159,6Ery,Ery,Ery,2
2160,6Ery,Ery,Ery,4
2161,10GMP,GMP,GMP,7
2162,12Baso,Baso,Baso,4
2163,12Baso,Baso,Baso,4
2164,4Ery,Ery,Ery,9
2165,2Ery,Ery,Ery,2
2166,4Ery,Ery,Ery,2
2167,2Ery,Ery,Ery,8
2168,14Mo,Mo,Mo,1
2169,3Ery,Ery,Ery,2
2170,6Ery,Ery,Ery,2
2171,3Ery,Ery,Ery,6
2172,10GMP,GMP,GMP,4
2173,2Ery,Ery,Ery,2
2174,14Mo,Mo,Mo,7
2175,16Neu,Neu,Neu,3
2176,18Eos,Eos,Eos,5
2177,13Baso,Baso,Baso,1
2178,6Ery,Ery,Ery,2
2179,14Mo,Mo,Mo,1
2180,13Baso,Baso,Baso,7
2181,2Ery,Ery,Ery,2
2182,2Ery,Ery,Ery,2
2183,5Ery,Ery,Ery,4
2184,10GMP,GMP,GMP,7
2185,5Ery,Ery,Ery,2
2186,14Mo,Mo,Mo,1
2187,13Baso,Baso,Baso,7
2188,14Mo,Mo,Mo,7
2189,16Neu,Neu,Neu,3
2190,2Ery,Ery,Ery,2
2191,10GMP,GMP,GMP,0
2192,4Ery,Ery,Ery,2
2193,16Neu,Neu,Neu,3
2194,6Ery,Ery,Ery,4
2195,15Mo,Mo,Mo,1
2196,14Mo,Mo,Mo,7
2197,12Baso,Baso,Baso,5
2198,7MEP,MEP,MEP,4
2199,10GMP,GMP,GMP,7
2200,15Mo,Mo,Mo,1
2201,3Ery,Ery,Ery,6
2202,15Mo,Mo,Mo,3
2203,3Ery,Ery,Ery,6
2204,9GMP,GMP,GMP,7
2205,2Ery,Ery,Ery,8
2206,7MEP,MEP,MEP,7
2207,3Ery,Ery,Ery,6
2208,13Baso,Baso,Baso,1
2209,16Neu,Neu,Neu,3
2210,13Baso,Baso,Baso,1
2211,2Ery,Ery,Ery,6
2212,15Mo,Mo,Mo,3
2213,7MEP,MEP,MEP,4
2214,6Ery,Ery,Ery,2
2215,5Ery,Ery,Ery,2
2216,13Baso,Baso,Baso,1
2217,10GMP,GMP,GMP,7
2218,9GMP,GMP,GMP,7
2219,13Baso,Baso,Baso,1
2220,13Baso,Baso,Baso,1
2221,12Baso,Baso,Baso,4
2222,5Ery,Ery,Ery,2
2223,13Baso,Baso,Baso,7
2224,15Mo,Mo,Mo,3
2225,14Mo,Mo,Mo,1
2226,10GMP,GMP,GMP,7
2227,15Mo,Mo,Mo,1
2228,4Ery,Ery,Ery,2
2229,5Ery,Ery,Ery,2
2230,8Mk,Mk,Mk,0
2231,13Baso,Baso,Baso,1
2232,7MEP,MEP,MEP,4
2233,14Mo,Mo,Mo,1
2234,14Mo,Mo,Mo,1
2235,2Ery,Ery,Ery,8
2236,6Ery,Ery,Ery,4
2237,2Ery,Ery,Ery,8
2238,13Baso,Baso,Baso,1
2239,7MEP,MEP,MEP,4
2240,16Neu,Neu,Neu,3
2241,14Mo,Mo,Mo,1
2242,3Ery,Ery,Ery,2
2243,16Neu,Neu,Neu,3
2244,19Lymph,Lymph,Lymph,4
2245,10GMP,GMP,GMP,7
2246,12Baso,Baso,Baso,7
2247,10GMP,GMP,GMP,7
2248,13Baso,Baso,Baso,7
2249,1Ery,Ery,Ery,8
2250,16Neu,Neu,Neu,3
2251,6Ery,Ery,Ery,4
2252,14Mo,Mo,Mo,1
2253,2Ery,Ery,Ery,8
2254,14Mo,Mo,Mo,1
2255,10GMP,GMP,GMP,7
2256,14Mo,Mo,Mo,7
2257,16Neu,Neu,Neu,3
2258,9GMP,GMP,GMP,4
2259,3Ery,Ery,Ery,2
2260,3Ery,Ery,Ery,6
2261,14Mo,Mo,Mo,3
2262,2Ery,Ery,Ery,8
2263,12Baso,Baso,Baso,7
2264,9GMP,GMP,GMP,7
2265,1Ery,Ery,Ery,8
2266,3Ery,Ery,Ery,2
2267,5Ery,Ery,Ery,2
2268,2Ery,Ery,Ery,2
2269,8Mk,Mk,Mk,0
2270,2Ery,Ery,Ery,8
2271,16Neu,Neu,Neu,3
2272,5Ery,Ery,Ery,2
2273,10GMP,GMP,GMP,7
2274,13Baso,Baso,Baso,1
2275,16Neu,Neu,Neu,3
2276,14Mo,Mo,Mo,1
2277,2Ery,Ery,Ery,8
2278,5Ery,Ery,Ery,2
2279,15Mo,Mo,Mo,1
2280,7MEP,MEP,MEP,4
2281,15Mo,Mo,Mo,3
2282,5Ery,Ery,Ery,2
2283,6Ery,Ery,Ery,2
2284,5Ery,Ery,Ery,2
2285,2Ery,Ery,Ery,8
2286,3Ery,Ery,Ery,6
2287,15Mo,Mo,Mo,3
2288,7MEP,MEP,MEP,4
2289,3Ery,Ery,Ery,6
2290,15Mo,Mo,Mo,1
2291,16Neu,Neu,Neu,3
2292,6Ery,Ery,Ery,9
2293,7MEP,MEP,MEP,4
2294,6Ery,Ery,Ery,9
2295,6Ery,Ery,Ery,2
2296,10GMP,GMP,GMP,7
2297,4Ery,Ery,Ery,9
2298,13Baso,Baso,Baso,1
2299,14Mo,Mo,Mo,3
2300,13Baso,Baso,Baso,1
2301,3Ery,Ery,Ery,6
2302,6Ery,Ery,Ery,2
2303,8Mk,Mk,Mk,0
2304,14Mo,Mo,Mo,1
2305,2Ery,Ery,Ery,8
2306,9GMP,GMP,GMP,7
2307,6Ery,Ery,Ery,9
2308,15Mo,Mo,Mo,3
2309,13Baso,Baso,Baso,7
2310,3Ery,Ery,Ery,2
2311,16Neu,Neu,Neu,3
2312,2Ery,Ery,Ery,8
2313,9GMP,GMP,GMP,7
2314,14Mo,Mo,Mo,3
2315,3Ery,Ery,Ery,9
2316,14Mo,Mo,Mo,1
2317,14Mo,Mo,Mo,1
2318,16Neu,Neu,Neu,1
2319,14Mo,Mo,Mo,1
2320,9GMP,GMP,GMP,7
2321,3Ery,Ery,Ery,9
2322,13Baso,Baso,Baso,1
2323,10GMP,GMP,GMP,4
2324,14Mo,Mo,Mo,7
2325,3Ery,Ery,Ery,4
2326,6Ery,Ery,Ery,2
2327,14Mo,Mo,Mo,1
2328,4Ery,Ery,Ery,2
2329,3Ery,Ery,Ery,6
2330,2Ery,Ery,Ery,2
2331,2Ery,Ery,Ery,2
2332,14Mo,Mo,Mo,7
2333,2Ery,Ery,Ery,2
2334,8Mk,Mk,Mk,4
2335,10GMP,GMP,GMP,7
2336,10GMP,GMP,GMP,7
2337,14Mo,Mo,Mo,7
2338,10GMP,GMP,GMP,7
2339,16Neu,Neu,Neu,3
2340,10GMP,GMP,GMP,7
2341,10GMP,GMP,GMP,7
2342,13Baso,Baso,Baso,1
2343,16Neu,Neu,Neu,3
2344,2Ery,Ery,Ery,2
2345,16Neu,Neu,Neu,3
2346,2Ery,Ery,Ery,8
2347,14Mo,Mo,Mo,1
2348,11DC,DC,DC,10
2349,14Mo,Mo,Mo,1
2350,11DC,DC,DC,10
2351,14Mo,Mo,Mo,7
2352,13Baso,Baso,Baso,1
2353,2Ery,Ery,Ery,8
2354,2Ery,Ery,Ery,6
2355,16Neu,Neu,Neu,3
2356,2Ery,Ery,Ery,2
2357,2Ery,Ery,Ery,8
2358,14Mo,Mo,Mo,1
2359,5Ery,Ery,Ery,2
2360,2Ery,Ery,Ery,2
2361,7MEP,MEP,MEP,4
2362,9GMP,GMP,GMP,7
2363,2Ery,Ery,Ery,8
2364,10GMP,GMP,GMP,7
2365,7MEP,MEP,MEP,4
2366,6Ery,Ery,Ery,4
2367,15Mo,Mo,Mo,1
2368,5Ery,Ery,Ery,2
2369,5Ery,Ery,Ery,2
2370,15Mo,Mo,Mo,3
2371,14Mo,Mo,Mo,7
2372,8Mk,Mk,Mk,0
2373,14Mo,Mo,Mo,1
2374,15Mo,Mo,Mo,3
2375,4Ery,Ery,Ery,2
2376,14Mo,Mo,Mo,1
2377,13Baso,Baso,Baso,7
2378,6Ery,Ery,Ery,4
2379,4Ery,Ery,Ery,6
2380,13Baso,Baso,Baso,1
2381,4Ery,Ery,Ery,2
2382,9GMP,GMP,GMP,7
2383,3Ery,Ery,Ery,6
2384,8Mk,Mk,Mk,0
2385,8Mk,Mk,Mk,0
2386,15Mo,Mo,Mo,3
2387,2Ery,Ery,Ery,8
2388,12Baso,Baso,Baso,5
2389,3Ery,Ery,Ery,9
2390,15Mo,Mo,Mo,3
2391,15Mo,Mo,Mo,3
2392,9GMP,GMP,GMP,7
2393,3Ery,Ery,Ery,6
2394,10GMP,GMP,GMP,7
2395,15Mo,Mo,Mo,3
2396,16Neu,Neu,Neu,3
2397,4Ery,Ery,Ery,9
2398,3Ery,Ery,Ery,9
2399,14Mo,Mo,Mo,1
2400,3Ery,Ery,Ery,9
2401,16Neu,Neu,Neu,3
2402,6Ery,Ery,Ery,2
2403,5Ery,Ery,Ery,2
2404,13Baso,Baso,Baso,1
2405,13Baso,Baso,Baso,1
2406,11DC,DC,DC,10
2407,13Baso,Baso,Baso,1
2408,8Mk,Mk,Mk,0
2409,2Ery,Ery,Ery,8
2410,13Baso,Baso,Baso,1
2411,13Baso,Baso,Baso,1
2412,8Mk,Mk,Mk,0
2413,8Mk,Mk,Mk,0
2414,15Mo,Mo,Mo,3
2415,14Mo,Mo,Mo,1
2416,14Mo,Mo,Mo,3
2417,19Lymph,Lymph,Lymph,1
2418,6Ery,Ery,Ery,4
2419,5Ery,Ery,Ery,2
2420,15Mo,Mo,Mo,5
2421,7MEP,MEP,MEP,9
2422,15Mo,Mo,Mo,3
2423,15Mo,Mo,Mo,3
2424,6Ery,Ery,Ery,9
2425,12Baso,Baso,Baso,7
2426,2Ery,Ery,Ery,8
2427,13Baso,Baso,Baso,1
2428,3Ery,Ery,Ery,2
2429,4Ery,Ery,Ery,6
2430,14Mo,Mo,Mo,5
2431,10GMP,GMP,GMP,7
2432,16Neu,Neu,Neu,3
2433,15Mo,Mo,Mo,3
2434,6Ery,Ery,Ery,4
2435,13Baso,Baso,Baso,1
2436,19Lymph,Lymph,Lymph,1
2437,15Mo,Mo,Mo,3
2438,6Ery,Ery,Ery,4
2439,2Ery,Ery,Ery,8
2440,15Mo,Mo,Mo,3
2441,3Ery,Ery,Ery,6
2442,13Baso,Baso,Baso,7
2443,6Ery,Ery,Ery,4
2444,13Baso,Baso,Baso,1
2445,9GMP,GMP,GMP,7
2446,10GMP,GMP,GMP,7
2447,10GMP,GMP,GMP,7
2448,14Mo,Mo,Mo,1
2449,2Ery,Ery,Ery,8
2450,6Ery,Ery,Ery,4
2451,10GMP,GMP,GMP,7
2452,7MEP,MEP,MEP,4
2453,6Ery,Ery,Ery,4
2454,14Mo,Mo,Mo,1
2455,2Ery,Ery,Ery,6
2456,2Ery,Ery,Ery,6
2457,7MEP,MEP,MEP,4
2458,5Ery,Ery,Ery,9
2459,13Baso,Baso,Baso,1
2460,13Baso,Baso,Baso,1
2461,14Mo,Mo,Mo,1
2462,3Ery,Ery,Ery,6
2463,13Baso,Baso,Baso,1
2464,4Ery,Ery,Ery,9
2465,3Ery,Ery,Ery,6
2466,2Ery,Ery,Ery,8
2467,15Mo,Mo,Mo,3
2468,7MEP,MEP,MEP,4
2469,1Ery,Ery,Ery,8
2470,15Mo,Mo,Mo,3
2471,2Ery,Ery,Ery,8
2472,13Baso,Baso,Baso,7
2473,8Mk,Mk,Mk,0
2474,9GMP,GMP,GMP,7
2475,19Lymph,Lymph,Lymph,1
2476,11DC,DC,DC,10
2477,8Mk,Mk,Mk,0
2478,17Neu,Neu,Neu,5
2479,13Baso,Baso,Baso,7
2480,13Baso,Baso,Baso,7
2481,13Baso,Baso,Baso,5
2482,3Ery,Ery,Ery,6
2483,12Baso,Baso,Baso,4
2484,16Neu,Neu,Neu,3
2485,10GMP,GMP,GMP,7
2486,15Mo,Mo,Mo,3
2487,7MEP,MEP,MEP,4
2488,13Baso,Baso,Baso,3
2489,13Baso,Baso,Baso,1
2490,14Mo,Mo,Mo,3
2491,16Neu,Neu,Neu,3
2492,3Ery,Ery,Ery,9
2493,7MEP,MEP,MEP,4
2494,13Baso,Baso,Baso,1
2495,13Baso,Baso,Baso,1
2496,3Ery,Ery,Ery,9
2497,1Ery,Ery,Ery,8
2498,14Mo,Mo,Mo,1
2499,15Mo,Mo,Mo,3
2500,10GMP,GMP,GMP,7
2501,15Mo,Mo,Mo,1
2502,4Ery,Ery,Ery,6
2503,9GMP,GMP,GMP,5
2504,14Mo,Mo,Mo,3
2505,9GMP,GMP,GMP,7
2506,13Baso,Baso,Baso,7
2507,10GMP,GMP,GMP,7
2508,9GMP,GMP,GMP,7
2509,5Ery,Ery,Ery,2
2510,2Ery,Ery,Ery,8
2511,7MEP,MEP,MEP,4
2512,13Baso,Baso,Baso,1
2513,6Ery,Ery,Ery,4
2514,7MEP,MEP,MEP,4
2515,10GMP,GMP,GMP,7
2516,7MEP,MEP,MEP,4
2517,10GMP,GMP,GMP,7
2518,3Ery,Ery,Ery,2
2519,5Ery,Ery,Ery,6
2520,10GMP,GMP,GMP,4
2521,6Ery,Ery,Ery,4
2522,19Lymph,Lymph,Lymph,1
2523,8Mk,Mk,Mk,0
2524,4Ery,Ery,Ery,9
2525,14Mo,Mo,Mo,1
2526,16Neu,Neu,Neu,3
2527,14Mo,Mo,Mo,1
2528,10GMP,GMP,GMP,7
2529,10GMP,GMP,GMP,7
2530,13Baso,Baso,Baso,1
2531,7MEP,MEP,MEP,4
2532,15Mo,Mo,Mo,3
2533,10GMP,GMP,GMP,7
2534,15Mo,Mo,Mo,3
2535,15Mo,Mo,Mo,3
2536,14Mo,Mo,Mo,3
2537,5Ery,Ery,Ery,9
2538,13Baso,Baso,Baso,1
2539,9GMP,GMP,GMP,7
2540,7MEP,MEP,MEP,4
2541,14Mo,Mo,Mo,3
2542,6Ery,Ery,Ery,2
2543,2Ery,Ery,Ery,8
2544,8Mk,Mk,Mk,0
2545,7MEP,MEP,MEP,4
2546,5Ery,Ery,Ery,9
2547,7MEP,MEP,MEP,4
2548,13Baso,Baso,Baso,1
2549,7MEP,MEP,MEP,4
2550,5Ery,Ery,Ery,9
2551,8Mk,Mk,Mk,0
2552,2Ery,Ery,Ery,8
2553,2Ery,Ery,Ery,6
2554,4Ery,Ery,Ery,6
2555,14Mo,Mo,Mo,1
2556,15Mo,Mo,Mo,3
2557,13Baso,Baso,Baso,1
2558,3Ery,Ery,Ery,6
2559,2Ery,Ery,Ery,6
2560,5Ery,Ery,Ery,4
2561,13Baso,Baso,Baso,7
2562,3Ery,Ery,Ery,2
2563,6Ery,Ery,Ery,4
2564,8Mk,Mk,Mk,0
2565,6Ery,Ery,Ery,4
2566,15Mo,Mo,Mo,3
2567,2Ery,Ery,Ery,6
2568,5Ery,Ery,Ery,2
2569,6Ery,Ery,Ery,4
2570,9GMP,GMP,GMP,7
2571,8Mk,Mk,Mk,0
2572,15Mo,Mo,Mo,3
2573,13Baso,Baso,Baso,1
2574,10GMP,GMP,GMP,7
2575,15Mo,Mo,Mo,3
2576,15Mo,Mo,Mo,3
2577,2Ery,Ery,Ery,8
2578,13Baso,Baso,Baso,1
2579,14Mo,Mo,Mo,1
2580,9GMP,GMP,GMP,0
2581,2Ery,Ery,Ery,6
2582,3Ery,Ery,Ery,9
2583,17Neu,Neu,Neu,5
2584,16Neu,Neu,Neu,3
2585,13Baso,Baso,Baso,1
2586,6Ery,Ery,Ery,2
2587,13Baso,Baso,Baso,1
2588,10GMP,GMP,GMP,7
2589,13Baso,Baso,Baso,1
2590,13Baso,Baso,Baso,1
2591,2Ery,Ery,Ery,2
2592,6Ery,Ery,Ery,4
2593,15Mo,Mo,Mo,3
2594,14Mo,Mo,Mo,3
2595,14Mo,Mo,Mo,1
2596,13Baso,Baso,Baso,7
2597,14Mo,Mo,Mo,1
2598,6Ery,Ery,Ery,4
2599,13Baso,Baso,Baso,1
2600,17Neu,Neu,Neu,7
2601,2Ery,Ery,Ery,2
2602,6Ery,Ery,Ery,4
2603,7MEP,MEP,MEP,4
2604,10GMP,GMP,GMP,7
2605,10GMP,GMP,GMP,7
2606,6Ery,Ery,Ery,4
2607,15Mo,Mo,Mo,3
2608,15Mo,Mo,Mo,3
2609,6Ery,Ery,Ery,4
2610,4Ery,Ery,Ery,9
2611,8Mk,Mk,Mk,0
2612,6Ery,Ery,Ery,4
2613,13Baso,Baso,Baso,1
2614,13Baso,Baso,Baso,7
2615,5Ery,Ery,Ery,2
2616,10GMP,GMP,GMP,7
2617,10GMP,GMP,GMP,4
2618,10GMP,GMP,GMP,7
2619,2Ery,Ery,Ery,2
2620,11DC,DC,DC,10
2621,16Neu,Neu,Neu,3
2622,14Mo,Mo,Mo,3
2623,5Ery,Ery,Ery,2
2624,10GMP,GMP,GMP,7
2625,6Ery,Ery,Ery,9
2626,2Ery,Ery,Ery,6
2627,10GMP,GMP,GMP,1
2628,15Mo,Mo,Mo,3
2629,16Neu,Neu,Neu,3
2630,6Ery,Ery,Ery,4
2631,19Lymph,Lymph,Lymph,1
2632,10GMP,GMP,GMP,7
2633,15Mo,Mo,Mo,3
2634,13Baso,Baso,Baso,1
2635,5Ery,Ery,Ery,2
2636,7MEP,MEP,MEP,4
2637,4Ery,Ery,Ery,9
2638,7MEP,MEP,MEP,4
2639,3Ery,Ery,Ery,9
2640,19Lymph,Lymph,Lymph,1
2641,13Baso,Baso,Baso,1
2642,13Baso,Baso,Baso,1
2643,13Baso,Baso,Baso,7
2644,3Ery,Ery,Ery,8
2645,1Ery,Ery,Ery,6
2646,15Mo,Mo,Mo,1
2647,8Mk,Mk,Mk,4
2648,7MEP,MEP,MEP,4
2649,7MEP,MEP,MEP,4
2650,13Baso,Baso,Baso,7
2651,13Baso,Baso,Baso,1
2652,5Ery,Ery,Ery,2
2653,6Ery,Ery,Ery,4
2654,15Mo,Mo,Mo,3
2655,13Baso,Baso,Baso,1
2656,14Mo,Mo,Mo,1
2657,10GMP,GMP,GMP,4
2658,13Baso,Baso,Baso,7
2659,7MEP,MEP,MEP,4
2660,15Mo,Mo,Mo,3
2661,8Mk,Mk,Mk,0
2662,9GMP,GMP,GMP,7
2663,4Ery,Ery,Ery,2
2664,17Neu,Neu,Neu,7
2665,2Ery,Ery,Ery,8
2666,14Mo,Mo,Mo,1
2667,15Mo,Mo,Mo,3
2668,14Mo,Mo,Mo,3
2669,6Ery,Ery,Ery,9
2670,6Ery,Ery,Ery,4
2671,10GMP,GMP,GMP,7
2672,6Ery,Ery,Ery,4
2673,13Baso,Baso,Baso,1
2674,6Ery,Ery,Ery,4
2675,12Baso,Baso,Baso,5
2676,3Ery,Ery,Ery,6
2677,13Baso,Baso,Baso,1
2678,13Baso,Baso,Baso,1
2679,16Neu,Neu,Neu,3
2680,10GMP,GMP,GMP,7
2681,16Neu,Neu,Neu,3
2682,13Baso,Baso,Baso,1
2683,5Ery,Ery,Ery,9
2684,2Ery,Ery,Ery,6
2685,9GMP,GMP,GMP,7
2686,16Neu,Neu,Neu,3
2687,8Mk,Mk,Mk,4
2688,11DC,DC,DC,10
2689,13Baso,Baso,Baso,7
2690,10GMP,GMP,GMP,7
2691,5Ery,Ery,Ery,2
2692,15Mo,Mo,Mo,3
2693,13Baso,Baso,Baso,1
2694,9GMP,GMP,GMP,7
2695,14Mo,Mo,Mo,3
2696,13Baso,Baso,Baso,7
2697,14Mo,Mo,Mo,1
2698,15Mo,Mo,Mo,3
2699,15Mo,Mo,Mo,3
2700,10GMP,GMP,GMP,7
2701,15Mo,Mo,Mo,3
2702,16Neu,Neu,Neu,3
2703,6Ery,Ery,Ery,4
2704,2Ery,Ery,Ery,9
2705,13Baso,Baso,Baso,1
2706,5Ery,Ery,Ery,4
2707,7MEP,MEP,MEP,4
2708,19Lymph,Lymph,Lymph,1
2709,6Ery,Ery,Ery,4
2710,13Baso,Baso,Baso,1
2711,2Ery,Ery,Ery,8
2712,11DC,DC,DC,10
2713,7MEP,MEP,MEP,4
2714,13Baso,Baso,Baso,7
2715,2Ery,Ery,Ery,2
2716,14Mo,Mo,Mo,1
2717,13Baso,Baso,Baso,1
2718,8Mk,Mk,Mk,0
2719,13Baso,Baso,Baso,3
2720,7MEP,MEP,MEP,4
2721,10GMP,GMP,GMP,7
2722,10GMP,GMP,GMP,7
2723,14Mo,Mo,Mo,3
2724,16Neu,Neu,Neu,3
2725,2Ery,Ery,Ery,2
2726,13Baso,Baso,Baso,1
2727,7MEP,MEP,MEP,4
2728,15Mo,Mo,Mo,3
2729,3Ery,Ery,Ery,6
